[10:20:33] [main/INFO]: Loading tweak class name net.minecraftforge.fml.common.launcher.FMLTweaker
[10:20:33] [main/INFO]: Using primary tweak class name net.minecraftforge.fml.common.launcher.FMLTweaker
[10:20:33] [main/INFO]: Calling tweak class net.minecraftforge.fml.common.launcher.FMLTweaker
[10:20:33] [main/INFO]: Forge Mod Loader version 12.18.3.2511 for Minecraft 1.10.2 loading
[10:20:33] [main/INFO]: Java is Java HotSpot(TM) 64-Bit Server VM, version 1.8.0_51, running on Windows 10:amd64:10.0, installed at D:\Legacy Launcher\Minecraft\jre\jre-legacy\windows-x64\jre-legacy
[10:20:33] [main/WARN]: The coremod aroma1997.core.coremod.CoreMod does not have a MCVersion annotation, it may cause issues with this version of Minecraft
[10:20:33] [main/INFO]: Loading tweaker guichaguri.betterfps.tweaker.BetterFpsTweaker from BetterFps-1.4.5-1.10.jar
[10:20:33] [main/WARN]: The coremod lumien.bloodmoon.asm.LoadingPlugin does not have a MCVersion annotation, it may cause issues with this version of Minecraft
[10:20:33] [main/WARN]: The coremod com.tterrag.blur.BlurPlugin does not have a MCVersion annotation, it may cause issues with this version of Minecraft
[10:20:33] [main/WARN]: The coremod codechicken.lib.asm.CCLCorePlugin does not have a MCVersion annotation, it may cause issues with this version of Minecraft
[10:20:33] [main/WARN]: The coremod cofh.asm.LoadingPlugin does not have a MCVersion annotation, it may cause issues with this version of Minecraft
[10:20:33] [main/WARN]: The coremod team.chisel.ctm.client.asm.CTMCorePlugin does not have a MCVersion annotation, it may cause issues with this version of Minecraft
[10:20:33] [main/WARN]: The coremod pl.asie.foamfix.coremod.FoamFixCore does not have a MCVersion annotation, it may cause issues with this version of Minecraft
[10:20:34] [main/WARN]: The coremod ic2.core.coremod.IC2core does not have a MCVersion annotation, it may cause issues with this version of Minecraft
[10:20:34] [main/WARN]: The coremod invtweaks.forge.asm.FMLPlugin does not have a MCVersion annotation, it may cause issues with this version of Minecraft
[10:20:34] [main/WARN]: The coremod lumien.perfectspawn.asm.PSLoadingPlugin does not have a MCVersion annotation, it may cause issues with this version of Minecraft
[10:20:34] [main/WARN]: The coremod vazkii.quark.base.asm.LoadingPlugin does not have a MCVersion annotation, it may cause issues with this version of Minecraft
[10:20:34] [main/WARN]: The coremod lumien.randomthings.asm.LoadingPlugin does not have a MCVersion annotation, it may cause issues with this version of Minecraft
[10:20:34] [main/WARN]: The coremod lumien.resourceloader.asm.LoadingPlugin does not have a MCVersion annotation, it may cause issues with this version of Minecraft
[10:20:34] [main/WARN]: The coremod toughasnails.asm.TANLoadingPlugin does not have a MCVersion annotation, it may cause issues with this version of Minecraft
[10:20:34] [main/INFO]: Loading tweak class name net.minecraftforge.fml.common.launcher.FMLInjectionAndSortingTweaker
[10:20:34] [main/INFO]: Loading tweak class name guichaguri.betterfps.tweaker.BetterFpsTweaker
[10:20:34] [main/INFO]: Loading tweak class name net.minecraftforge.fml.common.launcher.FMLDeobfTweaker
[10:20:34] [main/INFO]: Calling tweak class net.minecraftforge.fml.common.launcher.FMLInjectionAndSortingTweaker
[10:20:34] [main/INFO]: Calling tweak class net.minecraftforge.fml.common.launcher.FMLInjectionAndSortingTweaker
[10:20:34] [main/INFO]: Calling tweak class net.minecraftforge.fml.relauncher.CoreModManager$FMLPluginWrapper
[10:20:35] [main/INFO]: Found valid fingerprint for Minecraft Forge. Certificate fingerprint e3c3d50c7c986df74c645c0ac54639741c90a557
[10:20:35] [main/INFO]: Found valid fingerprint for Minecraft. Certificate fingerprint cd99959656f753dc28d863b46769f7f8fbaefcfc
[10:20:35] [main/INFO]: Calling tweak class net.minecraftforge.fml.relauncher.CoreModManager$FMLPluginWrapper
[10:20:35] [main/INFO]: Calling tweak class net.minecraftforge.fml.relauncher.CoreModManager$FMLPluginWrapper
[10:20:35] [main/INFO]: Calling tweak class net.minecraftforge.fml.relauncher.CoreModManager$FMLPluginWrapper
[10:20:35] [main/INFO]: Calling tweak class net.minecraftforge.fml.relauncher.CoreModManager$FMLPluginWrapper
[10:20:35] [main/INFO]: Finished data injection.
[10:20:35] [main/INFO]: Finished data injection.
[10:20:35] [main/INFO]: Calling tweak class net.minecraftforge.fml.relauncher.CoreModManager$FMLPluginWrapper
[10:20:35] [main/INFO]: Calling tweak class net.minecraftforge.fml.relauncher.CoreModManager$FMLPluginWrapper
[10:20:35] [main/INFO]: Calling tweak class net.minecraftforge.fml.relauncher.CoreModManager$FMLPluginWrapper
[10:20:35] [main/INFO]: Loaded library EJML-core-0.26.jar.
[10:20:35] [main/INFO]: Calling tweak class net.minecraftforge.fml.relauncher.CoreModManager$FMLPluginWrapper
[10:20:35] [main/INFO]: Calling tweak class net.minecraftforge.fml.relauncher.CoreModManager$FMLPluginWrapper
[10:20:35] [main/INFO]: Calling tweak class net.minecraftforge.fml.relauncher.CoreModManager$FMLPluginWrapper
[10:20:35] [main/INFO]: Calling tweak class net.minecraftforge.fml.relauncher.CoreModManager$FMLPluginWrapper
[10:20:35] [main/INFO]: Calling tweak class guichaguri.betterfps.tweaker.BetterFpsTweaker
[10:20:35] [main/INFO]: Calling tweak class net.minecraftforge.fml.common.launcher.FMLDeobfTweaker
[10:20:35] [main/ERROR]: A critical problem occurred registering the ASM transformer class 
java.lang.ClassNotFoundException: 
	at net.minecraft.launchwrapper.LaunchClassLoader.findClass(LaunchClassLoader.java:191) ~[launchwrapper-1.12.jar:?]
	at java.lang.ClassLoader.loadClass(ClassLoader.java:424) ~[?:1.8.0_51]
	at java.lang.ClassLoader.loadClass(ClassLoader.java:357) ~[?:1.8.0_51]
	at net.minecraft.launchwrapper.LaunchClassLoader.registerTransformer(LaunchClassLoader.java:88) [launchwrapper-1.12.jar:?]
	at net.minecraftforge.fml.common.launcher.FMLDeobfTweaker.injectIntoClassLoader(FMLDeobfTweaker.java:46) [forge-1.10.2-12.18.3.2511.jar:?]
	at net.minecraft.launchwrapper.Launch.launch(Launch.java:115) [launchwrapper-1.12.jar:?]
	at net.minecraft.launchwrapper.Launch.main(Launch.java:28) [launchwrapper-1.12.jar:?]
Caused by: java.lang.NullPointerException
	at net.minecraft.launchwrapper.LaunchClassLoader.findClass(LaunchClassLoader.java:182) ~[launchwrapper-1.12.jar:?]
	... 6 more
[10:20:36] [main/INFO]: Calling tweak class net.minecraftforge.fml.relauncher.CoreModManager$FMLPluginWrapper
[10:20:36] [main/INFO]: Calling tweak class net.minecraftforge.fml.relauncher.CoreModManager$FMLPluginWrapper
[10:20:36] [main/INFO]: Calling tweak class net.minecraftforge.fml.relauncher.CoreModManager$FMLPluginWrapper
[10:20:36] [main/INFO]: Calling tweak class net.minecraftforge.fml.relauncher.CoreModManager$FMLPluginWrapper
[10:20:36] [main/INFO]: Calling tweak class net.minecraftforge.fml.relauncher.CoreModManager$FMLPluginWrapper
[10:20:36] [main/INFO]: Calling tweak class net.minecraftforge.fml.relauncher.CoreModManager$FMLPluginWrapper
[10:20:36] [main/INFO]: Calling tweak class net.minecraftforge.fml.relauncher.CoreModManager$FMLPluginWrapper
[10:20:36] [main/INFO]: Calling tweak class net.minecraftforge.fml.relauncher.CoreModManager$FMLPluginWrapper
[10:20:36] [main/INFO]: Calling tweak class net.minecraftforge.fml.relauncher.CoreModManager$FMLPluginWrapper
[10:20:36] [main/INFO]: Calling tweak class net.minecraftforge.fml.relauncher.CoreModManager$FMLPluginWrapper
[10:20:36] [main/INFO]: Calling tweak class net.minecraftforge.fml.relauncher.CoreModManager$FMLPluginWrapper
[10:20:36] [main/INFO]: Calling tweak class net.minecraftforge.fml.relauncher.CoreModManager$FMLPluginWrapper
[10:20:36] [main/INFO]: Calling tweak class net.minecraftforge.fml.relauncher.CoreModManager$FMLPluginWrapper
[10:20:36] [main/INFO]: Loading tweak class name net.minecraftforge.fml.common.launcher.TerminalTweaker
[10:20:36] [main/INFO]: Calling tweak class net.minecraftforge.fml.common.launcher.TerminalTweaker
[10:20:36] [main/INFO]: Launching wrapped minecraft {net.minecraft.client.main.Main}
[10:20:36] [main/INFO]: Patching net.minecraft.client.Minecraft... (bcx)
[10:20:36] [main/ERROR]: Unexpected hash 940ef9f3d5f6e52a642da9818c16d882 detected for class World. Crashes or bugs may occur!
[10:20:36] [main/INFO]: [pl.asie.foamfix.coremod.patches.ClassGetSimpleNamePatch$FFMethodVisitor:visitMethodInsn:77]: Replaced getSimpleName with getName
[10:20:36] [main/INFO]: [pl.asie.foamfix.coremod.FoamFixTransformer:spliceClasses:143]: Added METHOD: net.minecraft.world.World.func_191504_a
[10:20:36] [main/INFO]: [com.tterrag.blur.BlurTransformer:transform:30]: Transforming Class [net.minecraft.client.gui.GuiScreen], Method [drawWorldBackground]
[10:20:36] [main/INFO]: [com.tterrag.blur.BlurTransformer:transform:52]: Modifying GUI background darkness... 
[10:20:36] [main/INFO]: [com.tterrag.blur.BlurTransformer:transform:72]: Transforming net.minecraft.client.gui.GuiScreen Finished.
[10:20:37] [main/INFO]: Transforming net.minecraft.entity.player.EntityPlayer finished, added func_184613_cA() overriding EntityLivingBase
[10:20:37] [main/INFO]: Patching net.minecraft.client.entity.EntityPlayerSP... (bnn)
[10:20:37] [Client thread/INFO]: Environment: ElyEnvironment[name=ely,authHost=https://authserver.ely.by/auth,accountsHost=https://account.ely.by/api/mojang,sessionHost=https://account.ely.by/api/minecraft/session,servicesHost=<null>]
[10:20:37] [Client thread/INFO]: Setting user: Jidz
[10:20:37] [Client thread/INFO]: Patching net.minecraft.block.Block... (akf)
[10:20:37] [Client thread/INFO]: [team.chisel.ctm.client.asm.CTMTransformer:transform:49]: Transforming Class [net.minecraft.block.Block], Method [getExtendedState]
[10:20:37] [Client thread/INFO]: [team.chisel.ctm.client.asm.CTMTransformer:transform:104]: Transforming net.minecraft.block.Block Finished.
[10:20:38] [Client thread/INFO]: [Quark ASM] Transforming BlockPistonBase
[10:20:38] [Client thread/INFO]: [Quark ASM] Applying Transformation to method (Names [doMove, func_176319_a, a] Descriptor (Lnet/minecraft/world/World;Lnet/minecraft/util/math/BlockPos;Lnet/minecraft/util/EnumFacing;Z)Z / (Laid;Lcm;Lct;Z)Z)
[10:20:38] [Client thread/INFO]: [Quark ASM] Located Method, patching...
[10:20:38] [Client thread/INFO]: [Quark ASM] Patching org.objectweb.asm.tree.MethodNode@35adf623 in node org.objectweb.asm.tree.VarInsnNode@456f7d9e
[10:20:38] [Client thread/INFO]: [Quark ASM] Patch result: true
[10:20:38] [Client thread/INFO]: Patching net.minecraft.block.BlockHopper... (ams)
[10:20:38] [Client thread/INFO]: Patching math utils with "RIVENS_HALF" algorithm
[10:20:38] [Client thread/INFO]: [pl.asie.foamfix.coremod.FoamFixTransformer:spliceClasses:133]: Spliced in METHOD: net.minecraft.block.state.BlockStateContainer.createState
[10:20:38] [Client thread/INFO]: [pl.asie.foamfix.coremod.FoamFixTransformer:spliceClasses:133]: Spliced in METHOD: net.minecraft.block.properties.PropertyEnum.hashCode
[10:20:38] [Client thread/INFO]: [pl.asie.foamfix.coremod.FoamFixTransformer:spliceClasses:166]: Added FIELD: net.minecraft.block.properties.PropertyEnum.foamfix_hashCode
[10:20:38] [Client thread/INFO]: [pl.asie.foamfix.coremod.FoamFixTransformer:spliceClasses:166]: Added FIELD: net.minecraft.block.properties.PropertyEnum.foamfix_hashCode_calced
[10:20:38] [Client thread/INFO]: [pl.asie.foamfix.coremod.FoamFixTransformer:spliceClasses:133]: Spliced in METHOD: net.minecraft.block.properties.PropertyInteger.hashCode
[10:20:38] [Client thread/INFO]: [pl.asie.foamfix.coremod.FoamFixTransformer:spliceClasses:166]: Added FIELD: net.minecraft.block.properties.PropertyInteger.foamfix_hashCode
[10:20:38] [Client thread/INFO]: [pl.asie.foamfix.coremod.FoamFixTransformer:spliceClasses:166]: Added FIELD: net.minecraft.block.properties.PropertyInteger.foamfix_hashCode_calced
[10:20:38] [Client thread/INFO]: [pl.asie.foamfix.coremod.FoamFixTransformer:spliceClasses:133]: Spliced in METHOD: net.minecraft.block.properties.PropertyBool.equals
[10:20:38] [Client thread/INFO]: [pl.asie.foamfix.coremod.FoamFixTransformer:spliceClasses:133]: Spliced in METHOD: net.minecraft.block.properties.PropertyBool.hashCode
[10:20:38] [Client thread/ERROR]: Unexpected hash 20f2d689046ef2bce53aff9618487c56 detected for class BlockCrops. Crashes or bugs may occur!
[10:20:38] [Client thread/INFO]: Patching net.minecraft.tileentity.TileEntityBeacon... (aqj)
[10:20:39] [Client thread/INFO]: Patching net.minecraft.tileentity.TileEntityHopper... (aqx)
[10:20:39] [Client thread/INFO]: [Quark ASM] Transforming EntityBoat
[10:20:39] [Client thread/INFO]: [Quark ASM] Applying Transformation to method (Names [attackEntityFrom, func_76986_a, a] Descriptor (Lnet/minecraft/util/DamageSource;F)Z / (Lrh;F)Z)
[10:20:39] [Client thread/INFO]: [Quark ASM] Located Method, patching...
[10:20:39] [Client thread/INFO]: [Quark ASM] Patch result: true
[10:20:40] [Client thread/INFO]: Transforming Class [net.minecraft.entity.ai.EntityAICreeperSwell], Method [func_75246_d]
[10:20:40] [Client thread/INFO]: Transforming net.minecraft.entity.ai.EntityAICreeperSwell Finished.
[10:20:40] [Client thread/INFO]: Transforming Class [net.minecraft.inventory.ContainerFurnace], Method [func_82846_b]
[10:20:40] [Client thread/INFO]: Transforming net.minecraft.inventory.ContainerFurnace Finished.
[10:20:40] [Client thread/INFO]: LWJGL Version: 2.9.4
[10:20:40] [BetterFps Update Checker/WARN]: Could not check for updates: widget.mcf.li
[10:20:41] [Client thread/INFO]: [net.minecraftforge.fml.client.SplashProgress:start:223]: ---- Minecraft Crash Report ----

WARNING: coremods are present:
  BookshelfLoadingPlugin (Bookshelf-1.10.2-1.4.4.347.jar)
  CoreMod (Aroma1997Core-1.9.4-1.1.1.2.jar)
  CoFH Loading Plugin (CoFHCore-1.10.2-4.1.12.17-universal.jar)
  FMLPlugin (InventoryTweaks-1.62-dev-66.jar)
  LoadingPlugin (RandomThings-MC1.10.2-3.7.7.1.jar)
  LoadingPlugin (ResourceLoader-MC1.9.4-1.5.1.jar)
  AppEngLoadingPlugin (appliedenergistics2-rv4-stable-1.jar)
  Brandon's Core (BrandonsCore-1.10.2-2.1.14.137-universal.jar)
  IC2core (industrialcraft-2-2.6.252-ex110.jar)
  EnderCorePlugin (EnderCore-1.10.2-0.4.1.67-beta.jar)
  TANLoadingPlugin (ToughAsNails-1.9.4-1.1.1.66-universal.jar)
  LoadingPlugin (Bloodmoon-MC1.10.2-1.5.1.jar)
  RefinedFixerLoadingPlugin (ImmersiveCables-1.10.2-1.2.1.jar)
  CCLCorePlugin (CodeChickenLib-1.10.2-2.5.9.320-universal.jar)
  Default Options (DefaultOptions_1.10.2-6.1.5.jar)
  BlurPlugin (Blur-1.0.4-14.jar)
  CTMCorePlugin (CTM-MC1.10.2-0.3.2.35.jar)
  LoadingPlugin (Quark-r1.1-70.jar)
  Do not report to Forge! Remove FoamFixAPI (or replace with FoamFixAPI-Lawful) and try again. (foamfix-0.7.5.jar)
  RebornCoreASM (RebornCore-1.10.2-2.13.6.142-universal.jar)
  AdvancedRocketryPlugin (AdvancedRocketry-1.10.2-1.4.0-10.jar)
  PSLoadingPlugin (PerfectSpawn-MC1.10.2-1.4.jar)
  AppleCore (AppleCore-mc1.10.2-3.1.4.jar)
Contact their authors BEFORE contacting forge

// My bad.

Time: 8/12/26 10:20 AM
Description: Loading screen debug info

This is just a prompt for computer specs to be printed. THIS IS NOT A ERROR


A detailed walkthrough of the error, its code path and all known details is as follows:
---------------------------------------------------------------------------------------

-- System Details --
Details:
	Minecraft Version: 1.10.2
	Operating System: Windows 10 (amd64) version 10.0
	Java Version: 1.8.0_51, Oracle Corporation
	Java VM Version: Java HotSpot(TM) 64-Bit Server VM (mixed mode), Oracle Corporation
	Memory: 306588592 bytes (292 MB) / 620756992 bytes (592 MB) up to 2147483648 bytes (2048 MB)
	JVM Flags: 22 total; -Xms588M -XX:+UnlockExperimentalVMOptions -XX:+DisableExplicitGC -XX:MaxGCPauseMillis=50 -XX:+AlwaysPreTouch -XX:+ParallelRefProcEnabled -XX:+UseG1GC -XX:G1NewSizePercent=20 -XX:G1MaxNewSizePercent=40 -XX:G1HeapRegionSize=8M -XX:G1ReservePercent=20 -XX:InitiatingHeapOccupancyPercent=15 -XX:G1HeapWastePercent=5 -XX:G1MixedGCCountTarget=4 -XX:G1MixedGCLiveThresholdPercent=90 -XX:G1RSetUpdatingPauseTimePercent=5 -XX:+UseStringDeduplication -XX:MaxTenuringThreshold=1 -XX:SurvivorRatio=32 -Xmx2048M -XX:HeapDumpPath=MojangTricksIntelDriversForPerformance_javaw.exe_minecraft.exe.heapdump -Xss2M
	IntCache: cache: 0, tcache: 0, allocated: 0, tallocated: 0
	FML: 
	Loaded coremods (and transformers): 
BookshelfLoadingPlugin (Bookshelf-1.10.2-1.4.4.347.jar)
  net.darkhax.bookshelf.asm.BookshelfTransformerManager
CoreMod (Aroma1997Core-1.9.4-1.1.1.2.jar)
  
CoFH Loading Plugin (CoFHCore-1.10.2-4.1.12.17-universal.jar)
  cofh.asm.CoFHClassTransformer
  cofh.asm.repack.codechicken.lib.asm.ClassHierarchyManager
FMLPlugin (InventoryTweaks-1.62-dev-66.jar)
  invtweaks.forge.asm.ContainerTransformer
LoadingPlugin (RandomThings-MC1.10.2-3.7.7.1.jar)
  lumien.randomthings.asm.ClassTransformer
LoadingPlugin (ResourceLoader-MC1.9.4-1.5.1.jar)
  lumien.resourceloader.asm.ClassTransformer
AppEngLoadingPlugin (appliedenergistics2-rv4-stable-1.jar)
  appeng.coremod.transformer.IntegrationTransformer
Brandon's Core (BrandonsCore-1.10.2-2.1.14.137-universal.jar)
  com.brandon3055.brandonscore.asm.ClassTransformer
IC2core (industrialcraft-2-2.6.252-ex110.jar)
  
EnderCorePlugin (EnderCore-1.10.2-0.4.1.67-beta.jar)
  com.enderio.core.common.transform.EnderCoreTransformer
TANLoadingPlugin (ToughAsNails-1.9.4-1.1.1.66-universal.jar)
  toughasnails.asm.transformer.BlockCropsTransformer
  toughasnails.asm.transformer.EntityRendererTransformer
  toughasnails.asm.transformer.WorldTransformer
LoadingPlugin (Bloodmoon-MC1.10.2-1.5.1.jar)
  lumien.bloodmoon.asm.ClassTransformer
RefinedFixerLoadingPlugin (ImmersiveCables-1.10.2-1.2.1.jar)
  de.sanandrew.mods.immersivecables.core.TransformNetworkNodeGraph
CCLCorePlugin (CodeChickenLib-1.10.2-2.5.9.320-universal.jar)
  codechicken.lib.asm.ClassHeirachyManager
  codechicken.lib.asm.CCL_ASMTransformer
Default Options (DefaultOptions_1.10.2-6.1.5.jar)
  net.blay09.mods.defaultoptions.coremod.DefaultOptionsClassTransformer
BlurPlugin (Blur-1.0.4-14.jar)
  com.tterrag.blur.BlurTransformer
CTMCorePlugin (CTM-MC1.10.2-0.3.2.35.jar)
  team.chisel.ctm.client.asm.CTMTransformer
LoadingPlugin (Quark-r1.1-70.jar)
  vazkii.quark.base.asm.ClassTransformer
Do not report to Forge! Remove FoamFixAPI (or replace with FoamFixAPI-Lawful) and try again. (foamfix-0.7.5.jar)
  pl.asie.foamfix.coremod.FoamFixTransformer
RebornCoreASM (RebornCore-1.10.2-2.13.6.142-universal.jar)
  reborncore.mixin.transformer.MixinTransformer
AdvancedRocketryPlugin (AdvancedRocketry-1.10.2-1.4.0-10.jar)
  zmaster587.advancedRocketry.asm.ClassTransformer
PSLoadingPlugin (PerfectSpawn-MC1.10.2-1.4.jar)
  lumien.perfectspawn.asm.PSClassTransformer
AppleCore (AppleCore-mc1.10.2-3.1.4.jar)
  squeek.applecore.asm.TransformerModuleHandler
	GL info: ' Vendor: 'Intel' Version: '4.6.0 - Build 32.0.101.7080' Renderer: 'Intel(R) Iris(R) Xe Graphics'
[10:20:41] [Client thread/INFO]: MinecraftForge v12.18.3.2511 Initialized
[10:20:41] [Client thread/INFO]: Replaced 231 ore recipes
[10:20:42] [Client thread/INFO]: [zmaster587.advancedRocketry.asm.ModContainer:<init>:21]: ********* CoreDummyContainer. OK
[10:20:42] [Client thread/INFO]: [AppEng] Core Init
[10:20:42] [Client thread/INFO]: Found 0 mods from the command line. Injecting into mod discoverer
[10:20:42] [Client thread/INFO]: Searching D:\Legacy Launcher\Forever Stranded\mods for mods
[10:20:43] [Client thread/WARN]: ****************************************
[10:20:43] [Client thread/WARN]: * The modid advancedRocketry is not the same as it's lowercase version. Lowercasing will be enforced in 1.11
[10:20:43] [Client thread/WARN]: *  at net.minecraftforge.fml.common.FMLModContainer.sanityCheckModId(FMLModContainer.java:143)
[10:20:43] [Client thread/WARN]: *  at net.minecraftforge.fml.common.FMLModContainer.<init>(FMLModContainer.java:128)
[10:20:43] [Client thread/WARN]: *  at sun.reflect.NativeConstructorAccessorImpl.newInstance0(Native Method)
[10:20:43] [Client thread/WARN]: *  at sun.reflect.NativeConstructorAccessorImpl.newInstance(NativeConstructorAccessorImpl.java:62)
[10:20:43] [Client thread/WARN]: *  at sun.reflect.DelegatingConstructorAccessorImpl.newInstance(DelegatingConstructorAccessorImpl.java:45)
[10:20:43] [Client thread/WARN]: *  at java.lang.reflect.Constructor.newInstance(Constructor.java:422)...
[10:20:43] [Client thread/WARN]: ****************************************
[10:20:43] [Client thread/WARN]: ****************************************
[10:20:43] [Client thread/WARN]: * The modid AppleCore is not the same as it's lowercase version. Lowercasing will be enforced in 1.11
[10:20:43] [Client thread/WARN]: *  at net.minecraftforge.fml.common.FMLModContainer.sanityCheckModId(FMLModContainer.java:143)
[10:20:43] [Client thread/WARN]: *  at net.minecraftforge.fml.common.FMLModContainer.<init>(FMLModContainer.java:128)
[10:20:43] [Client thread/WARN]: *  at sun.reflect.NativeConstructorAccessorImpl.newInstance0(Native Method)
[10:20:43] [Client thread/WARN]: *  at sun.reflect.NativeConstructorAccessorImpl.newInstance(NativeConstructorAccessorImpl.java:62)
[10:20:43] [Client thread/WARN]: *  at sun.reflect.DelegatingConstructorAccessorImpl.newInstance(DelegatingConstructorAccessorImpl.java:45)
[10:20:43] [Client thread/WARN]: *  at java.lang.reflect.Constructor.newInstance(Constructor.java:422)...
[10:20:43] [Client thread/WARN]: ****************************************
[10:20:43] [Client thread/WARN]: ****************************************
[10:20:43] [Client thread/WARN]: * The modid Aroma1997CoreHelper is not the same as it's lowercase version. Lowercasing will be enforced in 1.11
[10:20:43] [Client thread/WARN]: *  at net.minecraftforge.fml.common.FMLModContainer.sanityCheckModId(FMLModContainer.java:143)
[10:20:43] [Client thread/WARN]: *  at net.minecraftforge.fml.common.FMLModContainer.<init>(FMLModContainer.java:128)
[10:20:43] [Client thread/WARN]: *  at sun.reflect.NativeConstructorAccessorImpl.newInstance0(Native Method)
[10:20:43] [Client thread/WARN]: *  at sun.reflect.NativeConstructorAccessorImpl.newInstance(NativeConstructorAccessorImpl.java:62)
[10:20:43] [Client thread/WARN]: *  at sun.reflect.DelegatingConstructorAccessorImpl.newInstance(DelegatingConstructorAccessorImpl.java:45)
[10:20:43] [Client thread/WARN]: *  at java.lang.reflect.Constructor.newInstance(Constructor.java:422)...
[10:20:43] [Client thread/WARN]: ****************************************
[10:20:43] [Client thread/WARN]: Mod Aroma1997CoreHelper is missing the required element 'version' and a version.properties file could not be found. Falling back to metadata version 1.1.1.2
[10:20:43] [Client thread/WARN]: ****************************************
[10:20:43] [Client thread/WARN]: * The modid AromaBackup is not the same as it's lowercase version. Lowercasing will be enforced in 1.11
[10:20:43] [Client thread/WARN]: *  at net.minecraftforge.fml.common.FMLModContainer.sanityCheckModId(FMLModContainer.java:143)
[10:20:43] [Client thread/WARN]: *  at net.minecraftforge.fml.common.FMLModContainer.<init>(FMLModContainer.java:128)
[10:20:43] [Client thread/WARN]: *  at sun.reflect.NativeConstructorAccessorImpl.newInstance0(Native Method)
[10:20:43] [Client thread/WARN]: *  at sun.reflect.NativeConstructorAccessorImpl.newInstance(NativeConstructorAccessorImpl.java:62)
[10:20:43] [Client thread/WARN]: *  at sun.reflect.DelegatingConstructorAccessorImpl.newInstance(DelegatingConstructorAccessorImpl.java:45)
[10:20:43] [Client thread/WARN]: *  at java.lang.reflect.Constructor.newInstance(Constructor.java:422)...
[10:20:43] [Client thread/WARN]: ****************************************
[10:20:43] [Client thread/WARN]: Mod AromaBackup is missing the required element 'version' and a version.properties file could not be found. Falling back to metadata version 2.0.0.0.b73
[10:20:43] [Client thread/WARN]: ****************************************
[10:20:43] [Client thread/WARN]: * The modid AromaBackupRecovery is not the same as it's lowercase version. Lowercasing will be enforced in 1.11
[10:20:43] [Client thread/WARN]: *  at net.minecraftforge.fml.common.FMLModContainer.sanityCheckModId(FMLModContainer.java:143)
[10:20:43] [Client thread/WARN]: *  at net.minecraftforge.fml.common.FMLModContainer.<init>(FMLModContainer.java:128)
[10:20:43] [Client thread/WARN]: *  at sun.reflect.NativeConstructorAccessorImpl.newInstance0(Native Method)
[10:20:43] [Client thread/WARN]: *  at sun.reflect.NativeConstructorAccessorImpl.newInstance(NativeConstructorAccessorImpl.java:62)
[10:20:43] [Client thread/WARN]: *  at sun.reflect.DelegatingConstructorAccessorImpl.newInstance(DelegatingConstructorAccessorImpl.java:45)
[10:20:43] [Client thread/WARN]: *  at java.lang.reflect.Constructor.newInstance(Constructor.java:422)...
[10:20:43] [Client thread/WARN]: ****************************************
[10:20:43] [Client thread/WARN]: Mod AromaBackupRecovery is missing the required element 'version' and no fallback can be found. Substituting '1.0'.
[10:20:43] [Client thread/WARN]: ****************************************
[10:20:43] [Client thread/WARN]: * The modid AutoRegLib is not the same as it's lowercase version. Lowercasing will be enforced in 1.11
[10:20:43] [Client thread/WARN]: *  at net.minecraftforge.fml.common.FMLModContainer.sanityCheckModId(FMLModContainer.java:143)
[10:20:43] [Client thread/WARN]: *  at net.minecraftforge.fml.common.FMLModContainer.<init>(FMLModContainer.java:128)
[10:20:43] [Client thread/WARN]: *  at sun.reflect.NativeConstructorAccessorImpl.newInstance0(Native Method)
[10:20:43] [Client thread/WARN]: *  at sun.reflect.NativeConstructorAccessorImpl.newInstance(NativeConstructorAccessorImpl.java:62)
[10:20:43] [Client thread/WARN]: *  at sun.reflect.DelegatingConstructorAccessorImpl.newInstance(DelegatingConstructorAccessorImpl.java:45)
[10:20:43] [Client thread/WARN]: *  at java.lang.reflect.Constructor.newInstance(Constructor.java:422)...
[10:20:43] [Client thread/WARN]: ****************************************
[10:20:43] [Client thread/WARN]: ****************************************
[10:20:43] [Client thread/WARN]: * The modid Baubles is not the same as it's lowercase version. Lowercasing will be enforced in 1.11
[10:20:43] [Client thread/WARN]: *  at net.minecraftforge.fml.common.FMLModContainer.sanityCheckModId(FMLModContainer.java:143)
[10:20:43] [Client thread/WARN]: *  at net.minecraftforge.fml.common.FMLModContainer.<init>(FMLModContainer.java:128)
[10:20:43] [Client thread/WARN]: *  at sun.reflect.NativeConstructorAccessorImpl.newInstance0(Native Method)
[10:20:43] [Client thread/WARN]: *  at sun.reflect.NativeConstructorAccessorImpl.newInstance(NativeConstructorAccessorImpl.java:62)
[10:20:43] [Client thread/WARN]: *  at sun.reflect.DelegatingConstructorAccessorImpl.newInstance(DelegatingConstructorAccessorImpl.java:45)
[10:20:43] [Client thread/WARN]: *  at java.lang.reflect.Constructor.newInstance(Constructor.java:422)...
[10:20:43] [Client thread/WARN]: ****************************************
[10:20:43] [Client thread/WARN]: Mod betterbuilderswands is missing the required element 'version' and a version.properties file could not be found. Falling back to metadata version 0.11.1
[10:20:43] [Client thread/WARN]: ****************************************
[10:20:43] [Client thread/WARN]: * The modid Chameleon is not the same as it's lowercase version. Lowercasing will be enforced in 1.11
[10:20:43] [Client thread/WARN]: *  at net.minecraftforge.fml.common.FMLModContainer.sanityCheckModId(FMLModContainer.java:143)
[10:20:43] [Client thread/WARN]: *  at net.minecraftforge.fml.common.FMLModContainer.<init>(FMLModContainer.java:128)
[10:20:43] [Client thread/WARN]: *  at sun.reflect.GeneratedConstructorAccessor18.newInstance(Unknown Source)
[10:20:43] [Client thread/WARN]: *  at sun.reflect.DelegatingConstructorAccessorImpl.newInstance(DelegatingConstructorAccessorImpl.java:45)
[10:20:43] [Client thread/WARN]: *  at java.lang.reflect.Constructor.newInstance(Constructor.java:422)
[10:20:43] [Client thread/WARN]: *  at net.minecraftforge.fml.common.ModContainerFactory.build(ModContainerFactory.java:86)...
[10:20:43] [Client thread/WARN]: ****************************************
[10:20:43] [Client thread/WARN]: ****************************************
[10:20:43] [Client thread/WARN]: * The modid ChickenChunks is not the same as it's lowercase version. Lowercasing will be enforced in 1.11
[10:20:43] [Client thread/WARN]: *  at net.minecraftforge.fml.common.FMLModContainer.sanityCheckModId(FMLModContainer.java:143)
[10:20:43] [Client thread/WARN]: *  at net.minecraftforge.fml.common.FMLModContainer.<init>(FMLModContainer.java:128)
[10:20:43] [Client thread/WARN]: *  at sun.reflect.GeneratedConstructorAccessor18.newInstance(Unknown Source)
[10:20:43] [Client thread/WARN]: *  at sun.reflect.DelegatingConstructorAccessorImpl.newInstance(DelegatingConstructorAccessorImpl.java:45)
[10:20:43] [Client thread/WARN]: *  at java.lang.reflect.Constructor.newInstance(Constructor.java:422)
[10:20:43] [Client thread/WARN]: *  at net.minecraftforge.fml.common.ModContainerFactory.build(ModContainerFactory.java:86)...
[10:20:43] [Client thread/WARN]: ****************************************
[10:20:43] [Client thread/WARN]: Mod ChickenChunks is missing the required element 'version' and a version.properties file could not be found. Falling back to metadata version 2.2.0.52
[10:20:43] [Client thread/WARN]: ****************************************
[10:20:43] [Client thread/WARN]: * The modid CodeChickenCore is not the same as it's lowercase version. Lowercasing will be enforced in 1.11
[10:20:43] [Client thread/WARN]: *  at net.minecraftforge.fml.common.FMLModContainer.sanityCheckModId(FMLModContainer.java:143)
[10:20:43] [Client thread/WARN]: *  at net.minecraftforge.fml.common.FMLModContainer.<init>(FMLModContainer.java:128)
[10:20:43] [Client thread/WARN]: *  at sun.reflect.GeneratedConstructorAccessor18.newInstance(Unknown Source)
[10:20:43] [Client thread/WARN]: *  at sun.reflect.DelegatingConstructorAccessorImpl.newInstance(DelegatingConstructorAccessorImpl.java:45)
[10:20:43] [Client thread/WARN]: *  at java.lang.reflect.Constructor.newInstance(Constructor.java:422)
[10:20:43] [Client thread/WARN]: *  at net.minecraftforge.fml.common.ModContainerFactory.build(ModContainerFactory.java:86)...
[10:20:43] [Client thread/WARN]: ****************************************
[10:20:43] [Client thread/WARN]: Mod CodeChickenCore is missing the required element 'version' and a version.properties file could not be found. Falling back to metadata version 2.4.1.102
[10:20:43] [Client thread/WARN]: ****************************************
[10:20:43] [Client thread/WARN]: * The modid CodeChickenLib is not the same as it's lowercase version. Lowercasing will be enforced in 1.11
[10:20:43] [Client thread/WARN]: *  at net.minecraftforge.fml.common.FMLModContainer.sanityCheckModId(FMLModContainer.java:143)
[10:20:43] [Client thread/WARN]: *  at net.minecraftforge.fml.common.FMLModContainer.<init>(FMLModContainer.java:128)
[10:20:43] [Client thread/WARN]: *  at sun.reflect.GeneratedConstructorAccessor18.newInstance(Unknown Source)
[10:20:43] [Client thread/WARN]: *  at sun.reflect.DelegatingConstructorAccessorImpl.newInstance(DelegatingConstructorAccessorImpl.java:45)
[10:20:43] [Client thread/WARN]: *  at java.lang.reflect.Constructor.newInstance(Constructor.java:422)
[10:20:43] [Client thread/WARN]: *  at net.minecraftforge.fml.common.ModContainerFactory.build(ModContainerFactory.java:86)...
[10:20:43] [Client thread/WARN]: ****************************************
[10:20:43] [Client thread/WARN]: Mod CodeChickenLib is missing the required element 'version' and a version.properties file could not be found. Falling back to metadata version 2.5.9.320
[10:20:44] [Client thread/INFO]: Mod ccl-entityhook is missing the required element 'name'. Substituting ccl-entityhook
[10:20:44] [Client thread/WARN]: Mod ccl-entityhook is missing the required element 'version' and no fallback can be found. Substituting '1.0'.
[10:20:44] [Client thread/WARN]: Mod cookingforblockheads is missing the required element 'version' and a version.properties file could not be found. Falling back to metadata version 4.2.45
[10:20:44] [Client thread/WARN]: ****************************************
[10:20:44] [Client thread/WARN]: * The modid MineTweaker3 is not the same as it's lowercase version. Lowercasing will be enforced in 1.11
[10:20:44] [Client thread/WARN]: *  at net.minecraftforge.fml.common.FMLModContainer.sanityCheckModId(FMLModContainer.java:143)
[10:20:44] [Client thread/WARN]: *  at net.minecraftforge.fml.common.FMLModContainer.<init>(FMLModContainer.java:128)
[10:20:44] [Client thread/WARN]: *  at sun.reflect.GeneratedConstructorAccessor18.newInstance(Unknown Source)
[10:20:44] [Client thread/WARN]: *  at sun.reflect.DelegatingConstructorAccessorImpl.newInstance(DelegatingConstructorAccessorImpl.java:45)
[10:20:44] [Client thread/WARN]: *  at java.lang.reflect.Constructor.newInstance(Constructor.java:422)
[10:20:44] [Client thread/WARN]: *  at net.minecraftforge.fml.common.ModContainerFactory.build(ModContainerFactory.java:86)...
[10:20:44] [Client thread/WARN]: ****************************************
[10:20:44] [Client thread/WARN]: ****************************************
[10:20:44] [Client thread/WARN]: * The modid CustomBackgrounds is not the same as it's lowercase version. Lowercasing will be enforced in 1.11
[10:20:44] [Client thread/WARN]: *  at net.minecraftforge.fml.common.FMLModContainer.sanityCheckModId(FMLModContainer.java:143)
[10:20:44] [Client thread/WARN]: *  at net.minecraftforge.fml.common.FMLModContainer.<init>(FMLModContainer.java:128)
[10:20:44] [Client thread/WARN]: *  at sun.reflect.GeneratedConstructorAccessor18.newInstance(Unknown Source)
[10:20:44] [Client thread/WARN]: *  at sun.reflect.DelegatingConstructorAccessorImpl.newInstance(DelegatingConstructorAccessorImpl.java:45)
[10:20:44] [Client thread/WARN]: *  at java.lang.reflect.Constructor.newInstance(Constructor.java:422)
[10:20:44] [Client thread/WARN]: *  at net.minecraftforge.fml.common.ModContainerFactory.build(ModContainerFactory.java:86)...
[10:20:44] [Client thread/WARN]: ****************************************
[10:20:44] [Client thread/WARN]: Mod defaultoptions is missing the required element 'version' and a version.properties file could not be found. Falling back to metadata version 6.1.5
[10:20:44] [Thread-5/INFO]: Using sync timing. 200 frames of Display.update took 127791100 nanos
[10:20:44] [Client thread/WARN]: ****************************************
[10:20:44] [Client thread/WARN]: * The modid EnderIO is not the same as it's lowercase version. Lowercasing will be enforced in 1.11
[10:20:44] [Client thread/WARN]: *  at net.minecraftforge.fml.common.FMLModContainer.sanityCheckModId(FMLModContainer.java:143)
[10:20:44] [Client thread/WARN]: *  at net.minecraftforge.fml.common.FMLModContainer.<init>(FMLModContainer.java:128)
[10:20:44] [Client thread/WARN]: *  at sun.reflect.GeneratedConstructorAccessor18.newInstance(Unknown Source)
[10:20:44] [Client thread/WARN]: *  at sun.reflect.DelegatingConstructorAccessorImpl.newInstance(DelegatingConstructorAccessorImpl.java:45)
[10:20:44] [Client thread/WARN]: *  at java.lang.reflect.Constructor.newInstance(Constructor.java:422)
[10:20:44] [Client thread/WARN]: *  at net.minecraftforge.fml.common.ModContainerFactory.build(ModContainerFactory.java:86)...
[10:20:44] [Client thread/WARN]: ****************************************
[10:20:44] [Client thread/WARN]: ****************************************
[10:20:44] [Client thread/WARN]: * The modid EnderStorage is not the same as it's lowercase version. Lowercasing will be enforced in 1.11
[10:20:44] [Client thread/WARN]: *  at net.minecraftforge.fml.common.FMLModContainer.sanityCheckModId(FMLModContainer.java:143)
[10:20:44] [Client thread/WARN]: *  at net.minecraftforge.fml.common.FMLModContainer.<init>(FMLModContainer.java:128)
[10:20:44] [Client thread/WARN]: *  at sun.reflect.GeneratedConstructorAccessor18.newInstance(Unknown Source)
[10:20:44] [Client thread/WARN]: *  at sun.reflect.DelegatingConstructorAccessorImpl.newInstance(DelegatingConstructorAccessorImpl.java:45)
[10:20:44] [Client thread/WARN]: *  at java.lang.reflect.Constructor.newInstance(Constructor.java:422)
[10:20:44] [Client thread/WARN]: *  at net.minecraftforge.fml.common.ModContainerFactory.build(ModContainerFactory.java:86)...
[10:20:44] [Client thread/WARN]: ****************************************
[10:20:44] [Client thread/WARN]: Mod EnderStorage is missing the required element 'version' and a version.properties file could not be found. Falling back to metadata version 2.2.1.106
[10:20:44] [Client thread/WARN]: Mod excompressum is missing the required element 'version' and a version.properties file could not be found. Falling back to metadata version 2.0.97
[10:20:45] [Client thread/WARN]: Mod farmingforblockheads is missing the required element 'version' and a version.properties file could not be found. Falling back to metadata version 1.1.16
[10:20:45] [Client thread/WARN]: ****************************************
[10:20:45] [Client thread/WARN]: * The modid Waila is not the same as it's lowercase version. Lowercasing will be enforced in 1.11
[10:20:45] [Client thread/WARN]: *  at net.minecraftforge.fml.common.FMLModContainer.sanityCheckModId(FMLModContainer.java:143)
[10:20:45] [Client thread/WARN]: *  at net.minecraftforge.fml.common.FMLModContainer.<init>(FMLModContainer.java:128)
[10:20:45] [Client thread/WARN]: *  at sun.reflect.GeneratedConstructorAccessor18.newInstance(Unknown Source)
[10:20:45] [Client thread/WARN]: *  at sun.reflect.DelegatingConstructorAccessorImpl.newInstance(DelegatingConstructorAccessorImpl.java:45)
[10:20:45] [Client thread/WARN]: *  at java.lang.reflect.Constructor.newInstance(Constructor.java:422)
[10:20:45] [Client thread/WARN]: *  at net.minecraftforge.fml.common.ModContainerFactory.build(ModContainerFactory.java:86)...
[10:20:45] [Client thread/WARN]: ****************************************
[10:20:45] [Client thread/WARN]: ****************************************
[10:20:45] [Client thread/WARN]: * The modid IC2 is not the same as it's lowercase version. Lowercasing will be enforced in 1.11
[10:20:45] [Client thread/WARN]: *  at net.minecraftforge.fml.common.FMLModContainer.sanityCheckModId(FMLModContainer.java:143)
[10:20:45] [Client thread/WARN]: *  at net.minecraftforge.fml.common.FMLModContainer.<init>(FMLModContainer.java:128)
[10:20:45] [Client thread/WARN]: *  at sun.reflect.GeneratedConstructorAccessor18.newInstance(Unknown Source)
[10:20:45] [Client thread/WARN]: *  at sun.reflect.DelegatingConstructorAccessorImpl.newInstance(DelegatingConstructorAccessorImpl.java:45)
[10:20:45] [Client thread/WARN]: *  at java.lang.reflect.Constructor.newInstance(Constructor.java:422)
[10:20:45] [Client thread/WARN]: *  at net.minecraftforge.fml.common.ModContainerFactory.build(ModContainerFactory.java:86)...
[10:20:45] [Client thread/WARN]: ****************************************
[10:20:46] [Client thread/WARN]: Mod ironchest is missing the required element 'version' and a version.properties file could not be found. Falling back to metadata version 1.10.2-7.0.15.804
[10:20:46] [Client thread/WARN]: ****************************************
[10:20:46] [Client thread/WARN]: * The modid JEI is not the same as it's lowercase version. Lowercasing will be enforced in 1.11
[10:20:46] [Client thread/WARN]: *  at net.minecraftforge.fml.common.FMLModContainer.sanityCheckModId(FMLModContainer.java:143)
[10:20:46] [Client thread/WARN]: *  at net.minecraftforge.fml.common.FMLModContainer.<init>(FMLModContainer.java:128)
[10:20:46] [Client thread/WARN]: *  at sun.reflect.GeneratedConstructorAccessor18.newInstance(Unknown Source)
[10:20:46] [Client thread/WARN]: *  at sun.reflect.DelegatingConstructorAccessorImpl.newInstance(DelegatingConstructorAccessorImpl.java:45)
[10:20:46] [Client thread/WARN]: *  at java.lang.reflect.Constructor.newInstance(Constructor.java:422)
[10:20:46] [Client thread/WARN]: *  at net.minecraftforge.fml.common.ModContainerFactory.build(ModContainerFactory.java:86)...
[10:20:46] [Client thread/WARN]: ****************************************
[10:20:46] [Client thread/WARN]: ****************************************
[10:20:46] [Client thread/WARN]: * The modid libVulpes is not the same as it's lowercase version. Lowercasing will be enforced in 1.11
[10:20:46] [Client thread/WARN]: *  at net.minecraftforge.fml.common.FMLModContainer.sanityCheckModId(FMLModContainer.java:143)
[10:20:46] [Client thread/WARN]: *  at net.minecraftforge.fml.common.FMLModContainer.<init>(FMLModContainer.java:128)
[10:20:46] [Client thread/WARN]: *  at sun.reflect.GeneratedConstructorAccessor18.newInstance(Unknown Source)
[10:20:46] [Client thread/WARN]: *  at sun.reflect.DelegatingConstructorAccessorImpl.newInstance(DelegatingConstructorAccessorImpl.java:45)
[10:20:46] [Client thread/WARN]: *  at java.lang.reflect.Constructor.newInstance(Constructor.java:422)
[10:20:46] [Client thread/WARN]: *  at net.minecraftforge.fml.common.ModContainerFactory.build(ModContainerFactory.java:86)...
[10:20:46] [Client thread/WARN]: ****************************************
[10:20:46] [Client thread/WARN]: ****************************************
[10:20:46] [Client thread/WARN]: * The modid Lockdown is not the same as it's lowercase version. Lowercasing will be enforced in 1.11
[10:20:46] [Client thread/WARN]: *  at net.minecraftforge.fml.common.FMLModContainer.sanityCheckModId(FMLModContainer.java:143)
[10:20:46] [Client thread/WARN]: *  at net.minecraftforge.fml.common.FMLModContainer.<init>(FMLModContainer.java:128)
[10:20:46] [Client thread/WARN]: *  at sun.reflect.GeneratedConstructorAccessor18.newInstance(Unknown Source)
[10:20:46] [Client thread/WARN]: *  at sun.reflect.DelegatingConstructorAccessorImpl.newInstance(DelegatingConstructorAccessorImpl.java:45)
[10:20:46] [Client thread/WARN]: *  at java.lang.reflect.Constructor.newInstance(Constructor.java:422)
[10:20:46] [Client thread/WARN]: *  at net.minecraftforge.fml.common.ModContainerFactory.build(ModContainerFactory.java:86)...
[10:20:46] [Client thread/WARN]: ****************************************
[10:20:46] [Client thread/WARN]: Mod moartinkers is missing the required element 'version' and a version.properties file could not be found. Falling back to metadata version 0.4.1
[10:20:46] [Client thread/WARN]: ****************************************
[10:20:46] [Client thread/WARN]: * The modid ModNameTooltip is not the same as it's lowercase version. Lowercasing will be enforced in 1.11
[10:20:46] [Client thread/WARN]: *  at net.minecraftforge.fml.common.FMLModContainer.sanityCheckModId(FMLModContainer.java:143)
[10:20:46] [Client thread/WARN]: *  at net.minecraftforge.fml.common.FMLModContainer.<init>(FMLModContainer.java:128)
[10:20:46] [Client thread/WARN]: *  at sun.reflect.GeneratedConstructorAccessor18.newInstance(Unknown Source)
[10:20:46] [Client thread/WARN]: *  at sun.reflect.DelegatingConstructorAccessorImpl.newInstance(DelegatingConstructorAccessorImpl.java:45)
[10:20:46] [Client thread/WARN]: *  at java.lang.reflect.Constructor.newInstance(Constructor.java:422)
[10:20:46] [Client thread/WARN]: *  at net.minecraftforge.fml.common.ModContainerFactory.build(ModContainerFactory.java:86)...
[10:20:46] [Client thread/WARN]: ****************************************
[10:20:46] [Client thread/WARN]: ****************************************
[10:20:46] [Client thread/WARN]: * The modid Morpheus is not the same as it's lowercase version. Lowercasing will be enforced in 1.11
[10:20:46] [Client thread/WARN]: *  at net.minecraftforge.fml.common.FMLModContainer.sanityCheckModId(FMLModContainer.java:143)
[10:20:46] [Client thread/WARN]: *  at net.minecraftforge.fml.common.FMLModContainer.<init>(FMLModContainer.java:128)
[10:20:46] [Client thread/WARN]: *  at sun.reflect.GeneratedConstructorAccessor18.newInstance(Unknown Source)
[10:20:46] [Client thread/WARN]: *  at sun.reflect.DelegatingConstructorAccessorImpl.newInstance(DelegatingConstructorAccessorImpl.java:45)
[10:20:46] [Client thread/WARN]: *  at java.lang.reflect.Constructor.newInstance(Constructor.java:422)
[10:20:46] [Client thread/WARN]: *  at net.minecraftforge.fml.common.ModContainerFactory.build(ModContainerFactory.java:86)...
[10:20:46] [Client thread/WARN]: ****************************************
[10:20:46] [Client thread/WARN]: ****************************************
[10:20:46] [Client thread/WARN]: * The modid Neat is not the same as it's lowercase version. Lowercasing will be enforced in 1.11
[10:20:46] [Client thread/WARN]: *  at net.minecraftforge.fml.common.FMLModContainer.sanityCheckModId(FMLModContainer.java:143)
[10:20:46] [Client thread/WARN]: *  at net.minecraftforge.fml.common.FMLModContainer.<init>(FMLModContainer.java:128)
[10:20:46] [Client thread/WARN]: *  at sun.reflect.GeneratedConstructorAccessor18.newInstance(Unknown Source)
[10:20:46] [Client thread/WARN]: *  at sun.reflect.DelegatingConstructorAccessorImpl.newInstance(DelegatingConstructorAccessorImpl.java:45)
[10:20:46] [Client thread/WARN]: *  at java.lang.reflect.Constructor.newInstance(Constructor.java:422)
[10:20:46] [Client thread/WARN]: *  at net.minecraftforge.fml.common.ModContainerFactory.build(ModContainerFactory.java:86)...
[10:20:46] [Client thread/WARN]: ****************************************
[10:20:46] [Client thread/WARN]: ****************************************
[10:20:46] [Client thread/WARN]: * The modid PerfectSpawn is not the same as it's lowercase version. Lowercasing will be enforced in 1.11
[10:20:46] [Client thread/WARN]: *  at net.minecraftforge.fml.common.FMLModContainer.sanityCheckModId(FMLModContainer.java:143)
[10:20:46] [Client thread/WARN]: *  at net.minecraftforge.fml.common.FMLModContainer.<init>(FMLModContainer.java:128)
[10:20:46] [Client thread/WARN]: *  at sun.reflect.GeneratedConstructorAccessor18.newInstance(Unknown Source)
[10:20:46] [Client thread/WARN]: *  at sun.reflect.DelegatingConstructorAccessorImpl.newInstance(DelegatingConstructorAccessorImpl.java:45)
[10:20:46] [Client thread/WARN]: *  at java.lang.reflect.Constructor.newInstance(Constructor.java:422)
[10:20:46] [Client thread/WARN]: *  at net.minecraftforge.fml.common.ModContainerFactory.build(ModContainerFactory.java:86)...
[10:20:46] [Client thread/WARN]: ****************************************
[10:20:46] [Client thread/WARN]: ****************************************
[10:20:46] [Client thread/WARN]: * The modid Quark is not the same as it's lowercase version. Lowercasing will be enforced in 1.11
[10:20:46] [Client thread/WARN]: *  at net.minecraftforge.fml.common.FMLModContainer.sanityCheckModId(FMLModContainer.java:143)
[10:20:46] [Client thread/WARN]: *  at net.minecraftforge.fml.common.FMLModContainer.<init>(FMLModContainer.java:128)
[10:20:46] [Client thread/WARN]: *  at sun.reflect.GeneratedConstructorAccessor18.newInstance(Unknown Source)
[10:20:46] [Client thread/WARN]: *  at sun.reflect.DelegatingConstructorAccessorImpl.newInstance(DelegatingConstructorAccessorImpl.java:45)
[10:20:46] [Client thread/WARN]: *  at java.lang.reflect.Constructor.newInstance(Constructor.java:422)
[10:20:46] [Client thread/WARN]: *  at net.minecraftforge.fml.common.ModContainerFactory.build(ModContainerFactory.java:86)...
[10:20:46] [Client thread/WARN]: ****************************************
[10:20:47] [Client thread/WARN]: ****************************************
[10:20:47] [Client thread/WARN]: * The modid ResourceLoader is not the same as it's lowercase version. Lowercasing will be enforced in 1.11
[10:20:47] [Client thread/WARN]: *  at net.minecraftforge.fml.common.FMLModContainer.sanityCheckModId(FMLModContainer.java:143)
[10:20:47] [Client thread/WARN]: *  at net.minecraftforge.fml.common.FMLModContainer.<init>(FMLModContainer.java:128)
[10:20:47] [Client thread/WARN]: *  at sun.reflect.GeneratedConstructorAccessor18.newInstance(Unknown Source)
[10:20:47] [Client thread/WARN]: *  at sun.reflect.DelegatingConstructorAccessorImpl.newInstance(DelegatingConstructorAccessorImpl.java:45)
[10:20:47] [Client thread/WARN]: *  at java.lang.reflect.Constructor.newInstance(Constructor.java:422)
[10:20:47] [Client thread/WARN]: *  at net.minecraftforge.fml.common.ModContainerFactory.build(ModContainerFactory.java:86)...
[10:20:47] [Client thread/WARN]: ****************************************
[10:20:47] [Client thread/WARN]: ****************************************
[10:20:47] [Client thread/WARN]: * The modid SpiceOfLife is not the same as it's lowercase version. Lowercasing will be enforced in 1.11
[10:20:47] [Client thread/WARN]: *  at net.minecraftforge.fml.common.FMLModContainer.sanityCheckModId(FMLModContainer.java:143)
[10:20:47] [Client thread/WARN]: *  at net.minecraftforge.fml.common.FMLModContainer.<init>(FMLModContainer.java:128)
[10:20:47] [Client thread/WARN]: *  at sun.reflect.GeneratedConstructorAccessor18.newInstance(Unknown Source)
[10:20:47] [Client thread/WARN]: *  at sun.reflect.DelegatingConstructorAccessorImpl.newInstance(DelegatingConstructorAccessorImpl.java:45)
[10:20:47] [Client thread/WARN]: *  at java.lang.reflect.Constructor.newInstance(Constructor.java:422)
[10:20:47] [Client thread/WARN]: *  at net.minecraftforge.fml.common.ModContainerFactory.build(ModContainerFactory.java:86)...
[10:20:47] [Client thread/WARN]: ****************************************
[10:20:47] [Client thread/WARN]: ****************************************
[10:20:47] [Client thread/WARN]: * The modid StorageDrawers is not the same as it's lowercase version. Lowercasing will be enforced in 1.11
[10:20:47] [Client thread/WARN]: *  at net.minecraftforge.fml.common.FMLModContainer.sanityCheckModId(FMLModContainer.java:143)
[10:20:47] [Client thread/WARN]: *  at net.minecraftforge.fml.common.FMLModContainer.<init>(FMLModContainer.java:128)
[10:20:47] [Client thread/WARN]: *  at sun.reflect.GeneratedConstructorAccessor18.newInstance(Unknown Source)
[10:20:47] [Client thread/WARN]: *  at sun.reflect.DelegatingConstructorAccessorImpl.newInstance(DelegatingConstructorAccessorImpl.java:45)
[10:20:47] [Client thread/WARN]: *  at java.lang.reflect.Constructor.newInstance(Constructor.java:422)
[10:20:47] [Client thread/WARN]: *  at net.minecraftforge.fml.common.ModContainerFactory.build(ModContainerFactory.java:86)...
[10:20:47] [Client thread/WARN]: ****************************************
[10:20:47] [Client thread/WARN]: ****************************************
[10:20:47] [Client thread/WARN]: * The modid TinkersAddons is not the same as it's lowercase version. Lowercasing will be enforced in 1.11
[10:20:47] [Client thread/WARN]: *  at net.minecraftforge.fml.common.FMLModContainer.sanityCheckModId(FMLModContainer.java:143)
[10:20:47] [Client thread/WARN]: *  at net.minecraftforge.fml.common.FMLModContainer.<init>(FMLModContainer.java:128)
[10:20:47] [Client thread/WARN]: *  at sun.reflect.GeneratedConstructorAccessor18.newInstance(Unknown Source)
[10:20:47] [Client thread/WARN]: *  at sun.reflect.DelegatingConstructorAccessorImpl.newInstance(DelegatingConstructorAccessorImpl.java:45)
[10:20:47] [Client thread/WARN]: *  at java.lang.reflect.Constructor.newInstance(Constructor.java:422)
[10:20:47] [Client thread/WARN]: *  at net.minecraftforge.fml.common.ModContainerFactory.build(ModContainerFactory.java:86)...
[10:20:47] [Client thread/WARN]: ****************************************
[10:20:47] [Client thread/WARN]: ****************************************
[10:20:47] [Client thread/WARN]: * The modid ToughAsNails is not the same as it's lowercase version. Lowercasing will be enforced in 1.11
[10:20:47] [Client thread/WARN]: *  at net.minecraftforge.fml.common.FMLModContainer.sanityCheckModId(FMLModContainer.java:143)
[10:20:47] [Client thread/WARN]: *  at net.minecraftforge.fml.common.FMLModContainer.<init>(FMLModContainer.java:128)
[10:20:47] [Client thread/WARN]: *  at sun.reflect.GeneratedConstructorAccessor18.newInstance(Unknown Source)
[10:20:47] [Client thread/WARN]: *  at sun.reflect.DelegatingConstructorAccessorImpl.newInstance(DelegatingConstructorAccessorImpl.java:45)
[10:20:47] [Client thread/WARN]: *  at java.lang.reflect.Constructor.newInstance(Constructor.java:422)
[10:20:47] [Client thread/WARN]: *  at net.minecraftforge.fml.common.ModContainerFactory.build(ModContainerFactory.java:86)...
[10:20:47] [Client thread/WARN]: ****************************************
[10:20:47] [Client thread/WARN]: ****************************************
[10:20:47] [Client thread/WARN]: * The modid Translocator is not the same as it's lowercase version. Lowercasing will be enforced in 1.11
[10:20:47] [Client thread/WARN]: *  at net.minecraftforge.fml.common.FMLModContainer.sanityCheckModId(FMLModContainer.java:143)
[10:20:47] [Client thread/WARN]: *  at net.minecraftforge.fml.common.FMLModContainer.<init>(FMLModContainer.java:128)
[10:20:47] [Client thread/WARN]: *  at sun.reflect.GeneratedConstructorAccessor18.newInstance(Unknown Source)
[10:20:47] [Client thread/WARN]: *  at sun.reflect.DelegatingConstructorAccessorImpl.newInstance(DelegatingConstructorAccessorImpl.java:45)
[10:20:47] [Client thread/WARN]: *  at java.lang.reflect.Constructor.newInstance(Constructor.java:422)
[10:20:47] [Client thread/WARN]: *  at net.minecraftforge.fml.common.ModContainerFactory.build(ModContainerFactory.java:86)...
[10:20:47] [Client thread/WARN]: ****************************************
[10:20:47] [Client thread/WARN]: Mod Translocator is missing the required element 'version' and a version.properties file could not be found. Falling back to metadata version 2.1.4.55
[10:20:47] [Client thread/WARN]: ****************************************
[10:20:47] [Client thread/WARN]: * The modid WailaHarvestability is not the same as it's lowercase version. Lowercasing will be enforced in 1.11
[10:20:47] [Client thread/WARN]: *  at net.minecraftforge.fml.common.FMLModContainer.sanityCheckModId(FMLModContainer.java:143)
[10:20:47] [Client thread/WARN]: *  at net.minecraftforge.fml.common.FMLModContainer.<init>(FMLModContainer.java:128)
[10:20:47] [Client thread/WARN]: *  at sun.reflect.GeneratedConstructorAccessor18.newInstance(Unknown Source)
[10:20:47] [Client thread/WARN]: *  at sun.reflect.DelegatingConstructorAccessorImpl.newInstance(DelegatingConstructorAccessorImpl.java:45)
[10:20:47] [Client thread/WARN]: *  at java.lang.reflect.Constructor.newInstance(Constructor.java:422)
[10:20:47] [Client thread/WARN]: *  at net.minecraftforge.fml.common.ModContainerFactory.build(ModContainerFactory.java:86)...
[10:20:47] [Client thread/WARN]: ****************************************
[10:20:47] [Client thread/WARN]: ****************************************
[10:20:47] [Client thread/WARN]: * The modid Woot is not the same as it's lowercase version. Lowercasing will be enforced in 1.11
[10:20:47] [Client thread/WARN]: *  at net.minecraftforge.fml.common.FMLModContainer.sanityCheckModId(FMLModContainer.java:143)
[10:20:47] [Client thread/WARN]: *  at net.minecraftforge.fml.common.FMLModContainer.<init>(FMLModContainer.java:128)
[10:20:47] [Client thread/WARN]: *  at sun.reflect.GeneratedConstructorAccessor18.newInstance(Unknown Source)
[10:20:47] [Client thread/WARN]: *  at sun.reflect.DelegatingConstructorAccessorImpl.newInstance(DelegatingConstructorAccessorImpl.java:45)
[10:20:47] [Client thread/WARN]: *  at java.lang.reflect.Constructor.newInstance(Constructor.java:422)
[10:20:47] [Client thread/WARN]: *  at net.minecraftforge.fml.common.ModContainerFactory.build(ModContainerFactory.java:86)...
[10:20:47] [Client thread/WARN]: ****************************************
[10:20:47] [Client thread/INFO]: Forge Mod Loader has identified 172 mods to load
[10:20:47] [Client thread/WARN]: ****************************************
[10:20:47] [Client thread/WARN]: * The API cofhapi|item from source D:\Legacy Launcher\Forever Stranded\mods\CoFHCore-1.10.2-4.1.12.17-universal.jar is loaded from an incompatible classloader. THIS WILL NOT WORK!
[10:20:47] [Client thread/WARN]: *  at net.minecraftforge.fml.common.ModAPIManager$APIContainer.validate(ModAPIManager.java:113)
[10:20:47] [Client thread/WARN]: *  at net.minecraftforge.fml.common.ModAPIManager.registerDataTableAndParseAPI(ModAPIManager.java:173)
[10:20:47] [Client thread/WARN]: *  at net.minecraftforge.fml.common.ModAPIManager.manageAPI(ModAPIManager.java:231)
[10:20:47] [Client thread/WARN]: *  at net.minecraftforge.fml.common.Loader.loadMods(Loader.java:532)
[10:20:47] [Client thread/WARN]: *  at net.minecraftforge.fml.client.FMLClientHandler.beginMinecraftLoading(FMLClientHandler.java:220)
[10:20:47] [Client thread/WARN]: *  at net.minecraft.client.Minecraft.func_71384_a(Minecraft.java:439)...
[10:20:47] [Client thread/WARN]: ****************************************
[10:20:47] [Client thread/WARN]: ****************************************
[10:20:47] [Client thread/WARN]: * The API cofhapi|tileentity from source D:\Legacy Launcher\Forever Stranded\mods\CoFHCore-1.10.2-4.1.12.17-universal.jar is loaded from an incompatible classloader. THIS WILL NOT WORK!
[10:20:47] [Client thread/WARN]: *  at net.minecraftforge.fml.common.ModAPIManager$APIContainer.validate(ModAPIManager.java:113)
[10:20:47] [Client thread/WARN]: *  at net.minecraftforge.fml.common.ModAPIManager.registerDataTableAndParseAPI(ModAPIManager.java:173)
[10:20:47] [Client thread/WARN]: *  at net.minecraftforge.fml.common.ModAPIManager.manageAPI(ModAPIManager.java:231)
[10:20:47] [Client thread/WARN]: *  at net.minecraftforge.fml.common.Loader.loadMods(Loader.java:532)
[10:20:47] [Client thread/WARN]: *  at net.minecraftforge.fml.client.FMLClientHandler.beginMinecraftLoading(FMLClientHandler.java:220)
[10:20:47] [Client thread/WARN]: *  at net.minecraft.client.Minecraft.func_71384_a(Minecraft.java:439)...
[10:20:47] [Client thread/WARN]: ****************************************
[10:20:47] [Client thread/INFO]: Found mod(s) [zerocore] containing declared API package cofh.api.core (owned by CoFHAPI) without associated API reference
[10:20:47] [Client thread/INFO]: Found mod(s) [cofhcore] containing declared API package cofh.api.core (owned by CoFHAPI) without associated API reference
[10:20:47] [Client thread/INFO]: Found mod(s) [valkyrielib] containing declared API package cofh.api.core (owned by cofhapi) without associated API reference
[10:20:47] [Client thread/INFO]: Found mod(s) [zerocore] containing declared API package cofh.api (owned by CoFHLib) without associated API reference
[10:20:47] [Client thread/INFO]: Found mod(s) [brandonscore] containing declared API package cofh.api (owned by CoFHLib) without associated API reference
[10:20:47] [Client thread/INFO]: Found mod(s) [simplyjetpacks] containing declared API package cofh.api (owned by CoFHLib) without associated API reference
[10:20:47] [Client thread/INFO]: Found mod(s) [moartinkers] containing declared API package cofh.api (owned by CoFHLib) without associated API reference
[10:20:47] [Client thread/INFO]: Found mod(s) [cofhcore] containing declared API package cofh.api (owned by CoFHLib) without associated API reference
[10:20:47] [Client thread/INFO]: Found mod(s) [reborncore, reborncore-mcmultipart] containing declared API package cofh.api (owned by CoFHLib) without associated API reference
[10:20:47] [Client thread/INFO]: Found mod(s) [actuallyadditions] containing declared API package cofh.api (owned by CoFHLib) without associated API reference
[10:20:47] [Client thread/INFO]: Found mod(s) [nuclearcraft] containing declared API package cofh.api (owned by CoFHLib) without associated API reference
[10:20:47] [Client thread/INFO]: Found mod(s) [p455w0rdslib] containing declared API package cofh.api (owned by CoFHLib) without associated API reference
[10:20:47] [Client thread/INFO]: Found mod(s) [immersiveengineering] containing declared API package cofh.api (owned by CoFHLib) without associated API reference
[10:20:47] [Client thread/INFO]: Found mod(s) [refinedstorage] containing declared API package cofh.api (owned by cofhlib) without associated API reference
[10:20:47] [Client thread/INFO]: Found mod(s) [wct] containing declared API package cofh.api (owned by cofhlib) without associated API reference
[10:20:47] [Client thread/INFO]: Found mod(s) [spartanshields] containing declared API package cofh.api (owned by cofhlib) without associated API reference
[10:20:47] [Client thread/INFO]: Found mod(s) [progressiveautomation] containing declared API package cofh.api (owned by cofhlib) without associated API reference
[10:20:47] [Client thread/INFO]: Found mod(s) [quantumflux] containing declared API package cofh.api (owned by cofhlib) without associated API reference
[10:20:47] [Client thread/INFO]: Found mod(s) [slug] containing declared API package cofh.api (owned by cofhlib) without associated API reference
[10:20:47] [Client thread/INFO]: Found mod(s) [valkyrielib] containing declared API package cofh.api (owned by cofhlib) without associated API reference
[10:20:47] [Client thread/INFO]: Found mod(s) [railcraft] containing declared API package cofh.api (owned by cofhlib) without associated API reference
[10:20:47] [Client thread/INFO]: Found mod(s) [zerocore] containing declared API package cofh.api.energy (owned by CoFHAPI) without associated API reference
[10:20:47] [Client thread/INFO]: Found mod(s) [brandonscore] containing declared API package cofh.api.energy (owned by CoFHAPI) without associated API reference
[10:20:47] [Client thread/INFO]: Found mod(s) [simplyjetpacks] containing declared API package cofh.api.energy (owned by CoFHAPI) without associated API reference
[10:20:47] [Client thread/INFO]: Found mod(s) [moartinkers] containing declared API package cofh.api.energy (owned by CoFHAPI) without associated API reference
[10:20:47] [Client thread/INFO]: Found mod(s) [cofhcore] containing declared API package cofh.api.energy (owned by CoFHAPI) without associated API reference
[10:20:47] [Client thread/INFO]: Found mod(s) [reborncore, reborncore-mcmultipart] containing declared API package cofh.api.energy (owned by CoFHAPI) without associated API reference
[10:20:47] [Client thread/INFO]: Found mod(s) [actuallyadditions] containing declared API package cofh.api.energy (owned by CoFHAPI) without associated API reference
[10:20:47] [Client thread/INFO]: Found mod(s) [nuclearcraft] containing declared API package cofh.api.energy (owned by CoFHAPI) without associated API reference
[10:20:47] [Client thread/INFO]: Found mod(s) [p455w0rdslib] containing declared API package cofh.api.energy (owned by CoFHAPI) without associated API reference
[10:20:47] [Client thread/INFO]: Found mod(s) [immersiveengineering] containing declared API package cofh.api.energy (owned by CoFHAPI) without associated API reference
[10:20:47] [Client thread/INFO]: Found mod(s) [railcraft] containing declared API package cofh.api.energy (owned by CoFHAPI) without associated API reference
[10:20:47] [Client thread/INFO]: Found mod(s) [zerocore] containing declared API package cofh.api.item (owned by CoFHAPI) without associated API reference
[10:20:47] [Client thread/INFO]: Found mod(s) [cofhcore] containing declared API package cofh.api.item (owned by CoFHAPI) without associated API reference
[10:20:47] [Client thread/INFO]: Found mod(s) [zerocore] containing declared API package cofh.api.tileentity (owned by CoFHAPI) without associated API reference
[10:20:47] [Client thread/INFO]: Found mod(s) [cofhcore] containing declared API package cofh.api.tileentity (owned by CoFHAPI) without associated API reference
[10:20:47] [Client thread/INFO]: Found mod(s) [valkyrielib] containing declared API package cofh.api.item (owned by cofhapi) without associated API reference
[10:20:47] [Client thread/INFO]: Found mod(s) [refinedstorage] containing declared API package cofh.api.energy (owned by cofhapi) without associated API reference
[10:20:47] [Client thread/INFO]: Found mod(s) [wct] containing declared API package cofh.api.energy (owned by cofhapi) without associated API reference
[10:20:47] [Client thread/INFO]: Found mod(s) [spartanshields] containing declared API package cofh.api.energy (owned by cofhapi) without associated API reference
[10:20:47] [Client thread/INFO]: Found mod(s) [progressiveautomation] containing declared API package cofh.api.energy (owned by cofhapi) without associated API reference
[10:20:47] [Client thread/INFO]: Found mod(s) [quantumflux] containing declared API package cofh.api.energy (owned by cofhapi) without associated API reference
[10:20:47] [Client thread/INFO]: Found mod(s) [slug] containing declared API package cofh.api.energy (owned by cofhapi) without associated API reference
[10:20:47] [Client thread/INFO]: Found mod(s) [valkyrielib] containing declared API package cofh.api.energy (owned by cofhapi) without associated API reference
[10:20:47] [Client thread/INFO]: Found mod(s) [nuclearcraft] containing declared API package ic2.api.event (owned by IC2) without associated API reference
[10:20:47] [Client thread/INFO]: Found mod(s) [railcraft] containing declared API package ic2.api.energy.tile (owned by IC2) without associated API reference
[10:20:47] [Client thread/INFO]: Found mod(s) [progressiveautomation] containing declared API package cofh.api.tileentity (owned by cofhapi) without associated API reference
[10:20:47] [Client thread/INFO]: [zmaster587.advancedRocketry.asm.ModContainer:registerBus:40]: ********* registerBus. OK
[10:20:47] [Client thread/WARN]: Mod immersivecablescore has been disabled through configuration
[10:20:50] [Client thread/INFO]: Attempting connection with missing mods [mcp, FML, Forge, AdvancedRocketryCore, appliedenergistics2-core, Aroma1997Core, <CoFH ASM>, foamfixcore, actuallyadditions, advancedRocketry, ae2stuff, AppleCore, appleskin, appliedenergistics2, Aroma1997CoreHelper, AromaBackup, AromaBackupRecovery, AutoRegLib, avaritia, badwithernocookiereloaded, base, battletowers, Baubles, bdlib, betterwithmods, betterbuilderswands, betterquesting, bqt, bloodmoon, blur, bookshelf, brandonscore, Chameleon, ChickenChunks, chisel, chiselsandbits, claybucket, clumps, cm2, CodeChickenCore, CodeChickenLib, ccl-entityhook, cofhcore, commoncapabilities, controlling, cookingforblockheads, extendedrenderer, coroutil, configmod, ctgui, MineTweaker3, crafttweakerjei, ctm, CustomBackgrounds, custommainmenu, cyclopscore, darkutils, deathquotes, defaultoptions, dimensionaledibles, ding, discordsuite, dldungeonsjdg, draconicevolution, elevatorid, enchdesc, endercore, EnderIO, EnderStorage, environmentaltech, excompressum, exnihiloadscensio, extracells, extrautils2, bigreactors, farmingforblockheads, foamfix, forestry, gravestone, hopperducts, Waila, immersivecables, immersiveengineering, IC2, industrialwires, infinitefluids, integrateddynamics, integratedtunnels, inventorytweaks, ironbackpacks, ironchest, jehc, JEI, journeymap, jeresources, libVulpes, Lockdown, mantle, mcmultipart, mikedongles, moartinkers, mob_grinding_utils, ModNameTooltip, modtweaker, moreoverlays, Morpheus, mousetweaks, mpbasic, mputils, mtlib, Neat, nuclearcraft, omlib, openglider, openmodularturrets, p455w0rdslib, harvestcraft, PerfectSpawn, pressure, progressiveautomation, quantumflux, quantumstorage, Quark, railcraft, randomthings, reauth, reborncore, reborncore-mcmultipart, redstonearsenal, refinedstorage, ResourceLoader, simplegenerators, simplyjetpacks, slug, snad, soulshardstow, soundfilters, spartanshields, spartanweaponry, SpiceOfLife, bq_standard, stats_keeper, StorageDrawers, storagedrawersextra, tconstruct, terracore, thermaldynamics, thermalexpansion, thermalfoundation, thirstybottles, TinkersAddons, tinkertoolleveling, tp, tipthescales, torchmaster, ToughAsNails, tanaddons, Translocator, ts2k16, valkyrielib, vefluids, WailaHarvestability, icse, wawla, weather2, wcg, wct, Woot, wopper, zerocore, zombieawareness] at CLIENT
[10:20:50] [Client thread/INFO]: Attempting connection with missing mods [mcp, FML, Forge, AdvancedRocketryCore, appliedenergistics2-core, Aroma1997Core, <CoFH ASM>, foamfixcore, actuallyadditions, advancedRocketry, ae2stuff, AppleCore, appleskin, appliedenergistics2, Aroma1997CoreHelper, AromaBackup, AromaBackupRecovery, AutoRegLib, avaritia, badwithernocookiereloaded, base, battletowers, Baubles, bdlib, betterwithmods, betterbuilderswands, betterquesting, bqt, bloodmoon, blur, bookshelf, brandonscore, Chameleon, ChickenChunks, chisel, chiselsandbits, claybucket, clumps, cm2, CodeChickenCore, CodeChickenLib, ccl-entityhook, cofhcore, commoncapabilities, controlling, cookingforblockheads, extendedrenderer, coroutil, configmod, ctgui, MineTweaker3, crafttweakerjei, ctm, CustomBackgrounds, custommainmenu, cyclopscore, darkutils, deathquotes, defaultoptions, dimensionaledibles, ding, discordsuite, dldungeonsjdg, draconicevolution, elevatorid, enchdesc, endercore, EnderIO, EnderStorage, environmentaltech, excompressum, exnihiloadscensio, extracells, extrautils2, bigreactors, farmingforblockheads, foamfix, forestry, gravestone, hopperducts, Waila, immersivecables, immersiveengineering, IC2, industrialwires, infinitefluids, integrateddynamics, integratedtunnels, inventorytweaks, ironbackpacks, ironchest, jehc, JEI, journeymap, jeresources, libVulpes, Lockdown, mantle, mcmultipart, mikedongles, moartinkers, mob_grinding_utils, ModNameTooltip, modtweaker, moreoverlays, Morpheus, mousetweaks, mpbasic, mputils, mtlib, Neat, nuclearcraft, omlib, openglider, openmodularturrets, p455w0rdslib, harvestcraft, PerfectSpawn, pressure, progressiveautomation, quantumflux, quantumstorage, Quark, railcraft, randomthings, reauth, reborncore, reborncore-mcmultipart, redstonearsenal, refinedstorage, ResourceLoader, simplegenerators, simplyjetpacks, slug, snad, soulshardstow, soundfilters, spartanshields, spartanweaponry, SpiceOfLife, bq_standard, stats_keeper, StorageDrawers, storagedrawersextra, tconstruct, terracore, thermaldynamics, thermalexpansion, thermalfoundation, thirstybottles, TinkersAddons, tinkertoolleveling, tp, tipthescales, torchmaster, ToughAsNails, tanaddons, Translocator, ts2k16, valkyrielib, vefluids, WailaHarvestability, icse, wawla, weather2, wcg, wct, Woot, wopper, zerocore, zombieawareness] at SERVER
[10:20:51] [Client thread/INFO]: [minetweaker.runtime.GlobalRegistry:registerNativeClass:97]: java.lang.RuntimeException: ZenSetter must have exactly one parameter - minetweaker.api.vanilla.ILootFunction.setName
[10:20:51] [Client thread/INFO]: [minetweaker.runtime.GlobalRegistry:registerNativeClass:97]: 	at stanhebben.zenscript.type.ZenTypeNative.checkSetter(ZenTypeNative.java:351)
[10:20:51] [Client thread/INFO]: [minetweaker.runtime.GlobalRegistry:registerNativeClass:97]: 	at stanhebben.zenscript.type.ZenTypeNative.complete(ZenTypeNative.java:148)
[10:20:51] [Client thread/INFO]: [minetweaker.runtime.GlobalRegistry:registerNativeClass:97]: 	at minetweaker.runtime.GlobalRegistry.registerNativeClass(GlobalRegistry.java:92)
[10:20:51] [Client thread/INFO]: [minetweaker.runtime.GlobalRegistry:registerNativeClass:97]: 	at minetweaker.MineTweakerAPI.registerClass(MineTweakerAPI.java:340)
[10:20:51] [Client thread/INFO]: [minetweaker.runtime.GlobalRegistry:registerNativeClass:97]: 	at minetweaker.MineTweakerAPI.registerClassRegistry(MineTweakerAPI.java:281)
[10:20:51] [Client thread/INFO]: [minetweaker.runtime.GlobalRegistry:registerNativeClass:97]: 	at minetweaker.MineTweakerAPI.<clinit>(MineTweakerAPI.java:75)
[10:20:51] [Client thread/INFO]: [minetweaker.runtime.GlobalRegistry:registerNativeClass:97]: 	at minetweaker.MineTweakerImplementationAPI.init(MineTweakerImplementationAPI.java:561)
[10:20:51] [Client thread/INFO]: [minetweaker.runtime.GlobalRegistry:registerNativeClass:97]: 	at minetweaker.mc1102.MineTweakerMod.<init>(MineTweakerMod.java:71)
[10:20:51] [Client thread/INFO]: [minetweaker.runtime.GlobalRegistry:registerNativeClass:97]: 	at sun.reflect.NativeConstructorAccessorImpl.newInstance0(Native Method)
[10:20:51] [Client thread/INFO]: [minetweaker.runtime.GlobalRegistry:registerNativeClass:97]: 	at sun.reflect.NativeConstructorAccessorImpl.newInstance(NativeConstructorAccessorImpl.java:62)
[10:20:51] [Client thread/INFO]: [minetweaker.runtime.GlobalRegistry:registerNativeClass:97]: 	at sun.reflect.DelegatingConstructorAccessorImpl.newInstance(DelegatingConstructorAccessorImpl.java:45)
[10:20:51] [Client thread/INFO]: [minetweaker.runtime.GlobalRegistry:registerNativeClass:97]: 	at java.lang.reflect.Constructor.newInstance(Constructor.java:422)
[10:20:51] [Client thread/INFO]: [minetweaker.runtime.GlobalRegistry:registerNativeClass:97]: 	at java.lang.Class.newInstance(Class.java:442)
[10:20:51] [Client thread/INFO]: [minetweaker.runtime.GlobalRegistry:registerNativeClass:97]: 	at net.minecraftforge.fml.common.ILanguageAdapter$JavaAdapter.getNewInstance(ILanguageAdapter.java:193)
[10:20:51] [Client thread/INFO]: [minetweaker.runtime.GlobalRegistry:registerNativeClass:97]: 	at net.minecraftforge.fml.common.FMLModContainer.constructMod(FMLModContainer.java:587)
[10:20:51] [Client thread/INFO]: [minetweaker.runtime.GlobalRegistry:registerNativeClass:97]: 	at sun.reflect.GeneratedMethodAccessor3.invoke(Unknown Source)
[10:20:51] [Client thread/INFO]: [minetweaker.runtime.GlobalRegistry:registerNativeClass:97]: 	at sun.reflect.DelegatingMethodAccessorImpl.invoke(DelegatingMethodAccessorImpl.java:43)
[10:20:51] [Client thread/INFO]: [minetweaker.runtime.GlobalRegistry:registerNativeClass:97]: 	at java.lang.reflect.Method.invoke(Method.java:497)
[10:20:51] [Client thread/INFO]: [minetweaker.runtime.GlobalRegistry:registerNativeClass:97]: 	at com.google.common.eventbus.EventSubscriber.handleEvent(EventSubscriber.java:74)
[10:20:51] [Client thread/INFO]: [minetweaker.runtime.GlobalRegistry:registerNativeClass:97]: 	at com.google.common.eventbus.SynchronizedEventSubscriber.handleEvent(SynchronizedEventSubscriber.java:47)
[10:20:51] [Client thread/INFO]: [minetweaker.runtime.GlobalRegistry:registerNativeClass:97]: 	at com.google.common.eventbus.EventBus.dispatch(EventBus.java:322)
[10:20:51] [Client thread/INFO]: [minetweaker.runtime.GlobalRegistry:registerNativeClass:97]: 	at com.google.common.eventbus.EventBus.dispatchQueuedEvents(EventBus.java:304)
[10:20:51] [Client thread/INFO]: [minetweaker.runtime.GlobalRegistry:registerNativeClass:97]: 	at com.google.common.eventbus.EventBus.post(EventBus.java:275)
[10:20:51] [Client thread/INFO]: [minetweaker.runtime.GlobalRegistry:registerNativeClass:97]: 	at net.minecraftforge.fml.common.LoadController.sendEventToModContainer(LoadController.java:243)
[10:20:51] [Client thread/INFO]: [minetweaker.runtime.GlobalRegistry:registerNativeClass:97]: 	at net.minecraftforge.fml.common.LoadController.propogateStateMessage(LoadController.java:221)
[10:20:51] [Client thread/INFO]: [minetweaker.runtime.GlobalRegistry:registerNativeClass:97]: 	at sun.reflect.NativeMethodAccessorImpl.invoke0(Native Method)
[10:20:51] [Client thread/INFO]: [minetweaker.runtime.GlobalRegistry:registerNativeClass:97]: 	at sun.reflect.NativeMethodAccessorImpl.invoke(NativeMethodAccessorImpl.java:62)
[10:20:51] [Client thread/INFO]: [minetweaker.runtime.GlobalRegistry:registerNativeClass:97]: 	at sun.reflect.DelegatingMethodAccessorImpl.invoke(DelegatingMethodAccessorImpl.java:43)
[10:20:51] [Client thread/INFO]: [minetweaker.runtime.GlobalRegistry:registerNativeClass:97]: 	at java.lang.reflect.Method.invoke(Method.java:497)
[10:20:51] [Client thread/INFO]: [minetweaker.runtime.GlobalRegistry:registerNativeClass:97]: 	at com.google.common.eventbus.EventSubscriber.handleEvent(EventSubscriber.java:74)
[10:20:51] [Client thread/INFO]: [minetweaker.runtime.GlobalRegistry:registerNativeClass:97]: 	at com.google.common.eventbus.SynchronizedEventSubscriber.handleEvent(SynchronizedEventSubscriber.java:47)
[10:20:51] [Client thread/INFO]: [minetweaker.runtime.GlobalRegistry:registerNativeClass:97]: 	at com.google.common.eventbus.EventBus.dispatch(EventBus.java:322)
[10:20:51] [Client thread/INFO]: [minetweaker.runtime.GlobalRegistry:registerNativeClass:97]: 	at com.google.common.eventbus.EventBus.dispatchQueuedEvents(EventBus.java:304)
[10:20:51] [Client thread/INFO]: [minetweaker.runtime.GlobalRegistry:registerNativeClass:97]: 	at com.google.common.eventbus.EventBus.post(EventBus.java:275)
[10:20:51] [Client thread/INFO]: [minetweaker.runtime.GlobalRegistry:registerNativeClass:97]: 	at net.minecraftforge.fml.common.LoadController.distributeStateMessage(LoadController.java:145)
[10:20:51] [Client thread/INFO]: [minetweaker.runtime.GlobalRegistry:registerNativeClass:97]: 	at net.minecraftforge.fml.common.Loader.loadMods(Loader.java:559)
[10:20:51] [Client thread/INFO]: [minetweaker.runtime.GlobalRegistry:registerNativeClass:97]: 	at net.minecraftforge.fml.client.FMLClientHandler.beginMinecraftLoading(FMLClientHandler.java:220)
[10:20:51] [Client thread/INFO]: [minetweaker.runtime.GlobalRegistry:registerNativeClass:97]: 	at net.minecraft.client.Minecraft.func_71384_a(Minecraft.java:439)
[10:20:51] [Client thread/INFO]: [minetweaker.runtime.GlobalRegistry:registerNativeClass:97]: 	at net.minecraft.client.Minecraft.func_99999_d(Minecraft.java:351)
[10:20:51] [Client thread/INFO]: [minetweaker.runtime.GlobalRegistry:registerNativeClass:97]: 	at net.minecraft.client.main.Main.main(SourceFile:124)
[10:20:51] [Client thread/INFO]: [minetweaker.runtime.GlobalRegistry:registerNativeClass:97]: 	at sun.reflect.NativeMethodAccessorImpl.invoke0(Native Method)
[10:20:51] [Client thread/INFO]: [minetweaker.runtime.GlobalRegistry:registerNativeClass:97]: 	at sun.reflect.NativeMethodAccessorImpl.invoke(NativeMethodAccessorImpl.java:62)
[10:20:51] [Client thread/INFO]: [minetweaker.runtime.GlobalRegistry:registerNativeClass:97]: 	at sun.reflect.DelegatingMethodAccessorImpl.invoke(DelegatingMethodAccessorImpl.java:43)
[10:20:51] [Client thread/INFO]: [minetweaker.runtime.GlobalRegistry:registerNativeClass:97]: 	at java.lang.reflect.Method.invoke(Method.java:497)
[10:20:51] [Client thread/INFO]: [minetweaker.runtime.GlobalRegistry:registerNativeClass:97]: 	at net.minecraft.launchwrapper.Launch.launch(Launch.java:135)
[10:20:51] [Client thread/INFO]: [minetweaker.runtime.GlobalRegistry:registerNativeClass:97]: 	at net.minecraft.launchwrapper.Launch.main(Launch.java:28)
[10:20:52] [Client thread/INFO]: Skipping Pulse craftingtweaksIntegration; missing dependency: craftingtweaks
[10:20:52] [Client thread/INFO]: Skipping Pulse theoneprobeIntegration; missing dependency: theoneprobe
[10:20:52] [Client thread/INFO]: Preparing to take over the world
[10:20:52] [Client thread/INFO]: [team.chisel.ctm.client.asm.CTMTransformer:transform:171]: Transforming Class [net.minecraft.client.renderer.texture.TextureAtlasSprite], Method [updateAnimationInterpolated]
[10:20:52] [Client thread/INFO]: [team.chisel.ctm.client.asm.CTMTransformer:transform:214]: Transforming net.minecraft.client.renderer.texture.TextureAtlasSprite Finished.
[10:20:52] [Client thread/INFO]: Hello Minecraft!!!
[10:20:52] [Client thread/INFO]: Hello Minecraft!!!
[10:20:52] [Client thread/INFO]: [Quark ASM] Transforming RenderItem
[10:20:52] [Client thread/INFO]: [Quark ASM] Applying Transformation to method (Names [renderItem, func_180454_a, a] Descriptor (Lnet/minecraft/item/ItemStack;Lnet/minecraft/client/renderer/block/model/IBakedModel;)V / (Ladz;Lbyl;)V)
[10:20:52] [Client thread/INFO]: [Quark ASM] Located Method, patching...
[10:20:52] [Client thread/INFO]: [Quark ASM] Patch result: true
[10:20:52] [Client thread/INFO]: [Quark ASM] Applying Transformation to method (Names [renderEffect, func_180451_a, a] Descriptor (Lnet/minecraft/client/renderer/block/model/IBakedModel;)V / (Lbyl;)V)
[10:20:52] [Client thread/INFO]: [Quark ASM] Located Method, patching...
[10:20:52] [Client thread/INFO]: [Quark ASM] Patch result: true
[10:20:52] [Client thread/INFO]: Found 1 mixins for net.minecraft.client.renderer.RenderItem
[10:20:53] [Client thread/INFO]: Successfully applied reborncore.client.mixin.MixinRenderItem to bsu
[10:20:53] [Client thread/INFO]: Successfully applied 1 mixins to bsu in 85ms
[10:20:53] [Client thread/INFO]: Transforming Class [net.minecraft.client.renderer.RenderItem], Method [func_180453_a, func_184391_a]
[10:20:53] [Client thread/INFO]: Transforming net.minecraft.client.renderer.RenderItem Finished.
[10:20:53] [Client thread/ERROR]: Unexpected hash 457a6a5d0a578b9ea1eae693e3508d62 detected for class EntityRenderer. Crashes or bugs may occur!
[10:20:53] [Client thread/INFO]: Patching net.minecraft.client.renderer.EntityRenderer... (bnz)
[10:20:53] [Client thread/INFO]: [pl.asie.foamfix.coremod.patches.ReturnIfBooleanTruePatch:apply:91]: Added return if option true in net/minecraft/client/renderer/texture/TextureMap func_94248_c
[10:20:53] [Client thread/INFO]: [pl.asie.patchy.helpers.ConstructorReplacingTransformer$FFMethodVisitor:visitTypeInsn:75]: Replaced NEW for net/minecraft/util/ClassInheritanceMultiMap to pl/asie/foamfix/coremod/common/FoamyClassInheritanceMultiMap
[10:20:53] [Client thread/INFO]: [pl.asie.patchy.helpers.ConstructorReplacingTransformer$FFMethodVisitor:visitMethodInsn:87]: Replaced INVOKESPECIAL for net/minecraft/util/ClassInheritanceMultiMap to pl/asie/foamfix/coremod/common/FoamyClassInheritanceMultiMap
[10:20:55] [Client thread/INFO]: [pl.asie.foamfix.coremod.FoamFixTransformer:spliceClasses:133]: Spliced in METHOD: net.minecraftforge.client.model.ModelLoader.func_177570_a
[10:20:56] [Client thread/INFO]: Starting automation
[10:20:56] [Client thread/INFO]: [@QuantumFlux] Helloooooooo, everybody!
[10:20:57] [Client thread/WARN]: +------------------------------------------------------------------+
[10:20:57] [Client thread/WARN]: | Please complain to Mojang for shipping an ancient Java version   |
[10:20:57] [Client thread/WARN]: | Java 8 Update 51 is 11 years 0 months and 29 days old            |
[10:20:57] [Client thread/WARN]: | Updating would avoid several issues and vulnerabilities          |
[10:20:57] [Client thread/WARN]: +------------------------------------------------------------------+
[10:20:57] [Client thread/WARN]: Cryptography is restricted in this Java installation
[10:20:57] [Client thread/INFO]: Cryptography restriction removed successfully
[10:20:57] [Client thread/ERROR]: The mod snad is expecting signature @FINGERPRINT@ for source Snad-1.10.2-1.6.09.20a.jar, however there is no signature matching that description
[10:20:57] [Client thread/ERROR]: No fingerprint found!
[10:20:57] [Client thread/INFO]: [com.tmtravlr.soundfilters.SoundFiltersMod:<clinit>:105]: [Sound Filters] Loaded modified library.
[10:20:57] [Client thread/INFO]: Reloading ResourceManager: BetterFps, Default, FMLFileResourcePack:Forge Mod Loader, FMLFileResourcePack:Minecraft Forge, FMLFileResourcePack:Actually Additions, FMLFileResourcePack:Advanced Rocketry, FMLFileResourcePack:AE2 Stuff, FMLFileResourcePack:AppleCore, FMLFileResourcePack:AppleSkin, FMLFileResourcePack:Applied Energistics 2, FMLFileResourcePack:Aroma1997Core|Helper, FMLFileResourcePack:AromaBackup, FMLFileResourcePack:AromaBackup Recovery, FMLFileResourcePack:AutoRegLib, FMLFileResourcePack:Avaritia, FMLFileResourcePack:Bad Wither No Cookie! Reloaded, FMLFileResourcePack:B.A.S.E, FMLFileResourcePack:Battle Towers, FMLFileResourcePack:Baubles, FMLFileResourcePack:BD Lib, FMLFileResourcePack:Better With Mods, FMLFileResourcePack:Better Builder's Wands, FMLFileResourcePack:Better Questing, FMLFileResourcePack:Better Questing Triggerer, FMLFileResourcePack:Bloodmoon, FMLFileResourcePack:Blur, FMLFileResourcePack:Bookshelf, FMLFileResourcePack:Brandon's Core, FMLFileResourcePack:Chameleon, FMLFileResourcePack:ChickenChunks, FMLFileResourcePack:Chisel, FMLFileResourcePack:Chisels & Bits, FMLFileResourcePack:Clay Bucket, FMLFileResourcePack:Clumps, FMLFileResourcePack:Compact Machines 2, FMLFileResourcePack:CodeChicken Core, FMLFileResourcePack:CodeChicken Lib, FMLFileResourcePack:ccl-entityhook, FMLFileResourcePack:CoFH Core, FMLFileResourcePack:CommonCapabilities, FMLFileResourcePack:Controlling, FMLFileResourcePack:Cooking for Blockheads, FMLFileResourcePack:Extended Renderer, FMLFileResourcePack:CoroUtil Library, FMLFileResourcePack:Extended Mod Config, FMLFileResourcePack:CT-GUI, FMLFileResourcePack:MineTweaker 3, FMLFileResourcePack:CraftTweaker JEI Support, FMLFileResourcePack:CTM, FMLFileResourcePack:Custom Backgrounds, FMLFileResourcePack:Custom Main Menu, FMLFileResourcePack:Cyclops Core, FMLFileResourcePack:Dark Utilities, FMLFileResourcePack:Death Quotes, FMLFileResourcePack:Default Options, FMLFileResourcePack:Dimensional Edibles, FMLFileResourcePack:Ding, FMLFileResourcePack:DiscordSuite, FMLFileResourcePack:Doomlike Dungeons, FMLFileResourcePack:Draconic Evolution, FMLFileResourcePack:Elevator Mod, FMLFileResourcePack:Enchantment Descriptions, FMLFileResourcePack:EnderCore, FMLFileResourcePack:Ender IO, FMLFileResourcePack:EnderStorage, FMLFileResourcePack:Environmental Tech, FMLFileResourcePack:Ex Compressum, FMLFileResourcePack:Ex Nihilo Adscensio, FMLFileResourcePack:Extra Cells 2, FMLFileResourcePack:Extra Utilities 2, FMLFileResourcePack:Extreme Reactors, FMLFileResourcePack:Farming for Blockheads, FMLFileResourcePack:FoamFix, FMLFileResourcePack:Forestry, FMLFileResourcePack:Gravestone Mod, FMLFileResourcePack:Hopper Ducts, FMLFileResourcePack:Waila, FMLFileResourcePack:Immersive Cables, FMLFileResourcePack:Immersive Engineering, FMLFileResourcePack:IndustrialCraft 2, FMLFileResourcePack:Industrial Wires, FMLFileResourcePack:InfiniteFluids, FMLFileResourcePack:Integrated Dynamics, FMLFileResourcePack:Integrated Tunnels, FMLFileResourcePack:Inventory Tweaks, FMLFileResourcePack:Iron Backpacks, FMLFileResourcePack:Iron Chest, FMLFileResourcePack:Just Enough HarvestCraft, FMLFileResourcePack:Just Enough Items, FMLFileResourcePack:JourneyMap, FMLFileResourcePack:Just Enough Resources, FMLFileResourcePack:libVulpes, FMLFileResourcePack:Lockdown, FMLFileResourcePack:Mantle, FMLFileResourcePack:MCMultiPart, FMLFileResourcePack:Mike Dongles, FMLFileResourcePack:Moar Tinkers, FMLFileResourcePack:mob_grinding_utils, FMLFileResourcePack:Mod Name Tooltip, FMLFileResourcePack:Mod Tweaker, FMLFileResourcePack:MoreOverlays, FMLFileResourcePack:Morpheus, FMLFileResourcePack:Mouse Tweaks, FMLFileResourcePack:ModPack Basic Tools, FMLFileResourcePack:ModPack Utilities, FMLFileResourcePack:MTLib, FMLFileResourcePack:Neat, FMLFileResourcePack:NuclearCraft, FMLFileResourcePack:OMLib, FMLFileResourcePack:Open Glider, FMLFileResourcePack:Open Modular Turrets, FMLFileResourcePack:p455w0rd's Library, FMLFileResourcePack:Pam's HarvestCraft, FMLFileResourcePack:Perfect Spawn, FMLFileResourcePack:Pressure Pipes, FMLFileResourcePack:Progressive Automation, FMLFileResourcePack:QuantumFlux, FMLFileResourcePack:QuantumStorage, FMLFileResourcePack:Quark, FMLFileResourcePack:Railcraft, FMLFileResourcePack:Random Things, FMLFileResourcePack:ReAuth, FMLFileResourcePack:RebornCore, FMLFileResourcePack:reborncore-MCMultiPart, FMLFileResourcePack:Redstone Arsenal, FMLFileResourcePack:Refined Storage, FMLFileResourcePack:Resource Loader, FMLFileResourcePack:Simple Generators, FMLFileResourcePack:Simply Jetpacks 2, FMLFileResourcePack:Slugs EU and RF converters, FMLFileResourcePack:Snad, FMLFileResourcePack:Soul Shards - The Old Ways, FMLFileResourcePack:Sound Filters, FMLFileResourcePack:Spartan Shields, FMLFileResourcePack:Spartan Weaponry, FMLFileResourcePack:The Spice of Life, FMLFileResourcePack:Standard Expansion, FMLFileResourcePack:Stats Keeper, FMLFileResourcePack:Storage Drawers, FMLFileResourcePack:Storage Drawers Extras, FMLFileResourcePack:Tinkers' Construct, FMLFileResourcePack:TerraCore, FMLFileResourcePack:Thermal Dynamics, FMLFileResourcePack:Thermal Expansion, FMLFileResourcePack:Thermal Foundation, FMLFileResourcePack:Thirsty Bottles, FMLFileResourcePack:Tinkers' Addons, FMLFileResourcePack:Tinkers Tool Leveling, FMLFileResourcePack:Tiny Progressions, FMLFileResourcePack:TipTheScales, FMLFileResourcePack:TorchMaster, FMLFileResourcePack:Tough As Nails, FMLFileResourcePack:Tough Expansion, FMLFileResourcePack:Translocator, FMLFileResourcePack:Twerk-Sim 2K16, FMLFileResourcePack:Valkyrie Lib, FMLFileResourcePack:VoltzEngine Fluids module, FMLFileResourcePack:Waila Harvestability, FMLFileResourcePack:I Can See Everything, FMLFileResourcePack:What Are We Looking At, FMLFileResourcePack:Localized Weather & Storms, FMLFileResourcePack:Wireless Crafting Grid, FMLFileResourcePack:Wireless Crafting Terminal 2, FMLFileResourcePack:Woot, FMLFileResourcePack:Wopper, FMLFileResourcePack:Zero CORE, FMLFileResourcePack:Zombie Awareness, Blur dummy resource pack, CustomResources, CustomOverridingResources
[10:20:57] [Client thread/INFO]: Processing ObjectHolder annotations
[10:20:58] [Client thread/INFO]: Found 532 ObjectHolder annotations
[10:20:58] [Client thread/INFO]: Identifying ItemStackHolder annotations
[10:20:58] [Client thread/INFO]: Found 1 ItemStackHolder annotations
[10:20:58] [Client thread/INFO]: [pl.asie.foamfix.coremod.FoamFixTransformer:spliceClasses:133]: Spliced in METHOD: net.minecraftforge.common.property.ExtendedBlockState.createState
[10:20:58] [Client thread/INFO]: Applying holder lookups
[10:20:58] [Client thread/INFO]: Holder lookups applied
[10:20:58] [Client thread/INFO]: Applying holder lookups
[10:20:58] [Client thread/INFO]: Holder lookups applied
[10:20:58] [Client thread/INFO]: Applying holder lookups
[10:20:58] [Client thread/INFO]: Holder lookups applied
[10:20:58] [Client thread/INFO]: Configured a dormant chunk cache size of 0
[10:20:58] [Forge Version Check/INFO]: [openglider] Starting version check at https://raw.githubusercontent.com/gr8pefish/OpenGlider/1.10/versions/update.json
[10:20:58] [Client thread/INFO]: [Quark ASM] Transforming ModelBiped
[10:20:58] [Client thread/INFO]: [Quark ASM] Applying Transformation to method (Names [setRotationAngles, func_78087_a, a] Descriptor (FFFFFFLnet/minecraft/entity/Entity;)V / (FFFFFFLrw;)V)
[10:20:58] [Client thread/INFO]: [Quark ASM] Located Method, patching...
[10:20:58] [Client thread/INFO]: [Quark ASM] Patch result: true
[10:20:58] [Client thread/INFO]: Logger initialized.
[10:20:58] [Client thread/INFO]: Finished Pre-initialization.
[10:20:58] [Client thread/INFO]: Registering default Templates...
[10:20:58] [Client thread/INFO]: Registering default generators...
[10:20:58] [Client thread/INFO]: Verifying or creating base world generation directory...
[10:20:58] [Client thread/INFO]: Complete.
[10:20:58] [Client thread/INFO]: Starting PreInitialization Phase...
[10:20:58] [Client thread/INFO]: Tesla not found! Skipping Tesla Power System integration.
[10:20:58] [Client thread/INFO]: Grabbing Configurations...
[10:20:58] [Forge Version Check/INFO]: [openglider] Found status: OUTDATED Target: 1.0.0
[10:20:58] [Forge Version Check/INFO]: [simplyjetpacks] Starting version check at https://raw.githubusercontent.com/CyberdyneCC/SimplyJetpacks-2/TomsonDev/update/update.json
[10:20:58] [Client thread/INFO]: Initializing Tool Materials...
[10:20:58] [Client thread/INFO]: Initializing Armor Materials...
[10:20:59] [Client thread/INFO]: Initializing Blocks...
[10:20:59] [Forge Version Check/INFO]: [simplyjetpacks] Found status: BETA Target: null
[10:20:59] [Forge Version Check/INFO]: [reauth] Starting version check at https://raw.githubusercontent.com/TechnicianLP/ReAuth/master/update.json
[10:20:59] [Forge Version Check/INFO]: [reauth] Found status: OUTDATED Target: 4.0.7
[10:20:59] [Forge Version Check/INFO]: [thermalexpansion] Starting version check at https://raw.github.com/cofh/version/master/thermalexpansion_update.json
[10:20:59] [Client thread/INFO]: Initializing Items...
[10:20:59] [Client thread/INFO]: Initializing Fuelstuffs...
[10:20:59] [Client thread/INFO]: Initializing Update Checker...
[10:20:59] [Actually Additions Update Checker/INFO]: Starting Update Check...
[10:20:59] [Client thread/INFO]: PreInitializing ClientProxy...
[10:20:59] [Client thread/INFO]: PreInitialization Finished.
[10:20:59] [Client thread/INFO]: OBJLoader: Domain libvulpes has been added.
[10:20:59] [Client thread/INFO]: Tesla integration loaded
[10:20:59] [Actually Additions Update Checker/ERROR]: Update Check failed!
java.io.FileNotFoundException: https://raw.githubusercontent.com/Ellpeck/ActuallyAdditions/master/update/updateVersions.properties
	at sun.net.www.protocol.http.HttpURLConnection.getInputStream0(HttpURLConnection.java:1835) ~[?:1.8.0_51]
	at sun.net.www.protocol.http.HttpURLConnection.access$200(HttpURLConnection.java:90) ~[?:1.8.0_51]
	at sun.net.www.protocol.http.HttpURLConnection$9.run(HttpURLConnection.java:1432) ~[?:1.8.0_51]
	at sun.net.www.protocol.http.HttpURLConnection$9.run(HttpURLConnection.java:1430) ~[?:1.8.0_51]
	at java.security.AccessController.doPrivileged(Native Method) ~[?:1.8.0_51]
	at java.security.AccessController.doPrivileged(AccessController.java:713) ~[?:1.8.0_51]
	at sun.net.www.protocol.http.HttpURLConnection.getInputStream(HttpURLConnection.java:1429) ~[?:1.8.0_51]
	at sun.net.www.protocol.https.HttpsURLConnectionImpl.getInputStream(HttpsURLConnectionImpl.java:254) ~[?:1.8.0_51]
	at java.net.URL.openStream(URL.java:1038) ~[?:1.8.0_51]
	at de.ellpeck.actuallyadditions.mod.update.ThreadUpdateChecker.run(ThreadUpdateChecker.java:35) [ThreadUpdateChecker.class:?]
[10:21:00] [Client thread/INFO]: OBJLoader: Domain advancedrocketry has been added.
[10:21:00] [Forge Version Check/INFO]: [thermalexpansion] Found status: UP_TO_DATE Target: null
[10:21:00] [Forge Version Check/INFO]: [railcraft] Starting version check at http://www.railcraft.info/railcraft_versions
[10:21:00] [Client thread/INFO]: [team.chisel.ctm.client.asm.CTMTransformer:transform:107]: Transforming Class [net.minecraftforge.client.ForgeHooksClient], Method [getDamageModel]
[10:21:00] [Client thread/INFO]: [team.chisel.ctm.client.asm.CTMTransformer:transform:137]: Transforming net.minecraftforge.client.ForgeHooksClient Finished.
[10:21:00] [Client thread/INFO]: Pre Initialization ( started )
[10:21:00] [Forge Version Check/INFO]: [moreoverlays] Starting version check at https://raw.githubusercontent.com/feldim2425/Mod_Update-JSONs/master/MoreOverlays.json
[10:21:00] [Forge Version Check/INFO]: [moreoverlays] Found status: UP_TO_DATE Target: null
[10:21:00] [Forge Version Check/INFO]: [soulshardstow] Starting version check at https://gist.githubusercontent.com/TehNut/e8db2be209d32d1ebbc3/raw/VersionChecker-SSTOW.json
[10:21:00] [Client thread/INFO]: Allowing Interface cofh.api.energy.IEnergyReceiver from appeng/tile/powersink/RedstoneFlux because RF integration is enabled.
[10:21:01] [Client thread/INFO]: Allowing Interface ic2.api.item.ISpecialElectricItem from appeng/items/tools/powered/powersink/IC2 because IC2 integration is enabled.
[10:21:01] [Client thread/INFO]: Allowing Interface ic2.api.item.IElectricItemManager from appeng/items/tools/powered/powersink/IC2 because IC2 integration is enabled.
[10:21:01] [Client thread/INFO]: Allowing Method getManager from appeng/items/tools/powered/powersink/IC2 because IC2 integration is enabled.
[10:21:01] [Client thread/INFO]: Allowing Interface cofh.api.energy.IEnergyContainerItem from appeng/items/tools/powered/powersink/RedstoneFlux because RFItem integration is enabled.
[10:21:01] [Forge Version Check/INFO]: [soulshardstow] Found status: BETA Target: null
[10:21:01] [Forge Version Check/INFO]: [Forge] Starting version check at http://files.minecraftforge.net/maven/net/minecraftforge/forge/promotions_slim.json
[10:21:01] [Client thread/INFO]: Allowing Interface ic2.api.energy.tile.IEnergySink from appeng/parts/p2p/PartP2PIC2Power because IC2 integration is enabled.
[10:21:01] [Client thread/INFO]: Allowing Interface ic2.api.energy.tile.IEnergySource from appeng/parts/p2p/PartP2PIC2Power because IC2 integration is enabled.
[10:21:01] [Client thread/INFO]: [team.chisel.ctm.client.asm.CTMTransformer:transform:140]: Transforming Class [net.minecraftforge.client.model.ModelLoader$VanillaModelWrapper], Method [getTextures]
[10:21:01] [Client thread/INFO]: [team.chisel.ctm.client.asm.CTMTransformer:transform:168]: Transforming net.minecraftforge.client.model.ModelLoader$VanillaModelWrapper Finished.
[10:21:01] [Client thread/INFO]: Starting AE2 VersionChecker
[10:21:01] [Client thread/INFO]: Pre Initialization ( ended after 1204ms )
[10:21:01] [Forge Version Check/INFO]: [thermalfoundation] Starting version check at https://raw.github.com/cofh/version/master/thermalfoundation_update.json
[10:21:01] [Client thread/INFO]: bdlib 1.12.4.25 loaded
[10:21:01] [Client thread/INFO]: Initialized network channel 'bdew.multiblock' for mod 'bdlib'
[10:21:01] [Client thread/INFO]: Loading internal config files for mod AE2 Stuff
[10:21:01] [Client thread/INFO]: Loading config: jar:file:/D:/Legacy%20Launcher/Forever%20Stranded/mods/ae2stuff-0.6.0.9-mc1.10.2.jar!/assets/ae2stuff/config/tuning.cfg
[10:21:01] [Client thread/INFO]: Loading config: jar:file:/D:/Legacy%20Launcher/Forever%20Stranded/mods/ae2stuff-0.6.0.9-mc1.10.2.jar!/assets/ae2stuff/config/recipes.cfg
[10:21:02] [Client thread/INFO]: Loading user config files for mod AE2 Stuff
[10:21:02] [Client thread/INFO]: Config loading for mod AE2 Stuff finished
[10:21:02] [Client thread/INFO]: Loaded creative tabs for ae2stuff
[10:21:02] [AE2 VersionChecker/INFO]: No newer version is available: missing(found) < rv4-stable-1 (current)
[10:21:02] [AE2 VersionChecker/INFO]: Stopping AE2 VersionChecker
[10:21:02] [Client thread/INFO]: Extra Utilities 2 JEI Plugin - ACTIVATE!
[10:21:02] [Client thread/INFO]: Helping Aroma1997Core
[10:21:02] [Client thread/INFO]: Loading 0 modules.
[10:21:02] [Client thread/INFO]: Done loading plugins.
[10:21:02] [Forge Version Check/INFO]: [thermalfoundation] Found status: UP_TO_DATE Target: null
[10:21:02] [Forge Version Check/INFO]: [redstonearsenal] Starting version check at https://raw.github.com/cofh/version/master/redstonearsenal_update.json
[10:21:02] [Client thread/INFO]: [Quark] 'Food tooltip' is forcefully disabled as it's incompatible with the following loaded mods: [appleskin]
[10:21:03] [Client thread/INFO]: [Quark] 'Animals eat floor food' is forcefully disabled as it's incompatible with the following loaded mods: [betterwithmods]
[10:21:03] [Client thread/INFO]: Patching net.minecraft.client.gui.inventory.GuiContainerCreative... (bgu)
[10:21:03] [Client thread/INFO]: [Quark] 'Inventory sorting' is forcefully disabled as it's incompatible with the following loaded mods: [inventorytweaks]
[10:21:03] [Client thread/INFO]: [Quark] Module tweaks is enabled
[10:21:03] [Client thread/INFO]: [Quark] Module world is enabled
[10:21:03] [Client thread/INFO]: [Quark] Module automation is enabled
[10:21:03] [Client thread/INFO]: [Quark] Module experimental is enabled
[10:21:03] [Client thread/INFO]: [Quark] Module vanity is enabled
[10:21:03] [Client thread/INFO]: [Quark] Module decoration is enabled
[10:21:03] [Client thread/INFO]: [Quark] Module building is enabled
[10:21:03] [Client thread/INFO]: [Quark] Module management is enabled
[10:21:03] [Client thread/INFO]: [Quark ASM] Transforming LayerArmorBase
[10:21:03] [Client thread/INFO]: [Quark ASM] Applying Transformation to method (Names [renderArmorLayer, func_188361_a, a] Descriptor (Lnet/minecraft/entity/EntityLivingBase;FFFFFFFLnet/minecraft/inventory/EntityEquipmentSlot;)V / (Lsf;FFFFFFFLsb;)V)
[10:21:03] [Client thread/INFO]: [Quark ASM] Located Method, patching...
[10:21:03] [Client thread/INFO]: [Quark ASM] Patch result: true
[10:21:03] [Client thread/INFO]: [Quark ASM] Applying Transformation to method (Names [renderEnchantedGlint, func_188364_a, a] Descriptor (Lnet/minecraft/client/renderer/entity/RenderLivingBase;Lnet/minecraft/entity/EntityLivingBase;Lnet/minecraft/client/model/ModelBase;FFFFFFF)V / (Lbsy;Lsf;Lbju;FFFFFFF)V)
[10:21:03] [Client thread/INFO]: [Quark ASM] Located Method, patching...
[10:21:03] [Client thread/INFO]: [Quark ASM] Patch result: true
[10:21:03] [Forge Version Check/INFO]: [redstonearsenal] Found status: UP_TO_DATE Target: null
[10:21:03] [Forge Version Check/INFO]: [cofhcore] Starting version check at https://raw.github.com/cofh/version/master/cofhcore_update.json
[10:21:04] [Client thread/INFO]: Module Materials has successfully loaded
[10:21:04] [Client thread/INFO]: Module MineTweaker3 has successfully loaded
[10:21:04] [Client thread/INFO]: Module Tool has successfully loaded
[10:21:04] [Client thread/INFO]: [minetweaker.runtime.MTTweaker:load:111]: Loading scripts
[10:21:04] [Client thread/INFO]: Started loading books...
[10:21:04] [Client thread/INFO]: Book loading completed in 1.34E-4 seconds.
[10:21:04] [Forge Version Check/INFO]: [cofhcore] Found status: UP_TO_DATE Target: null
[10:21:04] [Forge Version Check/INFO]: [refinedstorage] Starting version check at https://refinedstorage.raoulvdberge.com/update
[10:21:04] [Forge Version Check/INFO]: [thermaldynamics] Starting version check at https://raw.github.com/cofh/version/master/thermaldynamics_update.json
[10:21:05] [Forge Version Check/INFO]: [thermaldynamics] Found status: UP_TO_DATE Target: null
[10:21:05] [Forge Version Check/INFO]: [mousetweaks] Starting version check at http://play.sourceruns.org/yalter/MouseTweaks/update.json
[10:21:05] [Client thread/INFO]: OBJLoader: Domain immersiveengineering has been added.
[10:21:05] [Client thread/INFO]: Custom OBJLoader: Domain has been added: immersiveengineering
[10:21:06] [Client thread/INFO]: Finished PreInitialization
[10:21:06] [Client thread/INFO]: OBJLoader: Domain draconicevolution has been added.
[10:21:06] [Client thread/INFO]: Registered loader for mod: draconicevolution
[10:21:06] [Client thread/INFO]: Downloading Project Intelligence Mod Manifest...
[10:21:07] [Client thread/INFO]: Adding Filter Ladder,1
[10:21:07] [Client thread/INFO]: Adding Filter Wooden Trapdoor,2
[10:21:07] [Client thread/INFO]: Adding Filter tile.bwm:grate.32767.name,3
[10:21:07] [Client thread/INFO]: Adding Filter tile.bwm:slats.32767.name,4
[10:21:07] [Client thread/INFO]: Adding Filter Wicker,5
[10:21:07] [Client thread/INFO]: Adding Filter Soul Sand,6
[10:21:07] [Client thread/INFO]: Adding Filter Iron Bars,7
[10:21:07] [Client thread/INFO]: Successfully load compat for tconstruct
[10:21:07] [Client thread/INFO]: Successfully load compat for immersiveengineering
[10:21:07] [Client thread/INFO]: Successfully load compat for MineTweaker3
[10:21:07] [Client thread/INFO]: Successfully load compat for Quark
[10:21:07] [Client thread/INFO]: Access transform success createStackedBlock (func_180643_i).
[10:21:07] [Client thread/INFO]: Loaded configs...
[10:21:08] [Client thread/ERROR]: Could not access supporter data.
java.io.FileNotFoundException: https://raw.githubusercontent.com/Darkhax-Minecraft/Bookshelf/master/supporters.json
	at sun.net.www.protocol.http.HttpURLConnection.getInputStream0(HttpURLConnection.java:1835) ~[?:1.8.0_51]
	at sun.net.www.protocol.http.HttpURLConnection.access$200(HttpURLConnection.java:90) ~[?:1.8.0_51]
	at sun.net.www.protocol.http.HttpURLConnection$9.run(HttpURLConnection.java:1432) ~[?:1.8.0_51]
	at sun.net.www.protocol.http.HttpURLConnection$9.run(HttpURLConnection.java:1430) ~[?:1.8.0_51]
	at java.security.AccessController.doPrivileged(Native Method) ~[?:1.8.0_51]
	at java.security.AccessController.doPrivileged(AccessController.java:713) ~[?:1.8.0_51]
	at sun.net.www.protocol.http.HttpURLConnection.getInputStream(HttpURLConnection.java:1429) ~[?:1.8.0_51]
	at java.net.URLConnection.getContent(URLConnection.java:739) ~[?:1.8.0_51]
	at sun.net.www.protocol.https.HttpsURLConnectionImpl.getContent(HttpsURLConnectionImpl.java:434) ~[?:1.8.0_51]
	at net.darkhax.bookshelf.handler.SupporterHandler.readSupporterData(SupporterHandler.java:50) [SupporterHandler.class:?]
	at net.darkhax.bookshelf.features.supporters.FeatureSupporters.<init>(FeatureSupporters.java:33) [FeatureSupporters.class:?]
	at net.darkhax.bookshelf.Bookshelf.preInit(Bookshelf.java:50) [Bookshelf.class:?]
	at sun.reflect.NativeMethodAccessorImpl.invoke0(Native Method) ~[?:1.8.0_51]
	at sun.reflect.NativeMethodAccessorImpl.invoke(NativeMethodAccessorImpl.java:62) ~[?:1.8.0_51]
	at sun.reflect.DelegatingMethodAccessorImpl.invoke(DelegatingMethodAccessorImpl.java:43) ~[?:1.8.0_51]
	at java.lang.reflect.Method.invoke(Method.java:497) ~[?:1.8.0_51]
	at net.minecraftforge.fml.common.FMLModContainer.handleModStateEvent(FMLModContainer.java:616) [FMLModContainer.class:?]
	at sun.reflect.GeneratedMethodAccessor2.invoke(Unknown Source) ~[?:?]
	at sun.reflect.DelegatingMethodAccessorImpl.invoke(DelegatingMethodAccessorImpl.java:43) ~[?:1.8.0_51]
	at java.lang.reflect.Method.invoke(Method.java:497) ~[?:1.8.0_51]
	at com.google.common.eventbus.EventSubscriber.handleEvent(EventSubscriber.java:74) [guava-17.0.jar:?]
	at com.google.common.eventbus.SynchronizedEventSubscriber.handleEvent(SynchronizedEventSubscriber.java:47) [guava-17.0.jar:?]
	at com.google.common.eventbus.EventBus.dispatch(EventBus.java:322) [guava-17.0.jar:?]
	at com.google.common.eventbus.EventBus.dispatchQueuedEvents(EventBus.java:304) [guava-17.0.jar:?]
	at com.google.common.eventbus.EventBus.post(EventBus.java:275) [guava-17.0.jar:?]
	at net.minecraftforge.fml.common.LoadController.sendEventToModContainer(LoadController.java:243) [LoadController.class:?]
	at net.minecraftforge.fml.common.LoadController.propogateStateMessage(LoadController.java:221) [LoadController.class:?]
	at sun.reflect.NativeMethodAccessorImpl.invoke0(Native Method) ~[?:1.8.0_51]
	at sun.reflect.NativeMethodAccessorImpl.invoke(NativeMethodAccessorImpl.java:62) ~[?:1.8.0_51]
	at sun.reflect.DelegatingMethodAccessorImpl.invoke(DelegatingMethodAccessorImpl.java:43) ~[?:1.8.0_51]
	at java.lang.reflect.Method.invoke(Method.java:497) ~[?:1.8.0_51]
	at com.google.common.eventbus.EventSubscriber.handleEvent(EventSubscriber.java:74) [guava-17.0.jar:?]
	at com.google.common.eventbus.SynchronizedEventSubscriber.handleEvent(SynchronizedEventSubscriber.java:47) [guava-17.0.jar:?]
	at com.google.common.eventbus.EventBus.dispatch(EventBus.java:322) [guava-17.0.jar:?]
	at com.google.common.eventbus.EventBus.dispatchQueuedEvents(EventBus.java:304) [guava-17.0.jar:?]
	at com.google.common.eventbus.EventBus.post(EventBus.java:275) [guava-17.0.jar:?]
	at net.minecraftforge.fml.common.LoadController.distributeStateMessage(LoadController.java:145) [LoadController.class:?]
	at net.minecraftforge.fml.common.Loader.preinitializeMods(Loader.java:624) [Loader.class:?]
	at net.minecraftforge.fml.client.FMLClientHandler.beginMinecraftLoading(FMLClientHandler.java:259) [FMLClientHandler.class:?]
	at net.minecraft.client.Minecraft.func_71384_a(Minecraft.java:439) [bcx.class:?]
	at net.minecraft.client.Minecraft.func_99999_d(Minecraft.java:351) [bcx.class:?]
	at net.minecraft.client.main.Main.main(SourceFile:124) [Main.class:?]
	at sun.reflect.NativeMethodAccessorImpl.invoke0(Native Method) ~[?:1.8.0_51]
	at sun.reflect.NativeMethodAccessorImpl.invoke(NativeMethodAccessorImpl.java:62) ~[?:1.8.0_51]
	at sun.reflect.DelegatingMethodAccessorImpl.invoke(DelegatingMethodAccessorImpl.java:43) ~[?:1.8.0_51]
	at java.lang.reflect.Method.invoke(Method.java:497) ~[?:1.8.0_51]
	at net.minecraft.launchwrapper.Launch.launch(Launch.java:135) [launchwrapper-1.12.jar:?]
	at net.minecraft.launchwrapper.Launch.main(Launch.java:28) [launchwrapper-1.12.jar:?]
[10:21:08] [Client thread/INFO]: Applying holder lookups
[10:21:08] [Client thread/INFO]: Holder lookups applied
[10:21:08] [Client thread/INFO]: Starting pre-init...
[10:21:08] [Client thread/INFO]: Loading blocks...
[10:21:08] [Client thread/INFO]: 71 Feature's blocks loaded.
[10:21:08] [Client thread/INFO]: Loading Tile Entities...
[10:21:08] [Client thread/INFO]: Tile Entities loaded.
[10:21:08] [Client thread/INFO]: Applying holder lookups
[10:21:08] [Client thread/INFO]: Holder lookups applied
[10:21:08] [Client thread/INFO]: Loading items...
[10:21:08] [Client thread/INFO]: 71 Feature's items loaded.
[10:21:08] [Client thread/INFO]: Pre-init finished.
[10:21:09] [Client thread/INFO]: Module Entities has successfully loaded
[10:21:09] [Client thread/INFO]: Loading configuration
[10:21:09] [Client thread/INFO]: Registering dimension type: 144
[10:21:09] [Client thread/INFO]: Registering CM2 dimension: 144
[10:21:09] [Client thread/INFO]: Loaded recipe "machine-giant.json" from config folder
[10:21:09] [Client thread/INFO]: Loaded recipe "machine-large.json" from config folder
[10:21:09] [Client thread/INFO]: Loaded recipe "machine-maximum.json" from config folder
[10:21:09] [Client thread/INFO]: Loaded recipe "machine-normal.json" from config folder
[10:21:09] [Client thread/INFO]: Loaded recipe "machine-small.json" from config folder
[10:21:09] [Client thread/INFO]: Loaded recipe "machine-tiny.json" from config folder
[10:21:09] [Client thread/INFO]: Loaded recipe "psd.json" from config folder
[10:21:09] [Client thread/INFO]: Loaded recipe "tunneltool.json" from config folder
[10:21:09] [Client thread/INFO]: Loaded recipe "wallbreakable.json" from config folder
[10:21:09] [Client thread/INFO]: Registered null handler for capability: net.minecraftforge.fluids.capability.IFluidHandler
[10:21:09] [Client thread/INFO]: Registered null handler for capability: net.minecraftforge.energy.IEnergyStorage
[10:21:09] [Client thread/INFO]: Registered null handler for capability: net.minecraftforge.items.IItemHandler
[10:21:13] [Client thread/WARN]: The item tritium_fuel_rod is not initialized.
[10:21:13] [Client thread/WARN]: The item plasma_launcher is not initialized.
[10:21:13] [Client thread/WARN]: The fluid deuterium is not initialized.
[10:21:13] [Client thread/INFO]: [Quark ASM] Transforming RenderBoat
[10:21:13] [Client thread/INFO]: [Quark ASM] Applying Transformation to method (Names [doRender, func_76986_a, a] Descriptor (Lnet/minecraft/entity/item/EntityBoat;DDDFF)V / (Laap;DDDFF)V)
[10:21:13] [Client thread/INFO]: [Quark ASM] Located Method, patching...
[10:21:13] [Client thread/INFO]: [Quark ASM] Patching org.objectweb.asm.tree.MethodNode@194aaf93 in node org.objectweb.asm.tree.MethodInsnNode@6c98de4
[10:21:13] [Client thread/INFO]: [Quark ASM] Patch result: true
[10:21:14] [Client thread/INFO]: Patching net.minecraft.client.gui.GuiOptions... (bfn)
[10:21:14] [Client thread/INFO]: [aln.deathquotes.DeathQuotes:PreInit:68]: [deathquotes] Death quotes count 455 from file ./config/deathquotes.txt
[10:21:14] [Client thread/INFO]: [jaredbgreat.dldungeons.DoomlikeDungeons:preInit:46]: Doomlike Dungeons is in preInit, should now load config.
[10:21:14] [Client thread/INFO]: [jaredbgreat.dldungeons.themes.ThemeReader:setConfigDir:69]: [DLDUNGEONS] themesdir is D:\Legacy Launcher\Forever Stranded\config\DLDungeonsJBG
[10:21:14] [Client thread/INFO]: [jaredbgreat.dldungeons.GenerationHandler:setFrequency:118]: freqScale = 8
[10:21:14] [Client thread/INFO]: [jaredbgreat.dldungeons.GenerationHandler:setFrequency:120]: factor = 32
[10:21:14] [Client thread/INFO]: [jaredbgreat.dldungeons.ConfigHandler:init:128]: [DLDUNGEONS] Frequency Scaling Factor Set To: 8
[10:21:14] [Client thread/INFO]: [jaredbgreat.dldungeons.ConfigHandler:init:135]: [DLDUNGEONS] Minimum X Factor Set To: 16
[10:21:14] [Client thread/INFO]: [jaredbgreat.dldungeons.ConfigHandler:init:142]: [DLDUNGEONS] Difficulty set to: Normal difficulty.
[10:21:14] [Client thread/INFO]: [jaredbgreat.dldungeons.ConfigHandler:init:155]: [DLDUNGEONS] Will spawn dungeons in with world generation? true
[10:21:14] [Client thread/INFO]: [jaredbgreat.dldungeons.ConfigHandler:init:161]: [DLDUNGEONS] Will spawn dungeons even with structures disabled? false
[10:21:14] [Client thread/INFO]: [jaredbgreat.dldungeons.ConfigHandler:init:176]: [DLDUNGEONS] Will export item, block, and mob lists? false
[10:21:14] [Client thread/INFO]: [jaredbgreat.dldungeons.ConfigHandler:init:181]: [DLDUNGEONS] Will announce use of OP/cheat commands? true
[10:21:14] [Client thread/INFO]: [jaredbgreat.dldungeons.ConfigHandler:init:186]: [DLDUNGEONS] Will dungeons be easy to find? false
[10:21:14] [Client thread/INFO]: [jaredbgreat.dldungeons.ConfigHandler:init:191]: [DLDUNGEONS] Will themes be automatically install if themes folder is empty? true
[10:21:14] [Client thread/INFO]: [jaredbgreat.dldungeons.ConfigHandler:init:197]: [DLDUNGEONS] Can themes be (re)installed by command? true
[10:21:14] [Client thread/INFO]: [jaredbgreat.dldungeons.ConfigHandler:init:203]: [DLDUNGEONS] Will be stingy with chests? false
[10:21:14] [Client thread/INFO]: [jaredbgreat.dldungeons.ConfigHandler:processBiomeExclusions:514]: [DLDUNGEONS] adding END to excusion list
[10:21:14] [Client thread/INFO]: [jaredbgreat.dldungeons.ConfigHandler:init:215]: [DLDUNGEONS] Will use API? true
[10:21:14] [Client thread/INFO]: [jaredbgreat.dldungeons.ConfigHandler:init:221]: [DLDUNGEONS] Will allow API base mob change? true
[10:21:14] [Client thread/INFO]: [jaredbgreat.dldungeons.ConfigHandler:init:239]: [DLDUNGEONS] Will self-profile? false
[10:21:14] [Client thread/INFO]: [jaredbgreat.dldungeons.ConfigHandler:openThemesDir:424]: [DLDUNGEONS] themesdir will be set to D:\Legacy Launcher\Forever Stranded\config\DLDungeonsJBG\themes\
[10:21:14] [Client thread/INFO]: [jaredbgreat.dldungeons.ConfigHandler:openThemesDir:426]: [DLDUNGEONS] themesdir File is be set to D:\Legacy Launcher\Forever Stranded\config\DLDungeonsJBG\themes
[10:21:14] [Client thread/INFO]: [jaredbgreat.dldungeons.themes.ThemeReader:setThemesDir:56]: [DLDUNGEONS] themesdir is D:\Legacy Launcher\Forever Stranded\config\DLDungeonsJBG\themes
[10:21:14] [Client thread/INFO]: [jaredbgreat.dldungeons.setup.Externalizer:makeChestCfg:154]: [DLDUNGEONS] Installing files D:\Legacy Launcher\Forever Stranded\config\DLDungeonsJBG\chests.cfg
[10:21:14] [Client thread/INFO]: [jaredbgreat.dldungeons.DoomlikeDungeons:preInit:49]: [DLDUNGEONS] Config should now be loaded.
[10:21:15] [Client thread/WARN]: Missing translation: config.capacitor.sag_mill_power_intake
[10:21:15] [Client thread/WARN]: Missing translation: config.capacitor.sag_mill_power_buffer
[10:21:15] [Client thread/WARN]: Missing translation: config.capacitor.sag_mill_power_use
[10:21:15] [Client thread/WARN]: Missing translation: config.capacitor.painter_power_intake
[10:21:15] [Client thread/WARN]: Missing translation: config.capacitor.painter_power_buffer
[10:21:15] [Client thread/WARN]: Missing translation: config.capacitor.painter_power_use
[10:21:15] [Client thread/WARN]: Missing translation: config.capacitor.attractor_power_intake
[10:21:15] [Client thread/WARN]: Missing translation: config.capacitor.attractor_power_buffer
[10:21:15] [Client thread/WARN]: Missing translation: config.capacitor.attractorPowerPerTickLevelOne
[10:21:15] [Client thread/WARN]: Missing translation: config.capacitor.attractorRangeLevelOne
[10:21:15] [Client thread/WARN]: Missing translation: config.capacitor.aversion_power_intake
[10:21:15] [Client thread/WARN]: Missing translation: config.capacitor.aversion_power_buffer
[10:21:15] [Client thread/WARN]: Missing translation: config.capacitor.spawnGuardPowerPerTickLevelOne
[10:21:15] [Client thread/WARN]: Missing translation: config.capacitor.aversion_range
[10:21:15] [Client thread/WARN]: Missing translation: config.capacitor.transceiverMaxIoRF
[10:21:15] [Client thread/WARN]: Missing translation: config.capacitor.transceiver_power_buffer
[10:21:15] [Client thread/WARN]: Missing translation: config.capacitor.transceiverUpkeepCostRF
[10:21:15] [Client thread/WARN]: Missing translation: config.capacitor.weather_power_intake
[10:21:15] [Client thread/WARN]: Missing translation: config.capacitor.weather_power_buffer
[10:21:15] [Client thread/WARN]: Missing translation: config.capacitor.weather_power_use
[10:21:15] [Client thread/WARN]: Missing translation: config.capacitor.farm_power_intake
[10:21:15] [Client thread/WARN]: Missing translation: config.capacitor.farm_power_buffer
[10:21:15] [Client thread/WARN]: Missing translation: config.capacitor.farm_power_use
[10:21:15] [Client thread/WARN]: Missing translation: config.capacitor.farm_base_size
[10:21:15] [Client thread/WARN]: Missing translation: config.capacitor.farmBonusSize
[10:21:15] [Client thread/WARN]: Missing translation: config.capacitor.farm_stack_limit
[10:21:15] [Client thread/WARN]: Missing translation: config.capacitor.spawner_power_intake
[10:21:15] [Client thread/WARN]: Missing translation: config.capacitor.spawner_power_buffer
[10:21:15] [Client thread/WARN]: Missing translation: config.capacitor.poweredSpawnerLevelOnePowerPerTickRF
[10:21:15] [Client thread/WARN]: Missing translation: config.capacitor.spawner_speedup
[10:21:15] [Client thread/WARN]: Missing translation: config.capacitor.slice_power_intake
[10:21:15] [Client thread/WARN]: Missing translation: config.capacitor.slice_power_buffer
[10:21:15] [Client thread/WARN]: Missing translation: config.capacitor.sliceAndSpliceLevelOnePowerPerTickRF
[10:21:15] [Client thread/WARN]: Missing translation: config.capacitor.soul_binder_power_intake
[10:21:15] [Client thread/WARN]: Missing translation: config.capacitor.soul_binder_power_buffer
[10:21:15] [Client thread/WARN]: Missing translation: config.capacitor.soulBinderLevelOnePowerPerTickRF
[10:21:15] [Client thread/WARN]: Missing translation: config.capacitor.stirling_power_buffer
[10:21:15] [Client thread/WARN]: Missing translation: config.capacitor.stirling_power_gen
[10:21:15] [Client thread/WARN]: Missing translation: config.capacitor.stirling_power_time
[10:21:15] [Client thread/WARN]: Missing translation: config.capacitor.power_monitor_power_intake
[10:21:15] [Client thread/WARN]: Missing translation: config.capacitor.power_monitor_power_buffer
[10:21:15] [Client thread/WARN]: Missing translation: config.capacitor.power_monitor_power_use
[10:21:15] [Client thread/WARN]: Missing translation: config.capacitor.inv_panel_sensor_power_intake
[10:21:15] [Client thread/WARN]: Missing translation: config.capacitor.inv_panel_sensor_power_buffer
[10:21:15] [Client thread/WARN]: Missing translation: config.capacitor.inv_panel_sensor_power_use
[10:21:17] [Client thread/INFO]: OBJLoader: Domain extracells has been added.
[10:21:19] [Client thread/INFO]: Plugin Natura Plugin failed to load: Natura not found
[10:21:19] [Client thread/INFO]: Plugin BiomesOPlenty Plugin failed to load: BiomesOPlenty not found
[10:21:19] [Client thread/INFO]: Plugin BuildCraft 6 Fuels Plugin failed to load: Compatible BuildCraftAPI|fuels version not found
[10:21:19] [Client thread/INFO]: Plugin BuildCraft 6 Statements Plugin failed to load: Compatible BuildCraftAPI|statements version not found
[10:21:19] [Client thread/INFO]: Plugin malisisdoors Plugin failed to load: Malisis Door's not found
[10:21:19] [Client thread/INFO]: Plugin BuildCraft 6 Transport Plugin failed to load: BuildCraft|Transport not found
[10:21:19] [Client thread/INFO]: Plugin BuildCraft 6 Recipes Plugin failed to load: Compatible BuildCraftAPI|recipes version not found
[10:21:19] [Client thread/INFO]: Plugin mysticalagriculture Plugin failed to load: Mystical Agriculture not found
[10:21:21] [Client thread/INFO]: [pl.asie.foamfix.coremod.FoamFixTransformer:spliceClasses:133]: Spliced in METHOD: net.minecraftforge.client.model.ItemLayerModel.bake
[10:21:21] [Client thread/INFO]: Class com/raoulvdberge/refinedstorage/apiimpl/network/NetworkNodeGraph successfully transformed!
[10:21:22] [Client thread/INFO]: OBJLoader: Domain industrialwires has been added.
[10:21:24] [Client thread/INFO]: No plugins for JourneyMap API discovered.
[10:21:24] [Client thread/INFO]: Loading configs..
[10:21:24] [Client thread/INFO]: Updating ModMetaData...
[10:21:24] [Client thread/INFO]: Providing API...
[10:21:24] [Client thread/ERROR]: Trying to activate the universal filled bucket too late. Call it statically in your Mods class. Mod: Moar Tinkers
[10:21:24] [Client thread/WARN]: ****************************************
[10:21:24] [Client thread/WARN]: * Dangerous alternative prefix `tconstruct` for name `molten_enderium`, expected `moartinkers` invalid registry invocation/invalid name?
[10:21:24] [Client thread/WARN]: *  at net.minecraftforge.fml.common.registry.IForgeRegistryEntry$Impl.setRegistryName(IForgeRegistryEntry.java:82)
[10:21:24] [Client thread/WARN]: *  at net.minecraftforge.fml.common.registry.IForgeRegistryEntry$Impl.setRegistryName(IForgeRegistryEntry.java:90)
[10:21:24] [Client thread/WARN]: *  at net.minecraftforge.fml.common.registry.IForgeRegistryEntry$Impl.setRegistryName(IForgeRegistryEntry.java:63)
[10:21:24] [Client thread/WARN]: *  at slimeknights.tconstruct.common.TinkerPulse.register(TinkerPulse.java:128)
[10:21:24] [Client thread/WARN]: *  at slimeknights.tconstruct.common.TinkerPulse.registerBlock(TinkerPulse.java:110)
[10:21:24] [Client thread/WARN]: *  at slimeknights.tconstruct.common.TinkerPulse.registerBlock(TinkerPulse.java:69)...
[10:21:24] [Client thread/WARN]: ****************************************
[10:21:24] [Client thread/WARN]: ****************************************
[10:21:24] [Client thread/WARN]: * Dangerous alternative prefix `tconstruct` for name `molten_enderium`, expected `moartinkers` invalid registry invocation/invalid name?
[10:21:24] [Client thread/WARN]: *  at net.minecraftforge.fml.common.registry.IForgeRegistryEntry$Impl.setRegistryName(IForgeRegistryEntry.java:82)
[10:21:24] [Client thread/WARN]: *  at net.minecraftforge.fml.common.registry.IForgeRegistryEntry$Impl.setRegistryName(IForgeRegistryEntry.java:90)
[10:21:24] [Client thread/WARN]: *  at net.minecraftforge.fml.common.registry.IForgeRegistryEntry$Impl.setRegistryName(IForgeRegistryEntry.java:63)
[10:21:24] [Client thread/WARN]: *  at slimeknights.tconstruct.common.TinkerPulse.register(TinkerPulse.java:128)
[10:21:24] [Client thread/WARN]: *  at slimeknights.tconstruct.common.TinkerPulse.registerBlock(TinkerPulse.java:111)
[10:21:24] [Client thread/WARN]: *  at slimeknights.tconstruct.common.TinkerPulse.registerBlock(TinkerPulse.java:69)...
[10:21:24] [Client thread/WARN]: ****************************************
[10:21:24] [Client thread/WARN]: ****************************************
[10:21:24] [Client thread/WARN]: * Dangerous alternative prefix `tconstruct` for name `molten_platinum`, expected `moartinkers` invalid registry invocation/invalid name?
[10:21:24] [Client thread/WARN]: *  at net.minecraftforge.fml.common.registry.IForgeRegistryEntry$Impl.setRegistryName(IForgeRegistryEntry.java:82)
[10:21:24] [Client thread/WARN]: *  at net.minecraftforge.fml.common.registry.IForgeRegistryEntry$Impl.setRegistryName(IForgeRegistryEntry.java:90)
[10:21:24] [Client thread/WARN]: *  at net.minecraftforge.fml.common.registry.IForgeRegistryEntry$Impl.setRegistryName(IForgeRegistryEntry.java:63)
[10:21:24] [Client thread/WARN]: *  at slimeknights.tconstruct.common.TinkerPulse.register(TinkerPulse.java:128)
[10:21:24] [Client thread/WARN]: *  at slimeknights.tconstruct.common.TinkerPulse.registerBlock(TinkerPulse.java:110)
[10:21:24] [Client thread/WARN]: *  at slimeknights.tconstruct.common.TinkerPulse.registerBlock(TinkerPulse.java:69)...
[10:21:24] [Client thread/WARN]: ****************************************
[10:21:24] [Client thread/WARN]: ****************************************
[10:21:24] [Client thread/WARN]: * Dangerous alternative prefix `tconstruct` for name `molten_platinum`, expected `moartinkers` invalid registry invocation/invalid name?
[10:21:24] [Client thread/WARN]: *  at net.minecraftforge.fml.common.registry.IForgeRegistryEntry$Impl.setRegistryName(IForgeRegistryEntry.java:82)
[10:21:24] [Client thread/WARN]: *  at net.minecraftforge.fml.common.registry.IForgeRegistryEntry$Impl.setRegistryName(IForgeRegistryEntry.java:90)
[10:21:24] [Client thread/WARN]: *  at net.minecraftforge.fml.common.registry.IForgeRegistryEntry$Impl.setRegistryName(IForgeRegistryEntry.java:63)
[10:21:24] [Client thread/WARN]: *  at slimeknights.tconstruct.common.TinkerPulse.register(TinkerPulse.java:128)
[10:21:24] [Client thread/WARN]: *  at slimeknights.tconstruct.common.TinkerPulse.registerBlock(TinkerPulse.java:111)
[10:21:24] [Client thread/WARN]: *  at slimeknights.tconstruct.common.TinkerPulse.registerBlock(TinkerPulse.java:69)...
[10:21:24] [Client thread/WARN]: ****************************************
[10:21:24] [Client thread/WARN]: ****************************************
[10:21:24] [Client thread/WARN]: * Dangerous alternative prefix `tconstruct` for name `molten_iridium`, expected `moartinkers` invalid registry invocation/invalid name?
[10:21:24] [Client thread/WARN]: *  at net.minecraftforge.fml.common.registry.IForgeRegistryEntry$Impl.setRegistryName(IForgeRegistryEntry.java:82)
[10:21:24] [Client thread/WARN]: *  at net.minecraftforge.fml.common.registry.IForgeRegistryEntry$Impl.setRegistryName(IForgeRegistryEntry.java:90)
[10:21:24] [Client thread/WARN]: *  at net.minecraftforge.fml.common.registry.IForgeRegistryEntry$Impl.setRegistryName(IForgeRegistryEntry.java:63)
[10:21:24] [Client thread/WARN]: *  at slimeknights.tconstruct.common.TinkerPulse.register(TinkerPulse.java:128)
[10:21:24] [Client thread/WARN]: *  at slimeknights.tconstruct.common.TinkerPulse.registerBlock(TinkerPulse.java:110)
[10:21:24] [Client thread/WARN]: *  at slimeknights.tconstruct.common.TinkerPulse.registerBlock(TinkerPulse.java:69)...
[10:21:24] [Client thread/WARN]: ****************************************
[10:21:24] [Client thread/WARN]: ****************************************
[10:21:24] [Client thread/WARN]: * Dangerous alternative prefix `tconstruct` for name `molten_iridium`, expected `moartinkers` invalid registry invocation/invalid name?
[10:21:24] [Client thread/WARN]: *  at net.minecraftforge.fml.common.registry.IForgeRegistryEntry$Impl.setRegistryName(IForgeRegistryEntry.java:82)
[10:21:24] [Client thread/WARN]: *  at net.minecraftforge.fml.common.registry.IForgeRegistryEntry$Impl.setRegistryName(IForgeRegistryEntry.java:90)
[10:21:24] [Client thread/WARN]: *  at net.minecraftforge.fml.common.registry.IForgeRegistryEntry$Impl.setRegistryName(IForgeRegistryEntry.java:63)
[10:21:24] [Client thread/WARN]: *  at slimeknights.tconstruct.common.TinkerPulse.register(TinkerPulse.java:128)
[10:21:24] [Client thread/WARN]: *  at slimeknights.tconstruct.common.TinkerPulse.registerBlock(TinkerPulse.java:111)
[10:21:24] [Client thread/WARN]: *  at slimeknights.tconstruct.common.TinkerPulse.registerBlock(TinkerPulse.java:69)...
[10:21:24] [Client thread/WARN]: ****************************************
[10:21:24] [Client thread/WARN]: ****************************************
[10:21:24] [Client thread/WARN]: * Dangerous alternative prefix `tconstruct` for name `molten_mithril`, expected `moartinkers` invalid registry invocation/invalid name?
[10:21:24] [Client thread/WARN]: *  at net.minecraftforge.fml.common.registry.IForgeRegistryEntry$Impl.setRegistryName(IForgeRegistryEntry.java:82)
[10:21:24] [Client thread/WARN]: *  at net.minecraftforge.fml.common.registry.IForgeRegistryEntry$Impl.setRegistryName(IForgeRegistryEntry.java:90)
[10:21:24] [Client thread/WARN]: *  at net.minecraftforge.fml.common.registry.IForgeRegistryEntry$Impl.setRegistryName(IForgeRegistryEntry.java:63)
[10:21:24] [Client thread/WARN]: *  at slimeknights.tconstruct.common.TinkerPulse.register(TinkerPulse.java:128)
[10:21:24] [Client thread/WARN]: *  at slimeknights.tconstruct.common.TinkerPulse.registerBlock(TinkerPulse.java:110)
[10:21:24] [Client thread/WARN]: *  at slimeknights.tconstruct.common.TinkerPulse.registerBlock(TinkerPulse.java:69)...
[10:21:24] [Client thread/WARN]: ****************************************
[10:21:24] [Client thread/WARN]: ****************************************
[10:21:24] [Client thread/WARN]: * Dangerous alternative prefix `tconstruct` for name `molten_mithril`, expected `moartinkers` invalid registry invocation/invalid name?
[10:21:24] [Client thread/WARN]: *  at net.minecraftforge.fml.common.registry.IForgeRegistryEntry$Impl.setRegistryName(IForgeRegistryEntry.java:82)
[10:21:24] [Client thread/WARN]: *  at net.minecraftforge.fml.common.registry.IForgeRegistryEntry$Impl.setRegistryName(IForgeRegistryEntry.java:90)
[10:21:24] [Client thread/WARN]: *  at net.minecraftforge.fml.common.registry.IForgeRegistryEntry$Impl.setRegistryName(IForgeRegistryEntry.java:63)
[10:21:24] [Client thread/WARN]: *  at slimeknights.tconstruct.common.TinkerPulse.register(TinkerPulse.java:128)
[10:21:24] [Client thread/WARN]: *  at slimeknights.tconstruct.common.TinkerPulse.registerBlock(TinkerPulse.java:111)
[10:21:24] [Client thread/WARN]: *  at slimeknights.tconstruct.common.TinkerPulse.registerBlock(TinkerPulse.java:69)...
[10:21:24] [Client thread/WARN]: ****************************************
[10:21:24] [Client thread/WARN]: ****************************************
[10:21:24] [Client thread/WARN]: * Dangerous alternative prefix `tconstruct` for name `molten_signalum`, expected `moartinkers` invalid registry invocation/invalid name?
[10:21:24] [Client thread/WARN]: *  at net.minecraftforge.fml.common.registry.IForgeRegistryEntry$Impl.setRegistryName(IForgeRegistryEntry.java:82)
[10:21:24] [Client thread/WARN]: *  at net.minecraftforge.fml.common.registry.IForgeRegistryEntry$Impl.setRegistryName(IForgeRegistryEntry.java:90)
[10:21:24] [Client thread/WARN]: *  at net.minecraftforge.fml.common.registry.IForgeRegistryEntry$Impl.setRegistryName(IForgeRegistryEntry.java:63)
[10:21:24] [Client thread/WARN]: *  at slimeknights.tconstruct.common.TinkerPulse.register(TinkerPulse.java:128)
[10:21:24] [Client thread/WARN]: *  at slimeknights.tconstruct.common.TinkerPulse.registerBlock(TinkerPulse.java:110)
[10:21:24] [Client thread/WARN]: *  at slimeknights.tconstruct.common.TinkerPulse.registerBlock(TinkerPulse.java:69)...
[10:21:24] [Client thread/WARN]: ****************************************
[10:21:24] [Client thread/WARN]: ****************************************
[10:21:24] [Client thread/WARN]: * Dangerous alternative prefix `tconstruct` for name `molten_signalum`, expected `moartinkers` invalid registry invocation/invalid name?
[10:21:24] [Client thread/WARN]: *  at net.minecraftforge.fml.common.registry.IForgeRegistryEntry$Impl.setRegistryName(IForgeRegistryEntry.java:82)
[10:21:24] [Client thread/WARN]: *  at net.minecraftforge.fml.common.registry.IForgeRegistryEntry$Impl.setRegistryName(IForgeRegistryEntry.java:90)
[10:21:24] [Client thread/WARN]: *  at net.minecraftforge.fml.common.registry.IForgeRegistryEntry$Impl.setRegistryName(IForgeRegistryEntry.java:63)
[10:21:24] [Client thread/WARN]: *  at slimeknights.tconstruct.common.TinkerPulse.register(TinkerPulse.java:128)
[10:21:24] [Client thread/WARN]: *  at slimeknights.tconstruct.common.TinkerPulse.registerBlock(TinkerPulse.java:111)
[10:21:24] [Client thread/WARN]: *  at slimeknights.tconstruct.common.TinkerPulse.registerBlock(TinkerPulse.java:69)...
[10:21:24] [Client thread/WARN]: ****************************************
[10:21:24] [Client thread/WARN]: ****************************************
[10:21:24] [Client thread/WARN]: * Dangerous alternative prefix `tconstruct` for name `molten_lumium`, expected `moartinkers` invalid registry invocation/invalid name?
[10:21:24] [Client thread/WARN]: *  at net.minecraftforge.fml.common.registry.IForgeRegistryEntry$Impl.setRegistryName(IForgeRegistryEntry.java:82)
[10:21:24] [Client thread/WARN]: *  at net.minecraftforge.fml.common.registry.IForgeRegistryEntry$Impl.setRegistryName(IForgeRegistryEntry.java:90)
[10:21:24] [Client thread/WARN]: *  at net.minecraftforge.fml.common.registry.IForgeRegistryEntry$Impl.setRegistryName(IForgeRegistryEntry.java:63)
[10:21:24] [Client thread/WARN]: *  at slimeknights.tconstruct.common.TinkerPulse.register(TinkerPulse.java:128)
[10:21:24] [Client thread/WARN]: *  at slimeknights.tconstruct.common.TinkerPulse.registerBlock(TinkerPulse.java:110)
[10:21:24] [Client thread/WARN]: *  at slimeknights.tconstruct.common.TinkerPulse.registerBlock(TinkerPulse.java:69)...
[10:21:24] [Client thread/WARN]: ****************************************
[10:21:24] [Client thread/WARN]: ****************************************
[10:21:24] [Client thread/WARN]: * Dangerous alternative prefix `tconstruct` for name `molten_lumium`, expected `moartinkers` invalid registry invocation/invalid name?
[10:21:24] [Client thread/WARN]: *  at net.minecraftforge.fml.common.registry.IForgeRegistryEntry$Impl.setRegistryName(IForgeRegistryEntry.java:82)
[10:21:24] [Client thread/WARN]: *  at net.minecraftforge.fml.common.registry.IForgeRegistryEntry$Impl.setRegistryName(IForgeRegistryEntry.java:90)
[10:21:24] [Client thread/WARN]: *  at net.minecraftforge.fml.common.registry.IForgeRegistryEntry$Impl.setRegistryName(IForgeRegistryEntry.java:63)
[10:21:24] [Client thread/WARN]: *  at slimeknights.tconstruct.common.TinkerPulse.register(TinkerPulse.java:128)
[10:21:24] [Client thread/WARN]: *  at slimeknights.tconstruct.common.TinkerPulse.registerBlock(TinkerPulse.java:111)
[10:21:24] [Client thread/WARN]: *  at slimeknights.tconstruct.common.TinkerPulse.registerBlock(TinkerPulse.java:69)...
[10:21:24] [Client thread/WARN]: ****************************************
[10:21:24] [Client thread/WARN]: ****************************************
[10:21:24] [Client thread/WARN]: * Dangerous alternative prefix `tconstruct` for name `molten_invar`, expected `moartinkers` invalid registry invocation/invalid name?
[10:21:24] [Client thread/WARN]: *  at net.minecraftforge.fml.common.registry.IForgeRegistryEntry$Impl.setRegistryName(IForgeRegistryEntry.java:82)
[10:21:24] [Client thread/WARN]: *  at net.minecraftforge.fml.common.registry.IForgeRegistryEntry$Impl.setRegistryName(IForgeRegistryEntry.java:90)
[10:21:24] [Client thread/WARN]: *  at net.minecraftforge.fml.common.registry.IForgeRegistryEntry$Impl.setRegistryName(IForgeRegistryEntry.java:63)
[10:21:24] [Client thread/WARN]: *  at slimeknights.tconstruct.common.TinkerPulse.register(TinkerPulse.java:128)
[10:21:24] [Client thread/WARN]: *  at slimeknights.tconstruct.common.TinkerPulse.registerBlock(TinkerPulse.java:110)
[10:21:24] [Client thread/WARN]: *  at slimeknights.tconstruct.common.TinkerPulse.registerBlock(TinkerPulse.java:69)...
[10:21:24] [Client thread/WARN]: ****************************************
[10:21:24] [Client thread/WARN]: ****************************************
[10:21:24] [Client thread/WARN]: * Dangerous alternative prefix `tconstruct` for name `molten_invar`, expected `moartinkers` invalid registry invocation/invalid name?
[10:21:24] [Client thread/WARN]: *  at net.minecraftforge.fml.common.registry.IForgeRegistryEntry$Impl.setRegistryName(IForgeRegistryEntry.java:82)
[10:21:24] [Client thread/WARN]: *  at net.minecraftforge.fml.common.registry.IForgeRegistryEntry$Impl.setRegistryName(IForgeRegistryEntry.java:90)
[10:21:24] [Client thread/WARN]: *  at net.minecraftforge.fml.common.registry.IForgeRegistryEntry$Impl.setRegistryName(IForgeRegistryEntry.java:63)
[10:21:24] [Client thread/WARN]: *  at slimeknights.tconstruct.common.TinkerPulse.register(TinkerPulse.java:128)
[10:21:24] [Client thread/WARN]: *  at slimeknights.tconstruct.common.TinkerPulse.registerBlock(TinkerPulse.java:111)
[10:21:24] [Client thread/WARN]: *  at slimeknights.tconstruct.common.TinkerPulse.registerBlock(TinkerPulse.java:69)...
[10:21:24] [Client thread/WARN]: ****************************************
[10:21:24] [Client thread/WARN]: ****************************************
[10:21:24] [Client thread/WARN]: * Dangerous alternative prefix `tconstruct` for name `molten_refinedobsidian`, expected `moartinkers` invalid registry invocation/invalid name?
[10:21:24] [Client thread/WARN]: *  at net.minecraftforge.fml.common.registry.IForgeRegistryEntry$Impl.setRegistryName(IForgeRegistryEntry.java:82)
[10:21:24] [Client thread/WARN]: *  at net.minecraftforge.fml.common.registry.IForgeRegistryEntry$Impl.setRegistryName(IForgeRegistryEntry.java:90)
[10:21:24] [Client thread/WARN]: *  at net.minecraftforge.fml.common.registry.IForgeRegistryEntry$Impl.setRegistryName(IForgeRegistryEntry.java:63)
[10:21:24] [Client thread/WARN]: *  at slimeknights.tconstruct.common.TinkerPulse.register(TinkerPulse.java:128)
[10:21:24] [Client thread/WARN]: *  at slimeknights.tconstruct.common.TinkerPulse.registerBlock(TinkerPulse.java:110)
[10:21:24] [Client thread/WARN]: *  at slimeknights.tconstruct.common.TinkerPulse.registerBlock(TinkerPulse.java:69)...
[10:21:24] [Client thread/WARN]: ****************************************
[10:21:24] [Client thread/WARN]: ****************************************
[10:21:24] [Client thread/WARN]: * Dangerous alternative prefix `tconstruct` for name `molten_refinedobsidian`, expected `moartinkers` invalid registry invocation/invalid name?
[10:21:24] [Client thread/WARN]: *  at net.minecraftforge.fml.common.registry.IForgeRegistryEntry$Impl.setRegistryName(IForgeRegistryEntry.java:82)
[10:21:24] [Client thread/WARN]: *  at net.minecraftforge.fml.common.registry.IForgeRegistryEntry$Impl.setRegistryName(IForgeRegistryEntry.java:90)
[10:21:24] [Client thread/WARN]: *  at net.minecraftforge.fml.common.registry.IForgeRegistryEntry$Impl.setRegistryName(IForgeRegistryEntry.java:63)
[10:21:24] [Client thread/WARN]: *  at slimeknights.tconstruct.common.TinkerPulse.register(TinkerPulse.java:128)
[10:21:24] [Client thread/WARN]: *  at slimeknights.tconstruct.common.TinkerPulse.registerBlock(TinkerPulse.java:111)
[10:21:24] [Client thread/WARN]: *  at slimeknights.tconstruct.common.TinkerPulse.registerBlock(TinkerPulse.java:69)...
[10:21:24] [Client thread/WARN]: ****************************************
[10:21:24] [Client thread/WARN]: ****************************************
[10:21:24] [Client thread/WARN]: * Dangerous alternative prefix `tconstruct` for name `molten_refinedglowstone`, expected `moartinkers` invalid registry invocation/invalid name?
[10:21:24] [Client thread/WARN]: *  at net.minecraftforge.fml.common.registry.IForgeRegistryEntry$Impl.setRegistryName(IForgeRegistryEntry.java:82)
[10:21:24] [Client thread/WARN]: *  at net.minecraftforge.fml.common.registry.IForgeRegistryEntry$Impl.setRegistryName(IForgeRegistryEntry.java:90)
[10:21:24] [Client thread/WARN]: *  at net.minecraftforge.fml.common.registry.IForgeRegistryEntry$Impl.setRegistryName(IForgeRegistryEntry.java:63)
[10:21:24] [Client thread/WARN]: *  at slimeknights.tconstruct.common.TinkerPulse.register(TinkerPulse.java:128)
[10:21:24] [Client thread/WARN]: *  at slimeknights.tconstruct.common.TinkerPulse.registerBlock(TinkerPulse.java:110)
[10:21:24] [Client thread/WARN]: *  at slimeknights.tconstruct.common.TinkerPulse.registerBlock(TinkerPulse.java:69)...
[10:21:24] [Client thread/WARN]: ****************************************
[10:21:24] [Client thread/WARN]: ****************************************
[10:21:24] [Client thread/WARN]: * Dangerous alternative prefix `tconstruct` for name `molten_refinedglowstone`, expected `moartinkers` invalid registry invocation/invalid name?
[10:21:24] [Client thread/WARN]: *  at net.minecraftforge.fml.common.registry.IForgeRegistryEntry$Impl.setRegistryName(IForgeRegistryEntry.java:82)
[10:21:24] [Client thread/WARN]: *  at net.minecraftforge.fml.common.registry.IForgeRegistryEntry$Impl.setRegistryName(IForgeRegistryEntry.java:90)
[10:21:24] [Client thread/WARN]: *  at net.minecraftforge.fml.common.registry.IForgeRegistryEntry$Impl.setRegistryName(IForgeRegistryEntry.java:63)
[10:21:24] [Client thread/WARN]: *  at slimeknights.tconstruct.common.TinkerPulse.register(TinkerPulse.java:128)
[10:21:24] [Client thread/WARN]: *  at slimeknights.tconstruct.common.TinkerPulse.registerBlock(TinkerPulse.java:111)
[10:21:24] [Client thread/WARN]: *  at slimeknights.tconstruct.common.TinkerPulse.registerBlock(TinkerPulse.java:69)...
[10:21:24] [Client thread/WARN]: ****************************************
[10:21:24] [Client thread/WARN]: ****************************************
[10:21:24] [Client thread/WARN]: * Dangerous alternative prefix `tconstruct` for name `molten_osmium`, expected `moartinkers` invalid registry invocation/invalid name?
[10:21:24] [Client thread/WARN]: *  at net.minecraftforge.fml.common.registry.IForgeRegistryEntry$Impl.setRegistryName(IForgeRegistryEntry.java:82)
[10:21:24] [Client thread/WARN]: *  at net.minecraftforge.fml.common.registry.IForgeRegistryEntry$Impl.setRegistryName(IForgeRegistryEntry.java:90)
[10:21:24] [Client thread/WARN]: *  at net.minecraftforge.fml.common.registry.IForgeRegistryEntry$Impl.setRegistryName(IForgeRegistryEntry.java:63)
[10:21:24] [Client thread/WARN]: *  at slimeknights.tconstruct.common.TinkerPulse.register(TinkerPulse.java:128)
[10:21:24] [Client thread/WARN]: *  at slimeknights.tconstruct.common.TinkerPulse.registerBlock(TinkerPulse.java:110)
[10:21:24] [Client thread/WARN]: *  at slimeknights.tconstruct.common.TinkerPulse.registerBlock(TinkerPulse.java:69)...
[10:21:24] [Client thread/WARN]: ****************************************
[10:21:24] [Client thread/WARN]: ****************************************
[10:21:24] [Client thread/WARN]: * Dangerous alternative prefix `tconstruct` for name `molten_osmium`, expected `moartinkers` invalid registry invocation/invalid name?
[10:21:24] [Client thread/WARN]: *  at net.minecraftforge.fml.common.registry.IForgeRegistryEntry$Impl.setRegistryName(IForgeRegistryEntry.java:82)
[10:21:24] [Client thread/WARN]: *  at net.minecraftforge.fml.common.registry.IForgeRegistryEntry$Impl.setRegistryName(IForgeRegistryEntry.java:90)
[10:21:24] [Client thread/WARN]: *  at net.minecraftforge.fml.common.registry.IForgeRegistryEntry$Impl.setRegistryName(IForgeRegistryEntry.java:63)
[10:21:24] [Client thread/WARN]: *  at slimeknights.tconstruct.common.TinkerPulse.register(TinkerPulse.java:128)
[10:21:24] [Client thread/WARN]: *  at slimeknights.tconstruct.common.TinkerPulse.registerBlock(TinkerPulse.java:111)
[10:21:24] [Client thread/WARN]: *  at slimeknights.tconstruct.common.TinkerPulse.registerBlock(TinkerPulse.java:69)...
[10:21:24] [Client thread/WARN]: ****************************************
[10:21:24] [Client thread/WARN]: ****************************************
[10:21:24] [Client thread/WARN]: * Dangerous alternative prefix `tconstruct` for name `molten_manasteel`, expected `moartinkers` invalid registry invocation/invalid name?
[10:21:24] [Client thread/WARN]: *  at net.minecraftforge.fml.common.registry.IForgeRegistryEntry$Impl.setRegistryName(IForgeRegistryEntry.java:82)
[10:21:24] [Client thread/WARN]: *  at net.minecraftforge.fml.common.registry.IForgeRegistryEntry$Impl.setRegistryName(IForgeRegistryEntry.java:90)
[10:21:24] [Client thread/WARN]: *  at net.minecraftforge.fml.common.registry.IForgeRegistryEntry$Impl.setRegistryName(IForgeRegistryEntry.java:63)
[10:21:24] [Client thread/WARN]: *  at slimeknights.tconstruct.common.TinkerPulse.register(TinkerPulse.java:128)
[10:21:24] [Client thread/WARN]: *  at slimeknights.tconstruct.common.TinkerPulse.registerBlock(TinkerPulse.java:110)
[10:21:24] [Client thread/WARN]: *  at slimeknights.tconstruct.common.TinkerPulse.registerBlock(TinkerPulse.java:69)...
[10:21:24] [Client thread/WARN]: ****************************************
[10:21:24] [Client thread/WARN]: ****************************************
[10:21:24] [Client thread/WARN]: * Dangerous alternative prefix `tconstruct` for name `molten_manasteel`, expected `moartinkers` invalid registry invocation/invalid name?
[10:21:24] [Client thread/WARN]: *  at net.minecraftforge.fml.common.registry.IForgeRegistryEntry$Impl.setRegistryName(IForgeRegistryEntry.java:82)
[10:21:24] [Client thread/WARN]: *  at net.minecraftforge.fml.common.registry.IForgeRegistryEntry$Impl.setRegistryName(IForgeRegistryEntry.java:90)
[10:21:24] [Client thread/WARN]: *  at net.minecraftforge.fml.common.registry.IForgeRegistryEntry$Impl.setRegistryName(IForgeRegistryEntry.java:63)
[10:21:24] [Client thread/WARN]: *  at slimeknights.tconstruct.common.TinkerPulse.register(TinkerPulse.java:128)
[10:21:24] [Client thread/WARN]: *  at slimeknights.tconstruct.common.TinkerPulse.registerBlock(TinkerPulse.java:111)
[10:21:24] [Client thread/WARN]: *  at slimeknights.tconstruct.common.TinkerPulse.registerBlock(TinkerPulse.java:69)...
[10:21:24] [Client thread/WARN]: ****************************************
[10:21:24] [Client thread/WARN]: ****************************************
[10:21:24] [Client thread/WARN]: * Dangerous alternative prefix `tconstruct` for name `molten_terrasteel`, expected `moartinkers` invalid registry invocation/invalid name?
[10:21:24] [Client thread/WARN]: *  at net.minecraftforge.fml.common.registry.IForgeRegistryEntry$Impl.setRegistryName(IForgeRegistryEntry.java:82)
[10:21:24] [Client thread/WARN]: *  at net.minecraftforge.fml.common.registry.IForgeRegistryEntry$Impl.setRegistryName(IForgeRegistryEntry.java:90)
[10:21:24] [Client thread/WARN]: *  at net.minecraftforge.fml.common.registry.IForgeRegistryEntry$Impl.setRegistryName(IForgeRegistryEntry.java:63)
[10:21:24] [Client thread/WARN]: *  at slimeknights.tconstruct.common.TinkerPulse.register(TinkerPulse.java:128)
[10:21:24] [Client thread/WARN]: *  at slimeknights.tconstruct.common.TinkerPulse.registerBlock(TinkerPulse.java:110)
[10:21:24] [Client thread/WARN]: *  at slimeknights.tconstruct.common.TinkerPulse.registerBlock(TinkerPulse.java:69)...
[10:21:24] [Client thread/WARN]: ****************************************
[10:21:24] [Client thread/WARN]: ****************************************
[10:21:24] [Client thread/WARN]: * Dangerous alternative prefix `tconstruct` for name `molten_terrasteel`, expected `moartinkers` invalid registry invocation/invalid name?
[10:21:24] [Client thread/WARN]: *  at net.minecraftforge.fml.common.registry.IForgeRegistryEntry$Impl.setRegistryName(IForgeRegistryEntry.java:82)
[10:21:24] [Client thread/WARN]: *  at net.minecraftforge.fml.common.registry.IForgeRegistryEntry$Impl.setRegistryName(IForgeRegistryEntry.java:90)
[10:21:24] [Client thread/WARN]: *  at net.minecraftforge.fml.common.registry.IForgeRegistryEntry$Impl.setRegistryName(IForgeRegistryEntry.java:63)
[10:21:24] [Client thread/WARN]: *  at slimeknights.tconstruct.common.TinkerPulse.register(TinkerPulse.java:128)
[10:21:24] [Client thread/WARN]: *  at slimeknights.tconstruct.common.TinkerPulse.registerBlock(TinkerPulse.java:111)
[10:21:24] [Client thread/WARN]: *  at slimeknights.tconstruct.common.TinkerPulse.registerBlock(TinkerPulse.java:69)...
[10:21:24] [Client thread/WARN]: ****************************************
[10:21:24] [Client thread/WARN]: ****************************************
[10:21:24] [Client thread/WARN]: * Dangerous alternative prefix `tconstruct` for name `molten_elvenelementium`, expected `moartinkers` invalid registry invocation/invalid name?
[10:21:24] [Client thread/WARN]: *  at net.minecraftforge.fml.common.registry.IForgeRegistryEntry$Impl.setRegistryName(IForgeRegistryEntry.java:82)
[10:21:24] [Client thread/WARN]: *  at net.minecraftforge.fml.common.registry.IForgeRegistryEntry$Impl.setRegistryName(IForgeRegistryEntry.java:90)
[10:21:24] [Client thread/WARN]: *  at net.minecraftforge.fml.common.registry.IForgeRegistryEntry$Impl.setRegistryName(IForgeRegistryEntry.java:63)
[10:21:24] [Client thread/WARN]: *  at slimeknights.tconstruct.common.TinkerPulse.register(TinkerPulse.java:128)
[10:21:24] [Client thread/WARN]: *  at slimeknights.tconstruct.common.TinkerPulse.registerBlock(TinkerPulse.java:110)
[10:21:24] [Client thread/WARN]: *  at slimeknights.tconstruct.common.TinkerPulse.registerBlock(TinkerPulse.java:69)...
[10:21:24] [Client thread/WARN]: ****************************************
[10:21:24] [Client thread/WARN]: ****************************************
[10:21:24] [Client thread/WARN]: * Dangerous alternative prefix `tconstruct` for name `molten_elvenelementium`, expected `moartinkers` invalid registry invocation/invalid name?
[10:21:24] [Client thread/WARN]: *  at net.minecraftforge.fml.common.registry.IForgeRegistryEntry$Impl.setRegistryName(IForgeRegistryEntry.java:82)
[10:21:24] [Client thread/WARN]: *  at net.minecraftforge.fml.common.registry.IForgeRegistryEntry$Impl.setRegistryName(IForgeRegistryEntry.java:90)
[10:21:24] [Client thread/WARN]: *  at net.minecraftforge.fml.common.registry.IForgeRegistryEntry$Impl.setRegistryName(IForgeRegistryEntry.java:63)
[10:21:24] [Client thread/WARN]: *  at slimeknights.tconstruct.common.TinkerPulse.register(TinkerPulse.java:128)
[10:21:24] [Client thread/WARN]: *  at slimeknights.tconstruct.common.TinkerPulse.registerBlock(TinkerPulse.java:111)
[10:21:24] [Client thread/WARN]: *  at slimeknights.tconstruct.common.TinkerPulse.registerBlock(TinkerPulse.java:69)...
[10:21:24] [Client thread/WARN]: ****************************************
[10:21:24] [Client thread/WARN]: ****************************************
[10:21:24] [Client thread/WARN]: * Dangerous alternative prefix `tconstruct` for name `molten_gaia`, expected `moartinkers` invalid registry invocation/invalid name?
[10:21:24] [Client thread/WARN]: *  at net.minecraftforge.fml.common.registry.IForgeRegistryEntry$Impl.setRegistryName(IForgeRegistryEntry.java:82)
[10:21:24] [Client thread/WARN]: *  at net.minecraftforge.fml.common.registry.IForgeRegistryEntry$Impl.setRegistryName(IForgeRegistryEntry.java:90)
[10:21:24] [Client thread/WARN]: *  at net.minecraftforge.fml.common.registry.IForgeRegistryEntry$Impl.setRegistryName(IForgeRegistryEntry.java:63)
[10:21:24] [Client thread/WARN]: *  at slimeknights.tconstruct.common.TinkerPulse.register(TinkerPulse.java:128)
[10:21:24] [Client thread/WARN]: *  at slimeknights.tconstruct.common.TinkerPulse.registerBlock(TinkerPulse.java:110)
[10:21:24] [Client thread/WARN]: *  at slimeknights.tconstruct.common.TinkerPulse.registerBlock(TinkerPulse.java:69)...
[10:21:24] [Client thread/WARN]: ****************************************
[10:21:24] [Client thread/WARN]: ****************************************
[10:21:24] [Client thread/WARN]: * Dangerous alternative prefix `tconstruct` for name `molten_gaia`, expected `moartinkers` invalid registry invocation/invalid name?
[10:21:24] [Client thread/WARN]: *  at net.minecraftforge.fml.common.registry.IForgeRegistryEntry$Impl.setRegistryName(IForgeRegistryEntry.java:82)
[10:21:24] [Client thread/WARN]: *  at net.minecraftforge.fml.common.registry.IForgeRegistryEntry$Impl.setRegistryName(IForgeRegistryEntry.java:90)
[10:21:24] [Client thread/WARN]: *  at net.minecraftforge.fml.common.registry.IForgeRegistryEntry$Impl.setRegistryName(IForgeRegistryEntry.java:63)
[10:21:24] [Client thread/WARN]: *  at slimeknights.tconstruct.common.TinkerPulse.register(TinkerPulse.java:128)
[10:21:24] [Client thread/WARN]: *  at slimeknights.tconstruct.common.TinkerPulse.registerBlock(TinkerPulse.java:111)
[10:21:24] [Client thread/WARN]: *  at slimeknights.tconstruct.common.TinkerPulse.registerBlock(TinkerPulse.java:69)...
[10:21:24] [Client thread/WARN]: ****************************************
[10:21:24] [Client thread/WARN]: ****************************************
[10:21:24] [Client thread/WARN]: * Dangerous alternative prefix `tconstruct` for name `molten_blutonium`, expected `moartinkers` invalid registry invocation/invalid name?
[10:21:24] [Client thread/WARN]: *  at net.minecraftforge.fml.common.registry.IForgeRegistryEntry$Impl.setRegistryName(IForgeRegistryEntry.java:82)
[10:21:24] [Client thread/WARN]: *  at net.minecraftforge.fml.common.registry.IForgeRegistryEntry$Impl.setRegistryName(IForgeRegistryEntry.java:90)
[10:21:24] [Client thread/WARN]: *  at net.minecraftforge.fml.common.registry.IForgeRegistryEntry$Impl.setRegistryName(IForgeRegistryEntry.java:63)
[10:21:24] [Client thread/WARN]: *  at slimeknights.tconstruct.common.TinkerPulse.register(TinkerPulse.java:128)
[10:21:24] [Client thread/WARN]: *  at slimeknights.tconstruct.common.TinkerPulse.registerBlock(TinkerPulse.java:110)
[10:21:24] [Client thread/WARN]: *  at slimeknights.tconstruct.common.TinkerPulse.registerBlock(TinkerPulse.java:69)...
[10:21:24] [Client thread/WARN]: ****************************************
[10:21:24] [Client thread/WARN]: ****************************************
[10:21:24] [Client thread/WARN]: * Dangerous alternative prefix `tconstruct` for name `molten_blutonium`, expected `moartinkers` invalid registry invocation/invalid name?
[10:21:24] [Client thread/WARN]: *  at net.minecraftforge.fml.common.registry.IForgeRegistryEntry$Impl.setRegistryName(IForgeRegistryEntry.java:82)
[10:21:24] [Client thread/WARN]: *  at net.minecraftforge.fml.common.registry.IForgeRegistryEntry$Impl.setRegistryName(IForgeRegistryEntry.java:90)
[10:21:24] [Client thread/WARN]: *  at net.minecraftforge.fml.common.registry.IForgeRegistryEntry$Impl.setRegistryName(IForgeRegistryEntry.java:63)
[10:21:24] [Client thread/WARN]: *  at slimeknights.tconstruct.common.TinkerPulse.register(TinkerPulse.java:128)
[10:21:24] [Client thread/WARN]: *  at slimeknights.tconstruct.common.TinkerPulse.registerBlock(TinkerPulse.java:111)
[10:21:24] [Client thread/WARN]: *  at slimeknights.tconstruct.common.TinkerPulse.registerBlock(TinkerPulse.java:69)...
[10:21:24] [Client thread/WARN]: ****************************************
[10:21:24] [Client thread/WARN]: ****************************************
[10:21:24] [Client thread/WARN]: * Dangerous alternative prefix `tconstruct` for name `molten_ludicrite`, expected `moartinkers` invalid registry invocation/invalid name?
[10:21:24] [Client thread/WARN]: *  at net.minecraftforge.fml.common.registry.IForgeRegistryEntry$Impl.setRegistryName(IForgeRegistryEntry.java:82)
[10:21:24] [Client thread/WARN]: *  at net.minecraftforge.fml.common.registry.IForgeRegistryEntry$Impl.setRegistryName(IForgeRegistryEntry.java:90)
[10:21:24] [Client thread/WARN]: *  at net.minecraftforge.fml.common.registry.IForgeRegistryEntry$Impl.setRegistryName(IForgeRegistryEntry.java:63)
[10:21:24] [Client thread/WARN]: *  at slimeknights.tconstruct.common.TinkerPulse.register(TinkerPulse.java:128)
[10:21:24] [Client thread/WARN]: *  at slimeknights.tconstruct.common.TinkerPulse.registerBlock(TinkerPulse.java:110)
[10:21:24] [Client thread/WARN]: *  at slimeknights.tconstruct.common.TinkerPulse.registerBlock(TinkerPulse.java:69)...
[10:21:24] [Client thread/WARN]: ****************************************
[10:21:24] [Client thread/WARN]: ****************************************
[10:21:24] [Client thread/WARN]: * Dangerous alternative prefix `tconstruct` for name `molten_ludicrite`, expected `moartinkers` invalid registry invocation/invalid name?
[10:21:24] [Client thread/WARN]: *  at net.minecraftforge.fml.common.registry.IForgeRegistryEntry$Impl.setRegistryName(IForgeRegistryEntry.java:82)
[10:21:24] [Client thread/WARN]: *  at net.minecraftforge.fml.common.registry.IForgeRegistryEntry$Impl.setRegistryName(IForgeRegistryEntry.java:90)
[10:21:24] [Client thread/WARN]: *  at net.minecraftforge.fml.common.registry.IForgeRegistryEntry$Impl.setRegistryName(IForgeRegistryEntry.java:63)
[10:21:24] [Client thread/WARN]: *  at slimeknights.tconstruct.common.TinkerPulse.register(TinkerPulse.java:128)
[10:21:24] [Client thread/WARN]: *  at slimeknights.tconstruct.common.TinkerPulse.registerBlock(TinkerPulse.java:111)
[10:21:24] [Client thread/WARN]: *  at slimeknights.tconstruct.common.TinkerPulse.registerBlock(TinkerPulse.java:69)...
[10:21:24] [Client thread/WARN]: ****************************************
[10:21:24] [Client thread/WARN]: ****************************************
[10:21:24] [Client thread/WARN]: * Dangerous alternative prefix `tconstruct` for name `molten_quartzenrichediron`, expected `moartinkers` invalid registry invocation/invalid name?
[10:21:24] [Client thread/WARN]: *  at net.minecraftforge.fml.common.registry.IForgeRegistryEntry$Impl.setRegistryName(IForgeRegistryEntry.java:82)
[10:21:24] [Client thread/WARN]: *  at net.minecraftforge.fml.common.registry.IForgeRegistryEntry$Impl.setRegistryName(IForgeRegistryEntry.java:90)
[10:21:24] [Client thread/WARN]: *  at net.minecraftforge.fml.common.registry.IForgeRegistryEntry$Impl.setRegistryName(IForgeRegistryEntry.java:63)
[10:21:24] [Client thread/WARN]: *  at slimeknights.tconstruct.common.TinkerPulse.register(TinkerPulse.java:128)
[10:21:24] [Client thread/WARN]: *  at slimeknights.tconstruct.common.TinkerPulse.registerBlock(TinkerPulse.java:110)
[10:21:24] [Client thread/WARN]: *  at slimeknights.tconstruct.common.TinkerPulse.registerBlock(TinkerPulse.java:69)...
[10:21:24] [Client thread/WARN]: ****************************************
[10:21:24] [Client thread/WARN]: ****************************************
[10:21:24] [Client thread/WARN]: * Dangerous alternative prefix `tconstruct` for name `molten_quartzenrichediron`, expected `moartinkers` invalid registry invocation/invalid name?
[10:21:24] [Client thread/WARN]: *  at net.minecraftforge.fml.common.registry.IForgeRegistryEntry$Impl.setRegistryName(IForgeRegistryEntry.java:82)
[10:21:24] [Client thread/WARN]: *  at net.minecraftforge.fml.common.registry.IForgeRegistryEntry$Impl.setRegistryName(IForgeRegistryEntry.java:90)
[10:21:24] [Client thread/WARN]: *  at net.minecraftforge.fml.common.registry.IForgeRegistryEntry$Impl.setRegistryName(IForgeRegistryEntry.java:63)
[10:21:24] [Client thread/WARN]: *  at slimeknights.tconstruct.common.TinkerPulse.register(TinkerPulse.java:128)
[10:21:24] [Client thread/WARN]: *  at slimeknights.tconstruct.common.TinkerPulse.registerBlock(TinkerPulse.java:111)
[10:21:24] [Client thread/WARN]: *  at slimeknights.tconstruct.common.TinkerPulse.registerBlock(TinkerPulse.java:69)...
[10:21:24] [Client thread/WARN]: ****************************************
[10:21:24] [Client thread/WARN]: ****************************************
[10:21:24] [Client thread/WARN]: * Dangerous alternative prefix `tconstruct` for name `molten_enchantedmetal`, expected `moartinkers` invalid registry invocation/invalid name?
[10:21:24] [Client thread/WARN]: *  at net.minecraftforge.fml.common.registry.IForgeRegistryEntry$Impl.setRegistryName(IForgeRegistryEntry.java:82)
[10:21:24] [Client thread/WARN]: *  at net.minecraftforge.fml.common.registry.IForgeRegistryEntry$Impl.setRegistryName(IForgeRegistryEntry.java:90)
[10:21:24] [Client thread/WARN]: *  at net.minecraftforge.fml.common.registry.IForgeRegistryEntry$Impl.setRegistryName(IForgeRegistryEntry.java:63)
[10:21:24] [Client thread/WARN]: *  at slimeknights.tconstruct.common.TinkerPulse.register(TinkerPulse.java:128)
[10:21:24] [Client thread/WARN]: *  at slimeknights.tconstruct.common.TinkerPulse.registerBlock(TinkerPulse.java:110)
[10:21:24] [Client thread/WARN]: *  at slimeknights.tconstruct.common.TinkerPulse.registerBlock(TinkerPulse.java:69)...
[10:21:24] [Client thread/WARN]: ****************************************
[10:21:24] [Client thread/WARN]: ****************************************
[10:21:24] [Client thread/WARN]: * Dangerous alternative prefix `tconstruct` for name `molten_enchantedmetal`, expected `moartinkers` invalid registry invocation/invalid name?
[10:21:24] [Client thread/WARN]: *  at net.minecraftforge.fml.common.registry.IForgeRegistryEntry$Impl.setRegistryName(IForgeRegistryEntry.java:82)
[10:21:24] [Client thread/WARN]: *  at net.minecraftforge.fml.common.registry.IForgeRegistryEntry$Impl.setRegistryName(IForgeRegistryEntry.java:90)
[10:21:24] [Client thread/WARN]: *  at net.minecraftforge.fml.common.registry.IForgeRegistryEntry$Impl.setRegistryName(IForgeRegistryEntry.java:63)
[10:21:24] [Client thread/WARN]: *  at slimeknights.tconstruct.common.TinkerPulse.register(TinkerPulse.java:128)
[10:21:24] [Client thread/WARN]: *  at slimeknights.tconstruct.common.TinkerPulse.registerBlock(TinkerPulse.java:111)
[10:21:24] [Client thread/WARN]: *  at slimeknights.tconstruct.common.TinkerPulse.registerBlock(TinkerPulse.java:69)...
[10:21:24] [Client thread/WARN]: ****************************************
[10:21:24] [Client thread/WARN]: ****************************************
[10:21:24] [Client thread/WARN]: * Dangerous alternative prefix `tconstruct` for name `molten_psi`, expected `moartinkers` invalid registry invocation/invalid name?
[10:21:24] [Client thread/WARN]: *  at net.minecraftforge.fml.common.registry.IForgeRegistryEntry$Impl.setRegistryName(IForgeRegistryEntry.java:82)
[10:21:24] [Client thread/WARN]: *  at net.minecraftforge.fml.common.registry.IForgeRegistryEntry$Impl.setRegistryName(IForgeRegistryEntry.java:90)
[10:21:24] [Client thread/WARN]: *  at net.minecraftforge.fml.common.registry.IForgeRegistryEntry$Impl.setRegistryName(IForgeRegistryEntry.java:63)
[10:21:24] [Client thread/WARN]: *  at slimeknights.tconstruct.common.TinkerPulse.register(TinkerPulse.java:128)
[10:21:24] [Client thread/WARN]: *  at slimeknights.tconstruct.common.TinkerPulse.registerBlock(TinkerPulse.java:110)
[10:21:24] [Client thread/WARN]: *  at slimeknights.tconstruct.common.TinkerPulse.registerBlock(TinkerPulse.java:69)...
[10:21:24] [Client thread/WARN]: ****************************************
[10:21:24] [Client thread/WARN]: ****************************************
[10:21:24] [Client thread/WARN]: * Dangerous alternative prefix `tconstruct` for name `molten_psi`, expected `moartinkers` invalid registry invocation/invalid name?
[10:21:24] [Client thread/WARN]: *  at net.minecraftforge.fml.common.registry.IForgeRegistryEntry$Impl.setRegistryName(IForgeRegistryEntry.java:82)
[10:21:24] [Client thread/WARN]: *  at net.minecraftforge.fml.common.registry.IForgeRegistryEntry$Impl.setRegistryName(IForgeRegistryEntry.java:90)
[10:21:24] [Client thread/WARN]: *  at net.minecraftforge.fml.common.registry.IForgeRegistryEntry$Impl.setRegistryName(IForgeRegistryEntry.java:63)
[10:21:24] [Client thread/WARN]: *  at slimeknights.tconstruct.common.TinkerPulse.register(TinkerPulse.java:128)
[10:21:24] [Client thread/WARN]: *  at slimeknights.tconstruct.common.TinkerPulse.registerBlock(TinkerPulse.java:111)
[10:21:24] [Client thread/WARN]: *  at slimeknights.tconstruct.common.TinkerPulse.registerBlock(TinkerPulse.java:69)...
[10:21:24] [Client thread/WARN]: ****************************************
[10:21:24] [Client thread/WARN]: ****************************************
[10:21:24] [Client thread/WARN]: * Dangerous alternative prefix `tconstruct` for name `molten_ivorypsi`, expected `moartinkers` invalid registry invocation/invalid name?
[10:21:24] [Client thread/WARN]: *  at net.minecraftforge.fml.common.registry.IForgeRegistryEntry$Impl.setRegistryName(IForgeRegistryEntry.java:82)
[10:21:24] [Client thread/WARN]: *  at net.minecraftforge.fml.common.registry.IForgeRegistryEntry$Impl.setRegistryName(IForgeRegistryEntry.java:90)
[10:21:24] [Client thread/WARN]: *  at net.minecraftforge.fml.common.registry.IForgeRegistryEntry$Impl.setRegistryName(IForgeRegistryEntry.java:63)
[10:21:24] [Client thread/WARN]: *  at slimeknights.tconstruct.common.TinkerPulse.register(TinkerPulse.java:128)
[10:21:24] [Client thread/WARN]: *  at slimeknights.tconstruct.common.TinkerPulse.registerBlock(TinkerPulse.java:110)
[10:21:24] [Client thread/WARN]: *  at slimeknights.tconstruct.common.TinkerPulse.registerBlock(TinkerPulse.java:69)...
[10:21:24] [Client thread/WARN]: ****************************************
[10:21:24] [Client thread/WARN]: ****************************************
[10:21:24] [Client thread/WARN]: * Dangerous alternative prefix `tconstruct` for name `molten_ivorypsi`, expected `moartinkers` invalid registry invocation/invalid name?
[10:21:24] [Client thread/WARN]: *  at net.minecraftforge.fml.common.registry.IForgeRegistryEntry$Impl.setRegistryName(IForgeRegistryEntry.java:82)
[10:21:24] [Client thread/WARN]: *  at net.minecraftforge.fml.common.registry.IForgeRegistryEntry$Impl.setRegistryName(IForgeRegistryEntry.java:90)
[10:21:24] [Client thread/WARN]: *  at net.minecraftforge.fml.common.registry.IForgeRegistryEntry$Impl.setRegistryName(IForgeRegistryEntry.java:63)
[10:21:24] [Client thread/WARN]: *  at slimeknights.tconstruct.common.TinkerPulse.register(TinkerPulse.java:128)
[10:21:24] [Client thread/WARN]: *  at slimeknights.tconstruct.common.TinkerPulse.registerBlock(TinkerPulse.java:111)
[10:21:24] [Client thread/WARN]: *  at slimeknights.tconstruct.common.TinkerPulse.registerBlock(TinkerPulse.java:69)...
[10:21:24] [Client thread/WARN]: ****************************************
[10:21:24] [Client thread/WARN]: ****************************************
[10:21:24] [Client thread/WARN]: * Dangerous alternative prefix `tconstruct` for name `molten_ebonypsi`, expected `moartinkers` invalid registry invocation/invalid name?
[10:21:24] [Client thread/WARN]: *  at net.minecraftforge.fml.common.registry.IForgeRegistryEntry$Impl.setRegistryName(IForgeRegistryEntry.java:82)
[10:21:24] [Client thread/WARN]: *  at net.minecraftforge.fml.common.registry.IForgeRegistryEntry$Impl.setRegistryName(IForgeRegistryEntry.java:90)
[10:21:24] [Client thread/WARN]: *  at net.minecraftforge.fml.common.registry.IForgeRegistryEntry$Impl.setRegistryName(IForgeRegistryEntry.java:63)
[10:21:24] [Client thread/WARN]: *  at slimeknights.tconstruct.common.TinkerPulse.register(TinkerPulse.java:128)
[10:21:24] [Client thread/WARN]: *  at slimeknights.tconstruct.common.TinkerPulse.registerBlock(TinkerPulse.java:110)
[10:21:24] [Client thread/WARN]: *  at slimeknights.tconstruct.common.TinkerPulse.registerBlock(TinkerPulse.java:69)...
[10:21:24] [Client thread/WARN]: ****************************************
[10:21:24] [Client thread/WARN]: ****************************************
[10:21:24] [Client thread/WARN]: * Dangerous alternative prefix `tconstruct` for name `molten_ebonypsi`, expected `moartinkers` invalid registry invocation/invalid name?
[10:21:24] [Client thread/WARN]: *  at net.minecraftforge.fml.common.registry.IForgeRegistryEntry$Impl.setRegistryName(IForgeRegistryEntry.java:82)
[10:21:24] [Client thread/WARN]: *  at net.minecraftforge.fml.common.registry.IForgeRegistryEntry$Impl.setRegistryName(IForgeRegistryEntry.java:90)
[10:21:24] [Client thread/WARN]: *  at net.minecraftforge.fml.common.registry.IForgeRegistryEntry$Impl.setRegistryName(IForgeRegistryEntry.java:63)
[10:21:24] [Client thread/WARN]: *  at slimeknights.tconstruct.common.TinkerPulse.register(TinkerPulse.java:128)
[10:21:24] [Client thread/WARN]: *  at slimeknights.tconstruct.common.TinkerPulse.registerBlock(TinkerPulse.java:111)
[10:21:24] [Client thread/WARN]: *  at slimeknights.tconstruct.common.TinkerPulse.registerBlock(TinkerPulse.java:69)...
[10:21:24] [Client thread/WARN]: ****************************************
[10:21:24] [Client thread/WARN]: ****************************************
[10:21:24] [Client thread/WARN]: * Dangerous alternative prefix `tconstruct` for name `molten_electrumflux`, expected `moartinkers` invalid registry invocation/invalid name?
[10:21:24] [Client thread/WARN]: *  at net.minecraftforge.fml.common.registry.IForgeRegistryEntry$Impl.setRegistryName(IForgeRegistryEntry.java:82)
[10:21:24] [Client thread/WARN]: *  at net.minecraftforge.fml.common.registry.IForgeRegistryEntry$Impl.setRegistryName(IForgeRegistryEntry.java:90)
[10:21:24] [Client thread/WARN]: *  at net.minecraftforge.fml.common.registry.IForgeRegistryEntry$Impl.setRegistryName(IForgeRegistryEntry.java:63)
[10:21:24] [Client thread/WARN]: *  at slimeknights.tconstruct.common.TinkerPulse.register(TinkerPulse.java:128)
[10:21:24] [Client thread/WARN]: *  at slimeknights.tconstruct.common.TinkerPulse.registerBlock(TinkerPulse.java:110)
[10:21:24] [Client thread/WARN]: *  at slimeknights.tconstruct.common.TinkerPulse.registerBlock(TinkerPulse.java:69)...
[10:21:24] [Client thread/WARN]: ****************************************
[10:21:24] [Client thread/WARN]: ****************************************
[10:21:24] [Client thread/WARN]: * Dangerous alternative prefix `tconstruct` for name `molten_electrumflux`, expected `moartinkers` invalid registry invocation/invalid name?
[10:21:24] [Client thread/WARN]: *  at net.minecraftforge.fml.common.registry.IForgeRegistryEntry$Impl.setRegistryName(IForgeRegistryEntry.java:82)
[10:21:24] [Client thread/WARN]: *  at net.minecraftforge.fml.common.registry.IForgeRegistryEntry$Impl.setRegistryName(IForgeRegistryEntry.java:90)
[10:21:24] [Client thread/WARN]: *  at net.minecraftforge.fml.common.registry.IForgeRegistryEntry$Impl.setRegistryName(IForgeRegistryEntry.java:63)
[10:21:24] [Client thread/WARN]: *  at slimeknights.tconstruct.common.TinkerPulse.register(TinkerPulse.java:128)
[10:21:24] [Client thread/WARN]: *  at slimeknights.tconstruct.common.TinkerPulse.registerBlock(TinkerPulse.java:111)
[10:21:24] [Client thread/WARN]: *  at slimeknights.tconstruct.common.TinkerPulse.registerBlock(TinkerPulse.java:69)...
[10:21:24] [Client thread/WARN]: ****************************************
[10:21:24] [Client thread/WARN]: ****************************************
[10:21:24] [Client thread/WARN]: * Dangerous alternative prefix `tconstruct` for name `molten_refinediron`, expected `moartinkers` invalid registry invocation/invalid name?
[10:21:24] [Client thread/WARN]: *  at net.minecraftforge.fml.common.registry.IForgeRegistryEntry$Impl.setRegistryName(IForgeRegistryEntry.java:82)
[10:21:24] [Client thread/WARN]: *  at net.minecraftforge.fml.common.registry.IForgeRegistryEntry$Impl.setRegistryName(IForgeRegistryEntry.java:90)
[10:21:24] [Client thread/WARN]: *  at net.minecraftforge.fml.common.registry.IForgeRegistryEntry$Impl.setRegistryName(IForgeRegistryEntry.java:63)
[10:21:24] [Client thread/WARN]: *  at slimeknights.tconstruct.common.TinkerPulse.register(TinkerPulse.java:128)
[10:21:24] [Client thread/WARN]: *  at slimeknights.tconstruct.common.TinkerPulse.registerBlock(TinkerPulse.java:110)
[10:21:24] [Client thread/WARN]: *  at slimeknights.tconstruct.common.TinkerPulse.registerBlock(TinkerPulse.java:69)...
[10:21:24] [Client thread/WARN]: ****************************************
[10:21:24] [Client thread/WARN]: ****************************************
[10:21:24] [Client thread/WARN]: * Dangerous alternative prefix `tconstruct` for name `molten_refinediron`, expected `moartinkers` invalid registry invocation/invalid name?
[10:21:24] [Client thread/WARN]: *  at net.minecraftforge.fml.common.registry.IForgeRegistryEntry$Impl.setRegistryName(IForgeRegistryEntry.java:82)
[10:21:24] [Client thread/WARN]: *  at net.minecraftforge.fml.common.registry.IForgeRegistryEntry$Impl.setRegistryName(IForgeRegistryEntry.java:90)
[10:21:24] [Client thread/WARN]: *  at net.minecraftforge.fml.common.registry.IForgeRegistryEntry$Impl.setRegistryName(IForgeRegistryEntry.java:63)
[10:21:24] [Client thread/WARN]: *  at slimeknights.tconstruct.common.TinkerPulse.register(TinkerPulse.java:128)
[10:21:24] [Client thread/WARN]: *  at slimeknights.tconstruct.common.TinkerPulse.registerBlock(TinkerPulse.java:111)
[10:21:24] [Client thread/WARN]: *  at slimeknights.tconstruct.common.TinkerPulse.registerBlock(TinkerPulse.java:69)...
[10:21:24] [Client thread/WARN]: ****************************************
[10:21:24] [Client thread/WARN]: ****************************************
[10:21:24] [Client thread/WARN]: * Dangerous alternative prefix `tconstruct` for name `molten_tungsten`, expected `moartinkers` invalid registry invocation/invalid name?
[10:21:24] [Client thread/WARN]: *  at net.minecraftforge.fml.common.registry.IForgeRegistryEntry$Impl.setRegistryName(IForgeRegistryEntry.java:82)
[10:21:24] [Client thread/WARN]: *  at net.minecraftforge.fml.common.registry.IForgeRegistryEntry$Impl.setRegistryName(IForgeRegistryEntry.java:90)
[10:21:24] [Client thread/WARN]: *  at net.minecraftforge.fml.common.registry.IForgeRegistryEntry$Impl.setRegistryName(IForgeRegistryEntry.java:63)
[10:21:24] [Client thread/WARN]: *  at slimeknights.tconstruct.common.TinkerPulse.register(TinkerPulse.java:128)
[10:21:24] [Client thread/WARN]: *  at slimeknights.tconstruct.common.TinkerPulse.registerBlock(TinkerPulse.java:110)
[10:21:24] [Client thread/WARN]: *  at slimeknights.tconstruct.common.TinkerPulse.registerBlock(TinkerPulse.java:69)...
[10:21:24] [Client thread/WARN]: ****************************************
[10:21:24] [Client thread/WARN]: ****************************************
[10:21:24] [Client thread/WARN]: * Dangerous alternative prefix `tconstruct` for name `molten_tungsten`, expected `moartinkers` invalid registry invocation/invalid name?
[10:21:24] [Client thread/WARN]: *  at net.minecraftforge.fml.common.registry.IForgeRegistryEntry$Impl.setRegistryName(IForgeRegistryEntry.java:82)
[10:21:24] [Client thread/WARN]: *  at net.minecraftforge.fml.common.registry.IForgeRegistryEntry$Impl.setRegistryName(IForgeRegistryEntry.java:90)
[10:21:24] [Client thread/WARN]: *  at net.minecraftforge.fml.common.registry.IForgeRegistryEntry$Impl.setRegistryName(IForgeRegistryEntry.java:63)
[10:21:24] [Client thread/WARN]: *  at slimeknights.tconstruct.common.TinkerPulse.register(TinkerPulse.java:128)
[10:21:24] [Client thread/WARN]: *  at slimeknights.tconstruct.common.TinkerPulse.registerBlock(TinkerPulse.java:111)
[10:21:24] [Client thread/WARN]: *  at slimeknights.tconstruct.common.TinkerPulse.registerBlock(TinkerPulse.java:69)...
[10:21:24] [Client thread/WARN]: ****************************************
[10:21:24] [Client thread/WARN]: ****************************************
[10:21:24] [Client thread/WARN]: * Dangerous alternative prefix `tconstruct` for name `molten_tungstensteel`, expected `moartinkers` invalid registry invocation/invalid name?
[10:21:24] [Client thread/WARN]: *  at net.minecraftforge.fml.common.registry.IForgeRegistryEntry$Impl.setRegistryName(IForgeRegistryEntry.java:82)
[10:21:24] [Client thread/WARN]: *  at net.minecraftforge.fml.common.registry.IForgeRegistryEntry$Impl.setRegistryName(IForgeRegistryEntry.java:90)
[10:21:24] [Client thread/WARN]: *  at net.minecraftforge.fml.common.registry.IForgeRegistryEntry$Impl.setRegistryName(IForgeRegistryEntry.java:63)
[10:21:24] [Client thread/WARN]: *  at slimeknights.tconstruct.common.TinkerPulse.register(TinkerPulse.java:128)
[10:21:24] [Client thread/WARN]: *  at slimeknights.tconstruct.common.TinkerPulse.registerBlock(TinkerPulse.java:110)
[10:21:24] [Client thread/WARN]: *  at slimeknights.tconstruct.common.TinkerPulse.registerBlock(TinkerPulse.java:69)...
[10:21:24] [Client thread/WARN]: ****************************************
[10:21:24] [Client thread/WARN]: ****************************************
[10:21:24] [Client thread/WARN]: * Dangerous alternative prefix `tconstruct` for name `molten_tungstensteel`, expected `moartinkers` invalid registry invocation/invalid name?
[10:21:24] [Client thread/WARN]: *  at net.minecraftforge.fml.common.registry.IForgeRegistryEntry$Impl.setRegistryName(IForgeRegistryEntry.java:82)
[10:21:24] [Client thread/WARN]: *  at net.minecraftforge.fml.common.registry.IForgeRegistryEntry$Impl.setRegistryName(IForgeRegistryEntry.java:90)
[10:21:24] [Client thread/WARN]: *  at net.minecraftforge.fml.common.registry.IForgeRegistryEntry$Impl.setRegistryName(IForgeRegistryEntry.java:63)
[10:21:24] [Client thread/WARN]: *  at slimeknights.tconstruct.common.TinkerPulse.register(TinkerPulse.java:128)
[10:21:24] [Client thread/WARN]: *  at slimeknights.tconstruct.common.TinkerPulse.registerBlock(TinkerPulse.java:111)
[10:21:24] [Client thread/WARN]: *  at slimeknights.tconstruct.common.TinkerPulse.registerBlock(TinkerPulse.java:69)...
[10:21:24] [Client thread/WARN]: ****************************************
[10:21:24] [Client thread/WARN]: ****************************************
[10:21:24] [Client thread/WARN]: * Dangerous alternative prefix `tconstruct` for name `molten_titanium`, expected `moartinkers` invalid registry invocation/invalid name?
[10:21:24] [Client thread/WARN]: *  at net.minecraftforge.fml.common.registry.IForgeRegistryEntry$Impl.setRegistryName(IForgeRegistryEntry.java:82)
[10:21:24] [Client thread/WARN]: *  at net.minecraftforge.fml.common.registry.IForgeRegistryEntry$Impl.setRegistryName(IForgeRegistryEntry.java:90)
[10:21:24] [Client thread/WARN]: *  at net.minecraftforge.fml.common.registry.IForgeRegistryEntry$Impl.setRegistryName(IForgeRegistryEntry.java:63)
[10:21:24] [Client thread/WARN]: *  at slimeknights.tconstruct.common.TinkerPulse.register(TinkerPulse.java:128)
[10:21:24] [Client thread/WARN]: *  at slimeknights.tconstruct.common.TinkerPulse.registerBlock(TinkerPulse.java:110)
[10:21:24] [Client thread/WARN]: *  at slimeknights.tconstruct.common.TinkerPulse.registerBlock(TinkerPulse.java:69)...
[10:21:24] [Client thread/WARN]: ****************************************
[10:21:24] [Client thread/WARN]: ****************************************
[10:21:24] [Client thread/WARN]: * Dangerous alternative prefix `tconstruct` for name `molten_titanium`, expected `moartinkers` invalid registry invocation/invalid name?
[10:21:24] [Client thread/WARN]: *  at net.minecraftforge.fml.common.registry.IForgeRegistryEntry$Impl.setRegistryName(IForgeRegistryEntry.java:82)
[10:21:24] [Client thread/WARN]: *  at net.minecraftforge.fml.common.registry.IForgeRegistryEntry$Impl.setRegistryName(IForgeRegistryEntry.java:90)
[10:21:24] [Client thread/WARN]: *  at net.minecraftforge.fml.common.registry.IForgeRegistryEntry$Impl.setRegistryName(IForgeRegistryEntry.java:63)
[10:21:24] [Client thread/WARN]: *  at slimeknights.tconstruct.common.TinkerPulse.register(TinkerPulse.java:128)
[10:21:24] [Client thread/WARN]: *  at slimeknights.tconstruct.common.TinkerPulse.registerBlock(TinkerPulse.java:111)
[10:21:24] [Client thread/WARN]: *  at slimeknights.tconstruct.common.TinkerPulse.registerBlock(TinkerPulse.java:69)...
[10:21:24] [Client thread/WARN]: ****************************************
[10:21:24] [Client thread/WARN]: ****************************************
[10:21:24] [Client thread/WARN]: * Dangerous alternative prefix `tconstruct` for name `molten_chrome`, expected `moartinkers` invalid registry invocation/invalid name?
[10:21:24] [Client thread/WARN]: *  at net.minecraftforge.fml.common.registry.IForgeRegistryEntry$Impl.setRegistryName(IForgeRegistryEntry.java:82)
[10:21:24] [Client thread/WARN]: *  at net.minecraftforge.fml.common.registry.IForgeRegistryEntry$Impl.setRegistryName(IForgeRegistryEntry.java:90)
[10:21:24] [Client thread/WARN]: *  at net.minecraftforge.fml.common.registry.IForgeRegistryEntry$Impl.setRegistryName(IForgeRegistryEntry.java:63)
[10:21:24] [Client thread/WARN]: *  at slimeknights.tconstruct.common.TinkerPulse.register(TinkerPulse.java:128)
[10:21:24] [Client thread/WARN]: *  at slimeknights.tconstruct.common.TinkerPulse.registerBlock(TinkerPulse.java:110)
[10:21:24] [Client thread/WARN]: *  at slimeknights.tconstruct.common.TinkerPulse.registerBlock(TinkerPulse.java:69)...
[10:21:24] [Client thread/WARN]: ****************************************
[10:21:24] [Client thread/WARN]: ****************************************
[10:21:24] [Client thread/WARN]: * Dangerous alternative prefix `tconstruct` for name `molten_chrome`, expected `moartinkers` invalid registry invocation/invalid name?
[10:21:24] [Client thread/WARN]: *  at net.minecraftforge.fml.common.registry.IForgeRegistryEntry$Impl.setRegistryName(IForgeRegistryEntry.java:82)
[10:21:24] [Client thread/WARN]: *  at net.minecraftforge.fml.common.registry.IForgeRegistryEntry$Impl.setRegistryName(IForgeRegistryEntry.java:90)
[10:21:24] [Client thread/WARN]: *  at net.minecraftforge.fml.common.registry.IForgeRegistryEntry$Impl.setRegistryName(IForgeRegistryEntry.java:63)
[10:21:24] [Client thread/WARN]: *  at slimeknights.tconstruct.common.TinkerPulse.register(TinkerPulse.java:128)
[10:21:24] [Client thread/WARN]: *  at slimeknights.tconstruct.common.TinkerPulse.registerBlock(TinkerPulse.java:111)
[10:21:24] [Client thread/WARN]: *  at slimeknights.tconstruct.common.TinkerPulse.registerBlock(TinkerPulse.java:69)...
[10:21:24] [Client thread/WARN]: ****************************************
[10:21:24] [Client thread/WARN]: ****************************************
[10:21:24] [Client thread/WARN]: * Dangerous alternative prefix `tconstruct` for name `molten_advancedalloy`, expected `moartinkers` invalid registry invocation/invalid name?
[10:21:24] [Client thread/WARN]: *  at net.minecraftforge.fml.common.registry.IForgeRegistryEntry$Impl.setRegistryName(IForgeRegistryEntry.java:82)
[10:21:24] [Client thread/WARN]: *  at net.minecraftforge.fml.common.registry.IForgeRegistryEntry$Impl.setRegistryName(IForgeRegistryEntry.java:90)
[10:21:24] [Client thread/WARN]: *  at net.minecraftforge.fml.common.registry.IForgeRegistryEntry$Impl.setRegistryName(IForgeRegistryEntry.java:63)
[10:21:24] [Client thread/WARN]: *  at slimeknights.tconstruct.common.TinkerPulse.register(TinkerPulse.java:128)
[10:21:24] [Client thread/WARN]: *  at slimeknights.tconstruct.common.TinkerPulse.registerBlock(TinkerPulse.java:110)
[10:21:24] [Client thread/WARN]: *  at slimeknights.tconstruct.common.TinkerPulse.registerBlock(TinkerPulse.java:69)...
[10:21:24] [Client thread/WARN]: ****************************************
[10:21:24] [Client thread/WARN]: ****************************************
[10:21:24] [Client thread/WARN]: * Dangerous alternative prefix `tconstruct` for name `molten_advancedalloy`, expected `moartinkers` invalid registry invocation/invalid name?
[10:21:24] [Client thread/WARN]: *  at net.minecraftforge.fml.common.registry.IForgeRegistryEntry$Impl.setRegistryName(IForgeRegistryEntry.java:82)
[10:21:24] [Client thread/WARN]: *  at net.minecraftforge.fml.common.registry.IForgeRegistryEntry$Impl.setRegistryName(IForgeRegistryEntry.java:90)
[10:21:24] [Client thread/WARN]: *  at net.minecraftforge.fml.common.registry.IForgeRegistryEntry$Impl.setRegistryName(IForgeRegistryEntry.java:63)
[10:21:24] [Client thread/WARN]: *  at slimeknights.tconstruct.common.TinkerPulse.register(TinkerPulse.java:128)
[10:21:24] [Client thread/WARN]: *  at slimeknights.tconstruct.common.TinkerPulse.registerBlock(TinkerPulse.java:111)
[10:21:24] [Client thread/WARN]: *  at slimeknights.tconstruct.common.TinkerPulse.registerBlock(TinkerPulse.java:69)...
[10:21:24] [Client thread/WARN]: ****************************************
[10:21:24] [Client thread/INFO]: OBJLoader: Domain moartinkers has been added.
[10:21:24] [Client thread/INFO]: Starting PreInitialization for modtweaker
[10:21:24] [Client thread/INFO]: Loading configuration
[10:21:24] [Client thread/INFO]: Registered MPUtils SaveHandler: BTSaveHandler
[10:21:24] [Client thread/INFO]: Pre Initializing...
[10:21:24] [Client thread/INFO]: Registered sound block.fusion_run
[10:21:24] [Client thread/INFO]: Registered sound block.accelerator_run
[10:21:24] [Client thread/INFO]: Registered sound player.geiger_tick
[10:21:24] [Client thread/INFO]: Registered sound music.wanderer
[10:21:24] [Client thread/INFO]: Registered sound music.end_of_the_world
[10:21:24] [Client thread/INFO]: Registered sound music.money_for_nothing
[10:21:25] [Client thread/INFO]: Registered block ore
[10:21:25] [Client thread/INFO]: Registered block ingot_block
[10:21:25] [Client thread/INFO]: Registered block fission_block
[10:21:25] [Client thread/INFO]: Registered block reactor_casing_transparent
[10:21:25] [Client thread/INFO]: Registered block cell_block
[10:21:25] [Client thread/INFO]: Registered block cooler
[10:21:25] [Client thread/INFO]: Registered block reactor_door
[10:21:25] [Client thread/INFO]: Registered block reactor_trapdoor
[10:21:25] [Client thread/INFO]: Registered block block_depleted_thorium
[10:21:25] [Client thread/INFO]: Registered block block_depleted_uranium
[10:21:25] [Client thread/INFO]: Registered block block_ice
[10:21:25] [Client thread/INFO]: Registered block nuclear_furnace_idle
[10:21:25] [Client thread/INFO]: Registered block nuclear_furnace_active
[10:21:25] [Client thread/INFO]: Registered block manufactory_idle
[10:21:25] [Client thread/INFO]: Registered block manufactory_active
[10:21:25] [Client thread/INFO]: Registered block isotope_separator_idle
[10:21:25] [Client thread/INFO]: Registered block isotope_separator_active
[10:21:25] [Client thread/INFO]: Registered block decay_hastener_idle
[10:21:25] [Client thread/INFO]: Registered block decay_hastener_active
[10:21:25] [Client thread/INFO]: Registered block fuel_reprocessor_idle
[10:21:25] [Client thread/INFO]: Registered block fuel_reprocessor_active
[10:21:25] [Client thread/INFO]: Registered block alloy_furnace_idle
[10:21:25] [Client thread/INFO]: Registered block alloy_furnace_active
[10:21:25] [Client thread/INFO]: Registered block infuser_idle
[10:21:25] [Client thread/INFO]: Registered block infuser_active
[10:21:25] [Client thread/INFO]: Registered block melter_idle
[10:21:25] [Client thread/INFO]: Registered block melter_active
[10:21:25] [Client thread/INFO]: Registered block supercooler_idle
[10:21:25] [Client thread/INFO]: Registered block supercooler_active
[10:21:25] [Client thread/INFO]: Registered block electrolyser_idle
[10:21:25] [Client thread/INFO]: Registered block electrolyser_active
[10:21:25] [Client thread/INFO]: Registered block irradiator_idle
[10:21:25] [Client thread/INFO]: Registered block irradiator_active
[10:21:25] [Client thread/INFO]: Registered block ingot_former_idle
[10:21:25] [Client thread/INFO]: Registered block ingot_former_active
[10:21:25] [Client thread/INFO]: Registered block pressurizer_idle
[10:21:25] [Client thread/INFO]: Registered block pressurizer_active
[10:21:25] [Client thread/INFO]: Registered block chemical_reactor_idle
[10:21:25] [Client thread/INFO]: Registered block chemical_reactor_active
[10:21:25] [Client thread/INFO]: Registered block salt_mixer_idle
[10:21:25] [Client thread/INFO]: Registered block salt_mixer_active
[10:21:25] [Client thread/INFO]: Registered block crystallizer_idle
[10:21:25] [Client thread/INFO]: Registered block crystallizer_active
[10:21:25] [Client thread/INFO]: Registered block dissolver_idle
[10:21:25] [Client thread/INFO]: Registered block dissolver_active
[10:21:25] [Client thread/INFO]: Registered block machine_interface
[10:21:25] [Client thread/INFO]: Registered block fission_controller_idle
[10:21:25] [Client thread/INFO]: Registered block fission_controller_active
[10:21:25] [Client thread/INFO]: Registered block fission_port
[10:21:25] [Client thread/INFO]: Registered block fusion_core
[10:21:25] [Client thread/INFO]: Registered block fusion_dummy_side
[10:21:25] [Client thread/INFO]: Registered block fusion_dummy_top
[10:21:25] [Client thread/INFO]: Registered block fusion_connector
[10:21:25] [Client thread/INFO]: Registered block rtg_uranium
[10:21:25] [Client thread/INFO]: Registered block rtg_plutonium
[10:21:25] [Client thread/INFO]: Registered block rtg_americium
[10:21:25] [Client thread/INFO]: Registered block rtg_californium
[10:21:25] [Client thread/INFO]: Registered block solar_panel_basic
[10:21:25] [Client thread/INFO]: Registered block decay_generator
[10:21:25] [Client thread/INFO]: Registered block voltaic_pile_basic
[10:21:25] [Client thread/INFO]: Registered block lithium_ion_battery_basic
[10:21:25] [Client thread/INFO]: Registered block buffer
[10:21:25] [Client thread/INFO]: Registered block active_cooler
[10:21:25] [Client thread/INFO]: Registered block bin
[10:21:25] [Client thread/INFO]: Registered block fusion_electromagnet_idle
[10:21:25] [Client thread/INFO]: Registered block fusion_electromagnet_active
[10:21:25] [Client thread/INFO]: Registered block fusion_electromagnet_transparent_idle
[10:21:25] [Client thread/INFO]: Registered block fusion_electromagnet_transparent_active
[10:21:25] [Client thread/INFO]: Registered block accelerator_electromagnet_idle
[10:21:25] [Client thread/INFO]: Registered block accelerator_electromagnet_active
[10:21:25] [Client thread/INFO]: Registered block electromagnet_supercooler_idle
[10:21:25] [Client thread/INFO]: Registered block electromagnet_supercooler_active
[10:21:25] [Client thread/INFO]: Registered block helium_collector
[10:21:25] [Client thread/INFO]: Registered block cobblestone_generator
[10:21:25] [Client thread/INFO]: Registered block water_source
[10:21:25] [Client thread/INFO]: Registered block nitrogen_collector
[10:21:25] [Client thread/INFO]: Registered block glowing_mushroom
[10:21:25] [Client thread/INFO]: Registered fluid fluid_oxygen
[10:21:25] [Client thread/INFO]: Registered fluid fluid_hydrogen
[10:21:25] [Client thread/INFO]: Registered fluid fluid_deuterium
[10:21:25] [Client thread/INFO]: Registered fluid fluid_tritium
[10:21:25] [Client thread/INFO]: Registered fluid fluid_helium3
[10:21:25] [Client thread/INFO]: Registered fluid fluid_helium
[10:21:25] [Client thread/INFO]: Registered fluid fluid_steam
[10:21:25] [Client thread/INFO]: Registered fluid fluid_liquidhelium
[10:21:25] [Client thread/INFO]: Registered fluid fluid_plasma
[10:21:25] [Client thread/INFO]: Registered fluid fluid_lithium6
[10:21:25] [Client thread/INFO]: Registered fluid fluid_lithium7
[10:21:25] [Client thread/INFO]: Registered fluid fluid_boron10
[10:21:25] [Client thread/INFO]: Registered fluid fluid_boron11
[10:21:25] [Client thread/INFO]: Registered fluid fluid_neutron
[10:21:25] [Client thread/INFO]: Registered fluid fluid_fluorine
[10:21:25] [Client thread/INFO]: Registered fluid fluid_nitrogen
[10:21:25] [Client thread/INFO]: Registered fluid fluid_ammonia
[10:21:25] [Client thread/INFO]: Registered fluid fluid_ethanol
[10:21:25] [Client thread/INFO]: Registered fluid fluid_boric_acid
[10:21:25] [Client thread/INFO]: Registered fluid fluid_diborane
[10:21:25] [Client thread/INFO]: Registered fluid fluid_radaway
[10:21:25] [Client thread/INFO]: Registered fluid fluid_beryllium
[10:21:25] [Client thread/INFO]: Registered fluid fluid_lif
[10:21:25] [Client thread/INFO]: Registered fluid fluid_bef2
[10:21:25] [Client thread/INFO]: Registered fluid fluid_flibe
[10:21:25] [Client thread/INFO]: Registered fluid fluid_boron_nitride_solution
[10:21:25] [Client thread/INFO]: Registered fluid fluid_coolant
[10:21:25] [Client thread/INFO]: Registered fluid fluid_sulfur
[10:21:25] [Client thread/INFO]: Registered fluid fluid_sulfur_dioxide
[10:21:25] [Client thread/INFO]: Registered fluid fluid_sulfur_trioxide
[10:21:25] [Client thread/INFO]: Registered fluid fluid_sulfuric_acid
[10:21:25] [Client thread/INFO]: Registered fluid fluid_fluorite_water
[10:21:25] [Client thread/INFO]: Registered fluid fluid_calcium_sulfate_solution
[10:21:25] [Client thread/INFO]: Registered fluid fluid_hydrofluoric_acid
[10:21:25] [Client thread/INFO]: Registered fluid fluid_oxygen_difluoride
[10:21:25] [Client thread/INFO]: Registered item ingot
[10:21:25] [Client thread/INFO]: Registered item ingot_oxide
[10:21:25] [Client thread/INFO]: Registered item dust
[10:21:25] [Client thread/INFO]: Registered item dust_oxide
[10:21:25] [Client thread/INFO]: Registered item gem
[10:21:25] [Client thread/INFO]: Registered item gem_dust
[10:21:25] [Client thread/INFO]: Registered item alloy
[10:21:25] [Client thread/INFO]: Registered item compound
[10:21:25] [Client thread/INFO]: Registered item part
[10:21:25] [Client thread/INFO]: Registered item upgrade
[10:21:25] [Client thread/INFO]: Registered item fuel_rod_empty
[10:21:25] [Client thread/INFO]: Registered item tiny_dust_lead
[10:21:25] [Client thread/INFO]: Registered item reactor_door_item
[10:21:25] [Client thread/INFO]: Registered item thorium
[10:21:25] [Client thread/INFO]: Registered item uranium
[10:21:25] [Client thread/INFO]: Registered item neptunium
[10:21:25] [Client thread/INFO]: Registered item plutonium
[10:21:25] [Client thread/INFO]: Registered item americium
[10:21:25] [Client thread/INFO]: Registered item curium
[10:21:25] [Client thread/INFO]: Registered item berkelium
[10:21:25] [Client thread/INFO]: Registered item californium
[10:21:25] [Client thread/INFO]: Registered item fuel_thorium
[10:21:25] [Client thread/INFO]: Registered item fuel_uranium
[10:21:25] [Client thread/INFO]: Registered item fuel_neptunium
[10:21:25] [Client thread/INFO]: Registered item fuel_plutonium
[10:21:25] [Client thread/INFO]: Registered item fuel_mixed_oxide
[10:21:25] [Client thread/INFO]: Registered item fuel_americium
[10:21:25] [Client thread/INFO]: Registered item fuel_curium
[10:21:25] [Client thread/INFO]: Registered item fuel_berkelium
[10:21:25] [Client thread/INFO]: Registered item fuel_californium
[10:21:25] [Client thread/INFO]: Registered item fuel_rod_thorium
[10:21:25] [Client thread/INFO]: Registered item fuel_rod_uranium
[10:21:25] [Client thread/INFO]: Registered item fuel_rod_neptunium
[10:21:25] [Client thread/INFO]: Registered item fuel_rod_plutonium
[10:21:25] [Client thread/INFO]: Registered item fuel_rod_mixed_oxide
[10:21:25] [Client thread/INFO]: Registered item fuel_rod_americium
[10:21:25] [Client thread/INFO]: Registered item fuel_rod_curium
[10:21:25] [Client thread/INFO]: Registered item fuel_rod_berkelium
[10:21:25] [Client thread/INFO]: Registered item fuel_rod_californium
[10:21:25] [Client thread/INFO]: Registered item depleted_fuel_rod_thorium
[10:21:25] [Client thread/INFO]: Registered item depleted_fuel_rod_uranium
[10:21:25] [Client thread/INFO]: Registered item depleted_fuel_rod_neptunium
[10:21:25] [Client thread/INFO]: Registered item depleted_fuel_rod_plutonium
[10:21:25] [Client thread/INFO]: Registered item depleted_fuel_rod_mixed_oxide
[10:21:25] [Client thread/INFO]: Registered item depleted_fuel_rod_americium
[10:21:25] [Client thread/INFO]: Registered item depleted_fuel_rod_curium
[10:21:25] [Client thread/INFO]: Registered item depleted_fuel_rod_berkelium
[10:21:25] [Client thread/INFO]: Registered item depleted_fuel_rod_californium
[10:21:25] [Client thread/INFO]: Registered item boron
[10:21:25] [Client thread/INFO]: Registered item lithium
[10:21:25] [Client thread/INFO]: Registered item portable_ender_chest
[10:21:25] [Client thread/INFO]: Registered item dominos
[10:21:25] [Client thread/INFO]: Registered item record_wanderer
[10:21:25] [Client thread/INFO]: Registered item record_end_of_the_world
[10:21:25] [Client thread/INFO]: Registered item record_money_for_nothing
[10:21:25] [Client thread/INFO]: Registered tool sword_boron
[10:21:25] [Client thread/INFO]: Registered tool pickaxe_boron
[10:21:25] [Client thread/INFO]: Registered tool shovel_boron
[10:21:25] [Client thread/INFO]: Registered tool axe_boron
[10:21:25] [Client thread/INFO]: Registered tool hoe_boron
[10:21:25] [Client thread/INFO]: Registered tool spaxelhoe_boron
[10:21:25] [Client thread/INFO]: Registered tool sword_tough
[10:21:25] [Client thread/INFO]: Registered tool pickaxe_tough
[10:21:25] [Client thread/INFO]: Registered tool shovel_tough
[10:21:25] [Client thread/INFO]: Registered tool axe_tough
[10:21:25] [Client thread/INFO]: Registered tool hoe_tough
[10:21:25] [Client thread/INFO]: Registered tool spaxelhoe_tough
[10:21:25] [Client thread/INFO]: Registered tool sword_hard_carbon
[10:21:25] [Client thread/INFO]: Registered tool pickaxe_hard_carbon
[10:21:25] [Client thread/INFO]: Registered tool shovel_hard_carbon
[10:21:25] [Client thread/INFO]: Registered tool axe_hard_carbon
[10:21:25] [Client thread/INFO]: Registered tool hoe_hard_carbon
[10:21:25] [Client thread/INFO]: Registered tool spaxelhoe_hard_carbon
[10:21:25] [Client thread/INFO]: Registered tool sword_boron_nitride
[10:21:25] [Client thread/INFO]: Registered tool pickaxe_boron_nitride
[10:21:25] [Client thread/INFO]: Registered tool shovel_boron_nitride
[10:21:25] [Client thread/INFO]: Registered tool axe_boron_nitride
[10:21:25] [Client thread/INFO]: Registered tool hoe_boron_nitride
[10:21:25] [Client thread/INFO]: Registered tool spaxelhoe_boron_nitride
[10:21:25] [Client thread/INFO]: Registered armor piece helm_boron
[10:21:25] [Client thread/INFO]: Registered armor piece chest_boron
[10:21:25] [Client thread/INFO]: Registered armor piece legs_boron
[10:21:25] [Client thread/INFO]: Registered armor piece boots_boron
[10:21:25] [Client thread/INFO]: Registered armor piece helm_tough
[10:21:25] [Client thread/INFO]: Registered armor piece chest_tough
[10:21:25] [Client thread/INFO]: Registered armor piece legs_tough
[10:21:25] [Client thread/INFO]: Registered armor piece boots_tough
[10:21:25] [Client thread/INFO]: Registered armor piece helm_hard_carbon
[10:21:25] [Client thread/INFO]: Registered armor piece chest_hard_carbon
[10:21:25] [Client thread/INFO]: Registered armor piece legs_hard_carbon
[10:21:25] [Client thread/INFO]: Registered armor piece boots_hard_carbon
[10:21:25] [Client thread/INFO]: Registered armor piece helm_boron_nitride
[10:21:25] [Client thread/INFO]: Registered armor piece chest_boron_nitride
[10:21:25] [Client thread/INFO]: Registered armor piece legs_boron_nitride
[10:21:25] [Client thread/INFO]: Registered armor piece boots_boron_nitride
[10:21:25] [Client thread/INFO]: Registered tile entities
[10:21:25] [Client thread/INFO]: OBJLoader: Domain nuclearcraft has been added.
[10:21:25] [Client thread/INFO]: Registered render for block ore_copper
[10:21:25] [Client thread/INFO]: Registered render for block ore_tin
[10:21:25] [Client thread/INFO]: Registered render for block ore_lead
[10:21:25] [Client thread/INFO]: Registered render for block ore_thorium
[10:21:25] [Client thread/INFO]: Registered render for block ore_uranium
[10:21:25] [Client thread/INFO]: Registered render for block ore_boron
[10:21:25] [Client thread/INFO]: Registered render for block ore_lithium
[10:21:25] [Client thread/INFO]: Registered render for block ore_magnesium
[10:21:25] [Client thread/INFO]: Registered render for block ingot_block_copper
[10:21:25] [Client thread/INFO]: Registered render for block ingot_block_tin
[10:21:25] [Client thread/INFO]: Registered render for block ingot_block_lead
[10:21:25] [Client thread/INFO]: Registered render for block ingot_block_thorium
[10:21:25] [Client thread/INFO]: Registered render for block ingot_block_uranium
[10:21:25] [Client thread/INFO]: Registered render for block ingot_block_boron
[10:21:25] [Client thread/INFO]: Registered render for block ingot_block_lithium
[10:21:25] [Client thread/INFO]: Registered render for block ingot_block_magnesium
[10:21:25] [Client thread/INFO]: Registered render for block ingot_block_graphite
[10:21:25] [Client thread/INFO]: Registered render for block ingot_block_beryllium
[10:21:25] [Client thread/INFO]: Registered render for block ingot_block_zirconium
[10:21:25] [Client thread/INFO]: Registered render for block fission_block_casing
[10:21:25] [Client thread/INFO]: Registered render for block fission_block_blast
[10:21:25] [Client thread/INFO]: Registered render for block reactor_casing_transparent
[10:21:25] [Client thread/INFO]: Registered render for block cell_block
[10:21:25] [Client thread/INFO]: Registered render for block cooler_empty
[10:21:25] [Client thread/INFO]: Registered render for block cooler_water
[10:21:25] [Client thread/INFO]: Registered render for block cooler_redstone
[10:21:25] [Client thread/INFO]: Registered render for block cooler_quartz
[10:21:25] [Client thread/INFO]: Registered render for block cooler_gold
[10:21:25] [Client thread/INFO]: Registered render for block cooler_glowstone
[10:21:25] [Client thread/INFO]: Registered render for block cooler_lapis
[10:21:25] [Client thread/INFO]: Registered render for block cooler_diamond
[10:21:25] [Client thread/INFO]: Registered render for block cooler_helium
[10:21:25] [Client thread/INFO]: Registered render for block cooler_enderium
[10:21:25] [Client thread/INFO]: Registered render for block cooler_cryotheum
[10:21:25] [Client thread/INFO]: Registered render for block reactor_door
[10:21:25] [Client thread/INFO]: Registered render for block reactor_trapdoor
[10:21:25] [Client thread/INFO]: Registered render for block block_depleted_thorium
[10:21:25] [Client thread/INFO]: Registered render for block block_depleted_uranium
[10:21:25] [Client thread/INFO]: Registered render for block block_ice
[10:21:25] [Client thread/INFO]: Registered render for block nuclear_furnace_idle
[10:21:25] [Client thread/INFO]: Registered render for block nuclear_furnace_active
[10:21:25] [Client thread/INFO]: Registered render for block manufactory_idle
[10:21:25] [Client thread/INFO]: Registered render for block manufactory_active
[10:21:25] [Client thread/INFO]: Registered render for block isotope_separator_idle
[10:21:25] [Client thread/INFO]: Registered render for block isotope_separator_active
[10:21:25] [Client thread/INFO]: Registered render for block decay_hastener_idle
[10:21:25] [Client thread/INFO]: Registered render for block decay_hastener_active
[10:21:25] [Client thread/INFO]: Registered render for block fuel_reprocessor_idle
[10:21:25] [Client thread/INFO]: Registered render for block fuel_reprocessor_active
[10:21:25] [Client thread/INFO]: Registered render for block alloy_furnace_idle
[10:21:25] [Client thread/INFO]: Registered render for block alloy_furnace_active
[10:21:25] [Client thread/INFO]: Registered render for block infuser_idle
[10:21:25] [Client thread/INFO]: Registered render for block infuser_active
[10:21:25] [Client thread/INFO]: Registered render for block melter_idle
[10:21:25] [Client thread/INFO]: Registered render for block melter_active
[10:21:25] [Client thread/INFO]: Registered render for block supercooler_idle
[10:21:25] [Client thread/INFO]: Registered render for block supercooler_active
[10:21:25] [Client thread/INFO]: Registered render for block electrolyser_idle
[10:21:25] [Client thread/INFO]: Registered render for block electrolyser_active
[10:21:25] [Client thread/INFO]: Registered render for block irradiator_idle
[10:21:25] [Client thread/INFO]: Registered render for block irradiator_active
[10:21:25] [Client thread/INFO]: Registered render for block ingot_former_idle
[10:21:25] [Client thread/INFO]: Registered render for block ingot_former_active
[10:21:25] [Client thread/INFO]: Registered render for block pressurizer_idle
[10:21:25] [Client thread/INFO]: Registered render for block pressurizer_active
[10:21:25] [Client thread/INFO]: Registered render for block chemical_reactor_idle
[10:21:25] [Client thread/INFO]: Registered render for block chemical_reactor_active
[10:21:25] [Client thread/INFO]: Registered render for block salt_mixer_idle
[10:21:25] [Client thread/INFO]: Registered render for block salt_mixer_active
[10:21:25] [Client thread/INFO]: Registered render for block crystallizer_idle
[10:21:25] [Client thread/INFO]: Registered render for block crystallizer_active
[10:21:25] [Client thread/INFO]: Registered render for block dissolver_idle
[10:21:25] [Client thread/INFO]: Registered render for block dissolver_active
[10:21:25] [Client thread/INFO]: Registered render for block machine_interface
[10:21:25] [Client thread/INFO]: Registered render for block fission_controller_idle
[10:21:25] [Client thread/INFO]: Registered render for block fission_controller_active
[10:21:25] [Client thread/INFO]: Registered render for block fission_port
[10:21:25] [Client thread/INFO]: Registered render for block fusion_core
[10:21:25] [Client thread/INFO]: Registered render for block fusion_dummy_side
[10:21:25] [Client thread/INFO]: Registered render for block fusion_dummy_top
[10:21:25] [Client thread/INFO]: Registered render for block fusion_connector
[10:21:25] [Client thread/INFO]: Registered render for block rtg_uranium
[10:21:25] [Client thread/INFO]: Registered render for block rtg_plutonium
[10:21:25] [Client thread/INFO]: Registered render for block rtg_americium
[10:21:25] [Client thread/INFO]: Registered render for block rtg_californium
[10:21:25] [Client thread/INFO]: Registered render for block solar_panel_basic
[10:21:25] [Client thread/INFO]: Registered render for block decay_generator
[10:21:25] [Client thread/INFO]: Registered render for block voltaic_pile_basic
[10:21:25] [Client thread/INFO]: Registered render for block lithium_ion_battery_basic
[10:21:25] [Client thread/INFO]: Registered render for block buffer
[10:21:25] [Client thread/INFO]: Registered render for block active_cooler
[10:21:25] [Client thread/INFO]: Registered render for block bin
[10:21:25] [Client thread/INFO]: Registered render for block fusion_electromagnet_idle
[10:21:25] [Client thread/INFO]: Registered render for block fusion_electromagnet_active
[10:21:25] [Client thread/INFO]: Registered render for block fusion_electromagnet_transparent_idle
[10:21:25] [Client thread/INFO]: Registered render for block fusion_electromagnet_transparent_active
[10:21:25] [Client thread/INFO]: Registered render for block accelerator_electromagnet_idle
[10:21:25] [Client thread/INFO]: Registered render for block accelerator_electromagnet_active
[10:21:25] [Client thread/INFO]: Registered render for block electromagnet_supercooler_idle
[10:21:25] [Client thread/INFO]: Registered render for block electromagnet_supercooler_active
[10:21:25] [Client thread/INFO]: Registered render for block helium_collector
[10:21:25] [Client thread/INFO]: Registered render for block cobblestone_generator
[10:21:25] [Client thread/INFO]: Registered render for block water_source
[10:21:25] [Client thread/INFO]: Registered render for block nitrogen_collector
[10:21:25] [Client thread/INFO]: Registered render for block glowing_mushroom
[10:21:25] [Client thread/INFO]: Registered render for item ingot_copper
[10:21:25] [Client thread/INFO]: Registered render for item ingot_tin
[10:21:25] [Client thread/INFO]: Registered render for item ingot_lead
[10:21:25] [Client thread/INFO]: Registered render for item ingot_thorium
[10:21:25] [Client thread/INFO]: Registered render for item ingot_uranium
[10:21:25] [Client thread/INFO]: Registered render for item ingot_boron
[10:21:25] [Client thread/INFO]: Registered render for item ingot_lithium
[10:21:25] [Client thread/INFO]: Registered render for item ingot_magnesium
[10:21:25] [Client thread/INFO]: Registered render for item ingot_graphite
[10:21:25] [Client thread/INFO]: Registered render for item ingot_beryllium
[10:21:25] [Client thread/INFO]: Registered render for item ingot_zirconium
[10:21:25] [Client thread/INFO]: Registered render for item ingot_oxide_thorium
[10:21:25] [Client thread/INFO]: Registered render for item ingot_oxide_uranium
[10:21:25] [Client thread/INFO]: Registered render for item ingot_oxide_manganese
[10:21:25] [Client thread/INFO]: Registered render for item ingot_oxide_manganese2
[10:21:25] [Client thread/INFO]: Registered render for item dust_copper
[10:21:25] [Client thread/INFO]: Registered render for item dust_tin
[10:21:25] [Client thread/INFO]: Registered render for item dust_lead
[10:21:25] [Client thread/INFO]: Registered render for item dust_thorium
[10:21:25] [Client thread/INFO]: Registered render for item dust_uranium
[10:21:25] [Client thread/INFO]: Registered render for item dust_boron
[10:21:25] [Client thread/INFO]: Registered render for item dust_lithium
[10:21:25] [Client thread/INFO]: Registered render for item dust_magnesium
[10:21:25] [Client thread/INFO]: Registered render for item dust_graphite
[10:21:25] [Client thread/INFO]: Registered render for item dust_beryllium
[10:21:25] [Client thread/INFO]: Registered render for item dust_zirconium
[10:21:25] [Client thread/INFO]: Registered render for item dust_oxide_thorium
[10:21:25] [Client thread/INFO]: Registered render for item dust_oxide_uranium
[10:21:25] [Client thread/INFO]: Registered render for item dust_oxide_manganese
[10:21:25] [Client thread/INFO]: Registered render for item dust_oxide_manganese2
[10:21:25] [Client thread/INFO]: Registered render for item gem_rhodochrosite
[10:21:25] [Client thread/INFO]: Registered render for item gem_boron_nitride
[10:21:25] [Client thread/INFO]: Registered render for item gem_fluorite
[10:21:25] [Client thread/INFO]: Registered render for item gem_dust_diamond
[10:21:25] [Client thread/INFO]: Registered render for item gem_dust_rhodochrosite
[10:21:25] [Client thread/INFO]: Registered render for item gem_dust_quartz
[10:21:25] [Client thread/INFO]: Registered render for item gem_dust_obsidian
[10:21:25] [Client thread/INFO]: Registered render for item gem_dust_boron_nitride
[10:21:25] [Client thread/INFO]: Registered render for item gem_dust_fluorite
[10:21:25] [Client thread/INFO]: Registered render for item gem_dust_sulfur
[10:21:25] [Client thread/INFO]: Registered render for item alloy_bronze
[10:21:25] [Client thread/INFO]: Registered render for item alloy_tough
[10:21:25] [Client thread/INFO]: Registered render for item alloy_hard_carbon
[10:21:25] [Client thread/INFO]: Registered render for item alloy_magnesium_diboride
[10:21:25] [Client thread/INFO]: Registered render for item alloy_lithium_manganese_dioxide
[10:21:25] [Client thread/INFO]: Registered render for item alloy_steel
[10:21:25] [Client thread/INFO]: Registered render for item alloy_ferroboron
[10:21:25] [Client thread/INFO]: Registered render for item compound_calcium_sulfate
[10:21:25] [Client thread/INFO]: Registered render for item compound_crystal_binder
[10:21:25] [Client thread/INFO]: Registered render for item part_plate_basic
[10:21:25] [Client thread/INFO]: Registered render for item part_plate_advanced
[10:21:25] [Client thread/INFO]: Registered render for item part_plate_du
[10:21:25] [Client thread/INFO]: Registered render for item part_plate_elite
[10:21:25] [Client thread/INFO]: Registered render for item part_wire_copper
[10:21:25] [Client thread/INFO]: Registered render for item part_wire_magnesium_diboride
[10:21:25] [Client thread/INFO]: Registered render for item part_bioplastic
[10:21:25] [Client thread/INFO]: Registered render for item upgrade_speed
[10:21:25] [Client thread/INFO]: Registered render for item fuel_rod_empty
[10:21:25] [Client thread/INFO]: Registered render for item tiny_dust_lead
[10:21:25] [Client thread/INFO]: Registered render for item reactor_door_item
[10:21:25] [Client thread/INFO]: Registered render for item thorium_230
[10:21:25] [Client thread/INFO]: Registered render for item thorium_230_oxide
[10:21:25] [Client thread/INFO]: Registered render for item thorium_230_tiny
[10:21:25] [Client thread/INFO]: Registered render for item thorium_230_oxide_tiny
[10:21:25] [Client thread/INFO]: Registered render for item thorium_232
[10:21:25] [Client thread/INFO]: Registered render for item thorium_232_oxide
[10:21:25] [Client thread/INFO]: Registered render for item thorium_232_tiny
[10:21:25] [Client thread/INFO]: Registered render for item thorium_232_oxide_tiny
[10:21:25] [Client thread/INFO]: Registered render for item uranium_233
[10:21:25] [Client thread/INFO]: Registered render for item uranium_233_oxide
[10:21:25] [Client thread/INFO]: Registered render for item uranium_233_tiny
[10:21:25] [Client thread/INFO]: Registered render for item uranium_233_oxide_tiny
[10:21:25] [Client thread/INFO]: Registered render for item uranium_235
[10:21:25] [Client thread/INFO]: Registered render for item uranium_235_oxide
[10:21:25] [Client thread/INFO]: Registered render for item uranium_235_tiny
[10:21:25] [Client thread/INFO]: Registered render for item uranium_235_oxide_tiny
[10:21:25] [Client thread/INFO]: Registered render for item uranium_238
[10:21:25] [Client thread/INFO]: Registered render for item uranium_238_oxide
[10:21:25] [Client thread/INFO]: Registered render for item uranium_238_tiny
[10:21:25] [Client thread/INFO]: Registered render for item uranium_238_oxide_tiny
[10:21:25] [Client thread/INFO]: Registered render for item neptunium_236
[10:21:25] [Client thread/INFO]: Registered render for item neptunium_236_oxide
[10:21:25] [Client thread/INFO]: Registered render for item neptunium_236_tiny
[10:21:25] [Client thread/INFO]: Registered render for item neptunium_236_oxide_tiny
[10:21:25] [Client thread/INFO]: Registered render for item neptunium_237
[10:21:25] [Client thread/INFO]: Registered render for item neptunium_237_oxide
[10:21:25] [Client thread/INFO]: Registered render for item neptunium_237_tiny
[10:21:25] [Client thread/INFO]: Registered render for item neptunium_237_oxide_tiny
[10:21:25] [Client thread/INFO]: Registered render for item plutonium_238
[10:21:25] [Client thread/INFO]: Registered render for item plutonium_238_oxide
[10:21:25] [Client thread/INFO]: Registered render for item plutonium_238_tiny
[10:21:25] [Client thread/INFO]: Registered render for item plutonium_238_oxide_tiny
[10:21:25] [Client thread/INFO]: Registered render for item plutonium_239
[10:21:25] [Client thread/INFO]: Registered render for item plutonium_239_oxide
[10:21:25] [Client thread/INFO]: Registered render for item plutonium_239_tiny
[10:21:25] [Client thread/INFO]: Registered render for item plutonium_239_oxide_tiny
[10:21:25] [Client thread/INFO]: Registered render for item plutonium_241
[10:21:25] [Client thread/INFO]: Registered render for item plutonium_241_oxide
[10:21:25] [Client thread/INFO]: Registered render for item plutonium_241_tiny
[10:21:25] [Client thread/INFO]: Registered render for item plutonium_241_oxide_tiny
[10:21:25] [Client thread/INFO]: Registered render for item plutonium_242
[10:21:25] [Client thread/INFO]: Registered render for item plutonium_242_oxide
[10:21:25] [Client thread/INFO]: Registered render for item plutonium_242_tiny
[10:21:25] [Client thread/INFO]: Registered render for item plutonium_242_oxide_tiny
[10:21:25] [Client thread/INFO]: Registered render for item americium_241
[10:21:25] [Client thread/INFO]: Registered render for item americium_241_oxide
[10:21:25] [Client thread/INFO]: Registered render for item americium_241_tiny
[10:21:25] [Client thread/INFO]: Registered render for item americium_241_oxide_tiny
[10:21:25] [Client thread/INFO]: Registered render for item americium_242
[10:21:25] [Client thread/INFO]: Registered render for item americium_242_oxide
[10:21:25] [Client thread/INFO]: Registered render for item americium_242_tiny
[10:21:25] [Client thread/INFO]: Registered render for item americium_242_oxide_tiny
[10:21:25] [Client thread/INFO]: Registered render for item americium_243
[10:21:25] [Client thread/INFO]: Registered render for item americium_243_oxide
[10:21:25] [Client thread/INFO]: Registered render for item americium_243_tiny
[10:21:25] [Client thread/INFO]: Registered render for item americium_243_oxide_tiny
[10:21:25] [Client thread/INFO]: Registered render for item curium_243
[10:21:25] [Client thread/INFO]: Registered render for item curium_243_oxide
[10:21:25] [Client thread/INFO]: Registered render for item curium_243_tiny
[10:21:25] [Client thread/INFO]: Registered render for item curium_243_oxide_tiny
[10:21:25] [Client thread/INFO]: Registered render for item curium_245
[10:21:25] [Client thread/INFO]: Registered render for item curium_245_oxide
[10:21:25] [Client thread/INFO]: Registered render for item curium_245_tiny
[10:21:25] [Client thread/INFO]: Registered render for item curium_245_oxide_tiny
[10:21:25] [Client thread/INFO]: Registered render for item curium_246
[10:21:25] [Client thread/INFO]: Registered render for item curium_246_oxide
[10:21:25] [Client thread/INFO]: Registered render for item curium_246_tiny
[10:21:25] [Client thread/INFO]: Registered render for item curium_246_oxide_tiny
[10:21:25] [Client thread/INFO]: Registered render for item curium_247
[10:21:25] [Client thread/INFO]: Registered render for item curium_247_oxide
[10:21:25] [Client thread/INFO]: Registered render for item curium_247_tiny
[10:21:25] [Client thread/INFO]: Registered render for item curium_247_oxide_tiny
[10:21:25] [Client thread/INFO]: Registered render for item berkelium_247
[10:21:25] [Client thread/INFO]: Registered render for item berkelium_247_oxide
[10:21:25] [Client thread/INFO]: Registered render for item berkelium_247_tiny
[10:21:25] [Client thread/INFO]: Registered render for item berkelium_247_oxide_tiny
[10:21:25] [Client thread/INFO]: Registered render for item berkelium_248
[10:21:25] [Client thread/INFO]: Registered render for item berkelium_248_oxide
[10:21:25] [Client thread/INFO]: Registered render for item berkelium_248_tiny
[10:21:25] [Client thread/INFO]: Registered render for item berkelium_248_oxide_tiny
[10:21:25] [Client thread/INFO]: Registered render for item californium_249
[10:21:25] [Client thread/INFO]: Registered render for item californium_249_oxide
[10:21:25] [Client thread/INFO]: Registered render for item californium_249_tiny
[10:21:25] [Client thread/INFO]: Registered render for item californium_249_oxide_tiny
[10:21:25] [Client thread/INFO]: Registered render for item californium_250
[10:21:25] [Client thread/INFO]: Registered render for item californium_250_oxide
[10:21:25] [Client thread/INFO]: Registered render for item californium_250_tiny
[10:21:25] [Client thread/INFO]: Registered render for item californium_250_oxide_tiny
[10:21:25] [Client thread/INFO]: Registered render for item californium_251
[10:21:25] [Client thread/INFO]: Registered render for item californium_251_oxide
[10:21:25] [Client thread/INFO]: Registered render for item californium_251_tiny
[10:21:25] [Client thread/INFO]: Registered render for item californium_251_oxide_tiny
[10:21:25] [Client thread/INFO]: Registered render for item californium_252
[10:21:25] [Client thread/INFO]: Registered render for item californium_252_oxide
[10:21:25] [Client thread/INFO]: Registered render for item californium_252_tiny
[10:21:25] [Client thread/INFO]: Registered render for item californium_252_oxide_tiny
[10:21:25] [Client thread/INFO]: Registered render for item fuel_thorium_tbu
[10:21:25] [Client thread/INFO]: Registered render for item fuel_thorium_tbu_oxide
[10:21:25] [Client thread/INFO]: Registered render for item fuel_uranium_leu_233
[10:21:25] [Client thread/INFO]: Registered render for item fuel_uranium_leu_233_oxide
[10:21:25] [Client thread/INFO]: Registered render for item fuel_uranium_heu_233
[10:21:25] [Client thread/INFO]: Registered render for item fuel_uranium_heu_233_oxide
[10:21:25] [Client thread/INFO]: Registered render for item fuel_uranium_leu_235
[10:21:25] [Client thread/INFO]: Registered render for item fuel_uranium_leu_235_oxide
[10:21:25] [Client thread/INFO]: Registered render for item fuel_uranium_heu_235
[10:21:25] [Client thread/INFO]: Registered render for item fuel_uranium_heu_235_oxide
[10:21:25] [Client thread/INFO]: Registered render for item fuel_neptunium_len_236
[10:21:25] [Client thread/INFO]: Registered render for item fuel_neptunium_len_236_oxide
[10:21:25] [Client thread/INFO]: Registered render for item fuel_neptunium_hen_236
[10:21:25] [Client thread/INFO]: Registered render for item fuel_neptunium_hen_236_oxide
[10:21:25] [Client thread/INFO]: Registered render for item fuel_plutonium_lep_239
[10:21:25] [Client thread/INFO]: Registered render for item fuel_plutonium_lep_239_oxide
[10:21:25] [Client thread/INFO]: Registered render for item fuel_plutonium_hep_239
[10:21:25] [Client thread/INFO]: Registered render for item fuel_plutonium_hep_239_oxide
[10:21:25] [Client thread/INFO]: Registered render for item fuel_plutonium_lep_241
[10:21:25] [Client thread/INFO]: Registered render for item fuel_plutonium_lep_241_oxide
[10:21:25] [Client thread/INFO]: Registered render for item fuel_plutonium_hep_241
[10:21:25] [Client thread/INFO]: Registered render for item fuel_plutonium_hep_241_oxide
[10:21:25] [Client thread/INFO]: Registered render for item fuel_mixed_oxide_mox_239
[10:21:25] [Client thread/INFO]: Registered render for item fuel_mixed_oxide_mox_241
[10:21:25] [Client thread/INFO]: Registered render for item fuel_americium_lea_242
[10:21:25] [Client thread/INFO]: Registered render for item fuel_americium_lea_242_oxide
[10:21:25] [Client thread/INFO]: Registered render for item fuel_americium_hea_242
[10:21:25] [Client thread/INFO]: Registered render for item fuel_americium_hea_242_oxide
[10:21:25] [Client thread/INFO]: Registered render for item fuel_curium_lec_243
[10:21:25] [Client thread/INFO]: Registered render for item fuel_curium_lec_243_oxide
[10:21:25] [Client thread/INFO]: Registered render for item fuel_curium_hec_243
[10:21:25] [Client thread/INFO]: Registered render for item fuel_curium_hec_243_oxide
[10:21:25] [Client thread/INFO]: Registered render for item fuel_curium_lec_245
[10:21:25] [Client thread/INFO]: Registered render for item fuel_curium_lec_245_oxide
[10:21:25] [Client thread/INFO]: Registered render for item fuel_curium_hec_245
[10:21:25] [Client thread/INFO]: Registered render for item fuel_curium_hec_245_oxide
[10:21:25] [Client thread/INFO]: Registered render for item fuel_curium_lec_247
[10:21:25] [Client thread/INFO]: Registered render for item fuel_curium_lec_247_oxide
[10:21:25] [Client thread/INFO]: Registered render for item fuel_curium_hec_247
[10:21:25] [Client thread/INFO]: Registered render for item fuel_curium_hec_247_oxide
[10:21:25] [Client thread/INFO]: Registered render for item fuel_berkelium_leb_248
[10:21:25] [Client thread/INFO]: Registered render for item fuel_berkelium_leb_248_oxide
[10:21:25] [Client thread/INFO]: Registered render for item fuel_berkelium_heb_248
[10:21:25] [Client thread/INFO]: Registered render for item fuel_berkelium_heb_248_oxide
[10:21:25] [Client thread/INFO]: Registered render for item fuel_californium_lec_249
[10:21:25] [Client thread/INFO]: Registered render for item fuel_californium_lec_249_oxide
[10:21:25] [Client thread/INFO]: Registered render for item fuel_californium_hec_249
[10:21:25] [Client thread/INFO]: Registered render for item fuel_californium_hec_249_oxide
[10:21:25] [Client thread/INFO]: Registered render for item fuel_californium_lec_251
[10:21:25] [Client thread/INFO]: Registered render for item fuel_californium_lec_251_oxide
[10:21:25] [Client thread/INFO]: Registered render for item fuel_californium_hec_251
[10:21:25] [Client thread/INFO]: Registered render for item fuel_californium_hec_251_oxide
[10:21:25] [Client thread/INFO]: Registered render for item fuel_rod_thorium_tbu
[10:21:25] [Client thread/INFO]: Registered render for item fuel_rod_thorium_tbu_oxide
[10:21:25] [Client thread/INFO]: Registered render for item fuel_rod_uranium_leu_233
[10:21:25] [Client thread/INFO]: Registered render for item fuel_rod_uranium_leu_233_oxide
[10:21:25] [Client thread/INFO]: Registered render for item fuel_rod_uranium_heu_233
[10:21:25] [Client thread/INFO]: Registered render for item fuel_rod_uranium_heu_233_oxide
[10:21:25] [Client thread/INFO]: Registered render for item fuel_rod_uranium_leu_235
[10:21:25] [Client thread/INFO]: Registered render for item fuel_rod_uranium_leu_235_oxide
[10:21:25] [Client thread/INFO]: Registered render for item fuel_rod_uranium_heu_235
[10:21:25] [Client thread/INFO]: Registered render for item fuel_rod_uranium_heu_235_oxide
[10:21:25] [Client thread/INFO]: Registered render for item fuel_rod_neptunium_len_236
[10:21:25] [Client thread/INFO]: Registered render for item fuel_rod_neptunium_len_236_oxide
[10:21:25] [Client thread/INFO]: Registered render for item fuel_rod_neptunium_hen_236
[10:21:25] [Client thread/INFO]: Registered render for item fuel_rod_neptunium_hen_236_oxide
[10:21:25] [Client thread/INFO]: Registered render for item fuel_rod_plutonium_lep_239
[10:21:25] [Client thread/INFO]: Registered render for item fuel_rod_plutonium_lep_239_oxide
[10:21:25] [Client thread/INFO]: Registered render for item fuel_rod_plutonium_hep_239
[10:21:25] [Client thread/INFO]: Registered render for item fuel_rod_plutonium_hep_239_oxide
[10:21:25] [Client thread/INFO]: Registered render for item fuel_rod_plutonium_lep_241
[10:21:25] [Client thread/INFO]: Registered render for item fuel_rod_plutonium_lep_241_oxide
[10:21:25] [Client thread/INFO]: Registered render for item fuel_rod_plutonium_hep_241
[10:21:25] [Client thread/INFO]: Registered render for item fuel_rod_plutonium_hep_241_oxide
[10:21:25] [Client thread/INFO]: Registered render for item fuel_rod_mixed_oxide_mox_239
[10:21:25] [Client thread/INFO]: Registered render for item fuel_rod_mixed_oxide_mox_241
[10:21:25] [Client thread/INFO]: Registered render for item fuel_rod_americium_lea_242
[10:21:25] [Client thread/INFO]: Registered render for item fuel_rod_americium_lea_242_oxide
[10:21:25] [Client thread/INFO]: Registered render for item fuel_rod_americium_hea_242
[10:21:25] [Client thread/INFO]: Registered render for item fuel_rod_americium_hea_242_oxide
[10:21:25] [Client thread/INFO]: Registered render for item fuel_rod_curium_lec_243
[10:21:25] [Client thread/INFO]: Registered render for item fuel_rod_curium_lec_243_oxide
[10:21:25] [Client thread/INFO]: Registered render for item fuel_rod_curium_hec_243
[10:21:25] [Client thread/INFO]: Registered render for item fuel_rod_curium_hec_243_oxide
[10:21:25] [Client thread/INFO]: Registered render for item fuel_rod_curium_lec_245
[10:21:25] [Client thread/INFO]: Registered render for item fuel_rod_curium_lec_245_oxide
[10:21:25] [Client thread/INFO]: Registered render for item fuel_rod_curium_hec_245
[10:21:25] [Client thread/INFO]: Registered render for item fuel_rod_curium_hec_245_oxide
[10:21:25] [Client thread/INFO]: Registered render for item fuel_rod_curium_lec_247
[10:21:25] [Client thread/INFO]: Registered render for item fuel_rod_curium_lec_247_oxide
[10:21:25] [Client thread/INFO]: Registered render for item fuel_rod_curium_hec_247
[10:21:25] [Client thread/INFO]: Registered render for item fuel_rod_curium_hec_247_oxide
[10:21:25] [Client thread/INFO]: Registered render for item fuel_rod_berkelium_leb_248
[10:21:25] [Client thread/INFO]: Registered render for item fuel_rod_berkelium_leb_248_oxide
[10:21:25] [Client thread/INFO]: Registered render for item fuel_rod_berkelium_heb_248
[10:21:25] [Client thread/INFO]: Registered render for item fuel_rod_berkelium_heb_248_oxide
[10:21:25] [Client thread/INFO]: Registered render for item fuel_rod_californium_lec_249
[10:21:25] [Client thread/INFO]: Registered render for item fuel_rod_californium_lec_249_oxide
[10:21:25] [Client thread/INFO]: Registered render for item fuel_rod_californium_hec_249
[10:21:25] [Client thread/INFO]: Registered render for item fuel_rod_californium_hec_249_oxide
[10:21:25] [Client thread/INFO]: Registered render for item fuel_rod_californium_lec_251
[10:21:25] [Client thread/INFO]: Registered render for item fuel_rod_californium_lec_251_oxide
[10:21:25] [Client thread/INFO]: Registered render for item fuel_rod_californium_hec_251
[10:21:25] [Client thread/INFO]: Registered render for item fuel_rod_californium_hec_251_oxide
[10:21:25] [Client thread/INFO]: Registered render for item depleted_fuel_rod_thorium_tbu
[10:21:25] [Client thread/INFO]: Registered render for item depleted_fuel_rod_thorium_tbu_oxide
[10:21:25] [Client thread/INFO]: Registered render for item depleted_fuel_rod_uranium_leu_233
[10:21:25] [Client thread/INFO]: Registered render for item depleted_fuel_rod_uranium_leu_233_oxide
[10:21:25] [Client thread/INFO]: Registered render for item depleted_fuel_rod_uranium_heu_233
[10:21:25] [Client thread/INFO]: Registered render for item depleted_fuel_rod_uranium_heu_233_oxide
[10:21:25] [Client thread/INFO]: Registered render for item depleted_fuel_rod_uranium_leu_235
[10:21:25] [Client thread/INFO]: Registered render for item depleted_fuel_rod_uranium_leu_235_oxide
[10:21:25] [Client thread/INFO]: Registered render for item depleted_fuel_rod_uranium_heu_235
[10:21:25] [Client thread/INFO]: Registered render for item depleted_fuel_rod_uranium_heu_235_oxide
[10:21:25] [Client thread/INFO]: Registered render for item depleted_fuel_rod_neptunium_len_236
[10:21:25] [Client thread/INFO]: Registered render for item depleted_fuel_rod_neptunium_len_236_oxide
[10:21:25] [Client thread/INFO]: Registered render for item depleted_fuel_rod_neptunium_hen_236
[10:21:25] [Client thread/INFO]: Registered render for item depleted_fuel_rod_neptunium_hen_236_oxide
[10:21:25] [Client thread/INFO]: Registered render for item depleted_fuel_rod_plutonium_lep_239
[10:21:25] [Client thread/INFO]: Registered render for item depleted_fuel_rod_plutonium_lep_239_oxide
[10:21:25] [Client thread/INFO]: Registered render for item depleted_fuel_rod_plutonium_hep_239
[10:21:25] [Client thread/INFO]: Registered render for item depleted_fuel_rod_plutonium_hep_239_oxide
[10:21:25] [Client thread/INFO]: Registered render for item depleted_fuel_rod_plutonium_lep_241
[10:21:25] [Client thread/INFO]: Registered render for item depleted_fuel_rod_plutonium_lep_241_oxide
[10:21:25] [Client thread/INFO]: Registered render for item depleted_fuel_rod_plutonium_hep_241
[10:21:25] [Client thread/INFO]: Registered render for item depleted_fuel_rod_plutonium_hep_241_oxide
[10:21:25] [Client thread/INFO]: Registered render for item depleted_fuel_rod_mixed_oxide_mox_239
[10:21:25] [Client thread/INFO]: Registered render for item depleted_fuel_rod_mixed_oxide_mox_241
[10:21:25] [Client thread/INFO]: Registered render for item depleted_fuel_rod_americium_lea_242
[10:21:25] [Client thread/INFO]: Registered render for item depleted_fuel_rod_americium_lea_242_oxide
[10:21:25] [Client thread/INFO]: Registered render for item depleted_fuel_rod_americium_hea_242
[10:21:25] [Client thread/INFO]: Registered render for item depleted_fuel_rod_americium_hea_242_oxide
[10:21:25] [Client thread/INFO]: Registered render for item depleted_fuel_rod_curium_lec_243
[10:21:25] [Client thread/INFO]: Registered render for item depleted_fuel_rod_curium_lec_243_oxide
[10:21:25] [Client thread/INFO]: Registered render for item depleted_fuel_rod_curium_hec_243
[10:21:25] [Client thread/INFO]: Registered render for item depleted_fuel_rod_curium_hec_243_oxide
[10:21:25] [Client thread/INFO]: Registered render for item depleted_fuel_rod_curium_lec_245
[10:21:25] [Client thread/INFO]: Registered render for item depleted_fuel_rod_curium_lec_245_oxide
[10:21:25] [Client thread/INFO]: Registered render for item depleted_fuel_rod_curium_hec_245
[10:21:25] [Client thread/INFO]: Registered render for item depleted_fuel_rod_curium_hec_245_oxide
[10:21:25] [Client thread/INFO]: Registered render for item depleted_fuel_rod_curium_lec_247
[10:21:25] [Client thread/INFO]: Registered render for item depleted_fuel_rod_curium_lec_247_oxide
[10:21:25] [Client thread/INFO]: Registered render for item depleted_fuel_rod_curium_hec_247
[10:21:25] [Client thread/INFO]: Registered render for item depleted_fuel_rod_curium_hec_247_oxide
[10:21:25] [Client thread/INFO]: Registered render for item depleted_fuel_rod_berkelium_leb_248
[10:21:25] [Client thread/INFO]: Registered render for item depleted_fuel_rod_berkelium_leb_248_oxide
[10:21:25] [Client thread/INFO]: Registered render for item depleted_fuel_rod_berkelium_heb_248
[10:21:25] [Client thread/INFO]: Registered render for item depleted_fuel_rod_berkelium_heb_248_oxide
[10:21:25] [Client thread/INFO]: Registered render for item depleted_fuel_rod_californium_lec_249
[10:21:25] [Client thread/INFO]: Registered render for item depleted_fuel_rod_californium_lec_249_oxide
[10:21:25] [Client thread/INFO]: Registered render for item depleted_fuel_rod_californium_hec_249
[10:21:25] [Client thread/INFO]: Registered render for item depleted_fuel_rod_californium_hec_249_oxide
[10:21:25] [Client thread/INFO]: Registered render for item depleted_fuel_rod_californium_lec_251
[10:21:25] [Client thread/INFO]: Registered render for item depleted_fuel_rod_californium_lec_251_oxide
[10:21:25] [Client thread/INFO]: Registered render for item depleted_fuel_rod_californium_hec_251
[10:21:25] [Client thread/INFO]: Registered render for item depleted_fuel_rod_californium_hec_251_oxide
[10:21:25] [Client thread/INFO]: Registered render for item boron_10
[10:21:25] [Client thread/INFO]: Registered render for item boron_10_tiny
[10:21:25] [Client thread/INFO]: Registered render for item boron_11
[10:21:25] [Client thread/INFO]: Registered render for item boron_11_tiny
[10:21:25] [Client thread/INFO]: Registered render for item lithium_6
[10:21:25] [Client thread/INFO]: Registered render for item lithium_6_tiny
[10:21:25] [Client thread/INFO]: Registered render for item lithium_7
[10:21:25] [Client thread/INFO]: Registered render for item lithium_7_tiny
[10:21:25] [Client thread/INFO]: Registered render for item portable_ender_chest
[10:21:25] [Client thread/INFO]: Registered render for item dominos
[10:21:25] [Client thread/INFO]: Registered render for item record_wanderer
[10:21:25] [Client thread/INFO]: Registered render for item record_end_of_the_world
[10:21:25] [Client thread/INFO]: Registered render for item record_money_for_nothing
[10:21:25] [Client thread/INFO]: Registered render for tool sword_boron
[10:21:25] [Client thread/INFO]: Registered render for tool pickaxe_boron
[10:21:25] [Client thread/INFO]: Registered render for tool shovel_boron
[10:21:25] [Client thread/INFO]: Registered render for tool axe_boron
[10:21:25] [Client thread/INFO]: Registered render for tool hoe_boron
[10:21:25] [Client thread/INFO]: Registered render for tool spaxelhoe_boron
[10:21:25] [Client thread/INFO]: Registered render for tool sword_tough
[10:21:25] [Client thread/INFO]: Registered render for tool pickaxe_tough
[10:21:25] [Client thread/INFO]: Registered render for tool shovel_tough
[10:21:25] [Client thread/INFO]: Registered render for tool axe_tough
[10:21:25] [Client thread/INFO]: Registered render for tool hoe_tough
[10:21:25] [Client thread/INFO]: Registered render for tool spaxelhoe_tough
[10:21:25] [Client thread/INFO]: Registered render for tool sword_hard_carbon
[10:21:25] [Client thread/INFO]: Registered render for tool pickaxe_hard_carbon
[10:21:25] [Client thread/INFO]: Registered render for tool shovel_hard_carbon
[10:21:25] [Client thread/INFO]: Registered render for tool axe_hard_carbon
[10:21:25] [Client thread/INFO]: Registered render for tool hoe_hard_carbon
[10:21:25] [Client thread/INFO]: Registered render for tool spaxelhoe_hard_carbon
[10:21:25] [Client thread/INFO]: Registered render for tool sword_boron_nitride
[10:21:25] [Client thread/INFO]: Registered render for tool pickaxe_boron_nitride
[10:21:25] [Client thread/INFO]: Registered render for tool shovel_boron_nitride
[10:21:25] [Client thread/INFO]: Registered render for tool axe_boron_nitride
[10:21:25] [Client thread/INFO]: Registered render for tool hoe_boron_nitride
[10:21:25] [Client thread/INFO]: Registered render for tool spaxelhoe_boron_nitride
[10:21:25] [Client thread/INFO]: Registered render for armor piece helm_boron
[10:21:25] [Client thread/INFO]: Registered render for armor piece chest_boron
[10:21:25] [Client thread/INFO]: Registered render for armor piece legs_boron
[10:21:25] [Client thread/INFO]: Registered render for armor piece boots_boron
[10:21:25] [Client thread/INFO]: Registered render for armor piece helm_tough
[10:21:25] [Client thread/INFO]: Registered render for armor piece chest_tough
[10:21:25] [Client thread/INFO]: Registered render for armor piece legs_tough
[10:21:25] [Client thread/INFO]: Registered render for armor piece boots_tough
[10:21:25] [Client thread/INFO]: Registered render for armor piece helm_hard_carbon
[10:21:25] [Client thread/INFO]: Registered render for armor piece chest_hard_carbon
[10:21:25] [Client thread/INFO]: Registered render for armor piece legs_hard_carbon
[10:21:25] [Client thread/INFO]: Registered render for armor piece boots_hard_carbon
[10:21:25] [Client thread/INFO]: Registered render for armor piece helm_boron_nitride
[10:21:25] [Client thread/INFO]: Registered render for armor piece chest_boron_nitride
[10:21:25] [Client thread/INFO]: Registered render for armor piece legs_boron_nitride
[10:21:25] [Client thread/INFO]: Registered render for armor piece boots_boron_nitride
[10:21:25] [Client thread/INFO]: Found the following mods: IC2 
[10:21:25] [Client thread/INFO]: Not sure if iron ingot, or electrical steel ingot... (Found EnderIO)
[10:21:25] [Client thread/INFO]: Registering drops for shadedGarden.
[10:21:25] [Client thread/ERROR]: Unable to find item harvestcraft:whitemushroomItem to add to this garden.
[10:21:25] [Client thread/ERROR]: Unable to find item harvestcraft:blackberryItem to add to this garden.
[10:21:25] [Client thread/ERROR]: Unable to find item harvestcraft:zucchiniItem to add to this garden.
[10:21:25] [Client thread/ERROR]: Unable to find item harvestcraft:radishItem to add to this garden.
[10:21:25] [Client thread/ERROR]: Unable to find item harvestcraft:rhubarbItem to add to this garden.
[10:21:25] [Client thread/ERROR]: Unable to find item harvestcraft:tealeafItem to add to this garden.
[10:21:25] [Client thread/ERROR]: Unable to find item harvestcraft:garlicItem to add to this garden.
[10:21:25] [Client thread/ERROR]: Unable to find item harvestcraft:sweetpotatoItem to add to this garden.
[10:21:25] [Client thread/ERROR]: Unable to find item harvestcraft:turnipItem to add to this garden.
[10:21:25] [Client thread/ERROR]: Unable to find item harvestcraft:spiceleafItem to add to this garden.
[10:21:25] [Client thread/ERROR]: Unable to find item harvestcraft:beanItem to add to this garden.
[10:21:25] [Client thread/ERROR]: Unable to find item harvestcraft:leekItem to add to this garden.
[10:21:25] [Client thread/ERROR]: Unable to find item harvestcraft:scallionItem to add to this garden.
[10:21:25] [Client thread/ERROR]: Unable to find item harvestcraft:tomatoItem to add to this garden.
[10:21:25] [Client thread/ERROR]: Unable to find item harvestcraft:cottonItem to add to this garden.
[10:21:25] [Client thread/INFO]: Registering drops for tropicalGarden.
[10:21:25] [Client thread/ERROR]: Unable to find item harvestcraft:grapeItem to add to this garden.
[10:21:25] [Client thread/ERROR]: Unable to find item harvestcraft:pineappleItem to add to this garden.
[10:21:25] [Client thread/ERROR]: Unable to find item harvestcraft:kiwiItem to add to this garden.
[10:21:25] [Client thread/ERROR]: Unable to find item harvestcraft:sesameseedsItem to add to this garden.
[10:21:25] [Client thread/ERROR]: Unable to find item harvestcraft:curryleafItem to add to this garden.
[10:21:25] [Client thread/ERROR]: Unable to find item harvestcraft:bambooshootItem to add to this garden.
[10:21:25] [Client thread/ERROR]: Unable to find item harvestcraft:cantaloupeItem to add to this garden.
[10:21:25] [Client thread/ERROR]: Unable to find item harvestcraft:gingerItem to add to this garden.
[10:21:25] [Client thread/ERROR]: Unable to find item harvestcraft:coffeebeanItem to add to this garden.
[10:21:25] [Client thread/ERROR]: Unable to find item harvestcraft:soybeanItem to add to this garden.
[10:21:25] [Client thread/ERROR]: Unable to find item harvestcraft:eggplantItem to add to this garden.
[10:21:25] [Client thread/ERROR]: Unable to find item harvestcraft:cottonItem to add to this garden.
[10:21:25] [Client thread/INFO]: Registering drops for windyGarden.
[10:21:25] [Client thread/ERROR]: Unable to find item harvestcraft:strawberryItem to add to this garden.
[10:21:25] [Client thread/ERROR]: Unable to find item harvestcraft:barleyItem to add to this garden.
[10:21:25] [Client thread/ERROR]: Unable to find item harvestcraft:cornItem to add to this garden.
[10:21:25] [Client thread/ERROR]: Unable to find item harvestcraft:cucumberItem to add to this garden.
[10:21:25] [Client thread/ERROR]: Unable to find item harvestcraft:wintersquashItem to add to this garden.
[10:21:25] [Client thread/ERROR]: Unable to find item harvestcraft:mustardseedsItem to add to this garden.
[10:21:25] [Client thread/ERROR]: Unable to find item harvestcraft:onionItem to add to this garden.
[10:21:25] [Client thread/ERROR]: Unable to find item harvestcraft:parsnipItem to add to this garden.
[10:21:25] [Client thread/ERROR]: Unable to find item harvestcraft:peanutItem to add to this garden.
[10:21:25] [Client thread/ERROR]: Unable to find item harvestcraft:lettuceItem to add to this garden.
[10:21:25] [Client thread/ERROR]: Unable to find item harvestcraft:artichokeItem to add to this garden.
[10:21:25] [Client thread/ERROR]: Unable to find item harvestcraft:bellpepperItem to add to this garden.
[10:21:25] [Client thread/ERROR]: Unable to find item harvestcraft:chilipepperItem to add to this garden.
[10:21:25] [Client thread/ERROR]: Unable to find item harvestcraft:cottonItem to add to this garden.
[10:21:25] [Client thread/INFO]: Registering drops for frostGarden.
[10:21:25] [Client thread/ERROR]: Unable to find item harvestcraft:raspberryItem to add to this garden.
[10:21:25] [Client thread/ERROR]: Unable to find item harvestcraft:oatsItem to add to this garden.
[10:21:25] [Client thread/ERROR]: Unable to find item harvestcraft:ryeItem to add to this garden.
[10:21:25] [Client thread/ERROR]: Unable to find item harvestcraft:celeryItem to add to this garden.
[10:21:25] [Client thread/ERROR]: Unable to find item harvestcraft:peasItem to add to this garden.
[10:21:25] [Client thread/ERROR]: Unable to find item harvestcraft:beetItem to add to this garden.
[10:21:25] [Client thread/ERROR]: Unable to find item harvestcraft:rutabagaItem to add to this garden.
[10:21:25] [Client thread/ERROR]: Unable to find item harvestcraft:broccoliItem to add to this garden.
[10:21:25] [Client thread/ERROR]: Unable to find item harvestcraft:cauliflowerItem to add to this garden.
[10:21:25] [Client thread/ERROR]: Unable to find item harvestcraft:cabbageItem to add to this garden.
[10:21:25] [Client thread/ERROR]: Unable to find item harvestcraft:spinachItem to add to this garden.
[10:21:25] [Client thread/ERROR]: Unable to find item harvestcraft:cottonItem to add to this garden.
[10:21:25] [Client thread/INFO]: Registering drops for aridGarden.
[10:21:25] [Client thread/ERROR]: Unable to find item harvestcraft:cactusfruitItem to add to this garden.
[10:21:25] [Client thread/INFO]: Registering drops for soggyGarden.
[10:21:25] [Client thread/ERROR]: Unable to find item harvestcraft:brusselsproutItem to add to this garden.
[10:21:25] [Client thread/ERROR]: Unable to find item harvestcraft:spiceleafItem to add to this garden.
[10:21:25] [Client thread/ERROR]: Unable to find item harvestcraft:blueberryItem to add to this garden.
[10:21:25] [Client thread/ERROR]: Unable to find item harvestcraft:asparagusItem to add to this garden.
[10:21:25] [Client thread/ERROR]: Unable to find item harvestcraft:cranberryItem to add to this garden.
[10:21:25] [Client thread/ERROR]: Unable to find item harvestcraft:riceItem to add to this garden.
[10:21:25] [Client thread/ERROR]: Unable to find item harvestcraft:seaweedItem to add to this garden.
[10:21:25] [Client thread/ERROR]: Unable to find item harvestcraft:waterchestnutItem to add to this garden.
[10:21:25] [Client thread/ERROR]: Unable to find item harvestcraft:okraItem to add to this garden.
[10:21:25] [Client thread/ERROR]: Unable to find item harvestcraft:cottonItem to add to this garden.
[10:21:25] [Client thread/INFO]: Loading internal config files for mod Pressure Pipes
[10:21:25] [Client thread/INFO]: Loading config: jar:file:/D:/Legacy%20Launcher/Forever%20Stranded/mods/pressure-1.3.1.27-mc1.10.2.jar!/assets/pressure/config/settings.cfg
[10:21:25] [Client thread/INFO]: Loading config: jar:file:/D:/Legacy%20Launcher/Forever%20Stranded/mods/pressure-1.3.1.27-mc1.10.2.jar!/assets/pressure/config/recipes.cfg
[10:21:25] [Client thread/INFO]: Loading user config files for mod Pressure Pipes
[10:21:25] [Client thread/INFO]: Config loading for mod Pressure Pipes finished
[10:21:25] [Client thread/INFO]: Loaded creative tabs for pressure
[10:21:26] [Client thread/INFO]: OBJLoader: Domain quantumflux has been added.
[10:21:27] [Client thread/INFO]: [@QuantumFlux]     Registering model for hamCheese
[10:21:27] [Thread-12/INFO]: [reborncore.shields.json.ShieldJsonLoader:lambda$load$0:93]: java.net.UnknownHostException: files.modmuss50.me
[10:21:27] [Thread-12/INFO]: [reborncore.shields.json.ShieldJsonLoader:lambda$load$0:93]: 	at java.net.AbstractPlainSocketImpl.connect(AbstractPlainSocketImpl.java:184)
[10:21:27] [Thread-12/INFO]: [reborncore.shields.json.ShieldJsonLoader:lambda$load$0:93]: 	at java.net.PlainSocketImpl.connect(PlainSocketImpl.java:172)
[10:21:27] [Thread-12/INFO]: [reborncore.shields.json.ShieldJsonLoader:lambda$load$0:93]: 	at java.net.SocksSocketImpl.connect(SocksSocketImpl.java:392)
[10:21:27] [Thread-12/INFO]: [reborncore.shields.json.ShieldJsonLoader:lambda$load$0:93]: 	at java.net.Socket.connect(Socket.java:589)
[10:21:27] [Thread-12/INFO]: [reborncore.shields.json.ShieldJsonLoader:lambda$load$0:93]: 	at java.net.Socket.connect(Socket.java:538)
[10:21:27] [Thread-12/INFO]: [reborncore.shields.json.ShieldJsonLoader:lambda$load$0:93]: 	at sun.net.NetworkClient.doConnect(NetworkClient.java:180)
[10:21:27] [Thread-12/INFO]: [reborncore.shields.json.ShieldJsonLoader:lambda$load$0:93]: 	at sun.net.www.http.HttpClient.openServer(HttpClient.java:432)
[10:21:27] [Thread-12/INFO]: [reborncore.shields.json.ShieldJsonLoader:lambda$load$0:93]: 	at sun.net.www.http.HttpClient.openServer(HttpClient.java:527)
[10:21:27] [Thread-12/INFO]: [reborncore.shields.json.ShieldJsonLoader:lambda$load$0:93]: 	at sun.net.www.http.HttpClient.<init>(HttpClient.java:211)
[10:21:27] [Thread-12/INFO]: [reborncore.shields.json.ShieldJsonLoader:lambda$load$0:93]: 	at sun.net.www.http.HttpClient.New(HttpClient.java:308)
[10:21:27] [Thread-12/INFO]: [reborncore.shields.json.ShieldJsonLoader:lambda$load$0:93]: 	at sun.net.www.http.HttpClient.New(HttpClient.java:326)
[10:21:27] [Thread-12/INFO]: [reborncore.shields.json.ShieldJsonLoader:lambda$load$0:93]: 	at sun.net.www.protocol.http.HttpURLConnection.getNewHttpClient(HttpURLConnection.java:1168)
[10:21:27] [Thread-12/INFO]: [reborncore.shields.json.ShieldJsonLoader:lambda$load$0:93]: 	at sun.net.www.protocol.http.HttpURLConnection.plainConnect0(HttpURLConnection.java:1104)
[10:21:27] [Thread-12/INFO]: [reborncore.shields.json.ShieldJsonLoader:lambda$load$0:93]: 	at sun.net.www.protocol.http.HttpURLConnection$6.run(HttpURLConnection.java:988)
[10:21:27] [Thread-12/INFO]: [reborncore.shields.json.ShieldJsonLoader:lambda$load$0:93]: 	at sun.net.www.protocol.http.HttpURLConnection$6.run(HttpURLConnection.java:986)
[10:21:27] [Thread-12/INFO]: [reborncore.shields.json.ShieldJsonLoader:lambda$load$0:93]: 	at java.security.AccessController.doPrivileged(Native Method)
[10:21:27] [Thread-12/INFO]: [reborncore.shields.json.ShieldJsonLoader:lambda$load$0:93]: 	at java.security.AccessController.doPrivileged(AccessController.java:713)
[10:21:27] [Thread-12/INFO]: [reborncore.shields.json.ShieldJsonLoader:lambda$load$0:93]: 	at sun.net.www.protocol.http.HttpURLConnection.plainConnect(HttpURLConnection.java:985)
[10:21:27] [Thread-12/INFO]: [reborncore.shields.json.ShieldJsonLoader:lambda$load$0:93]: 	at sun.net.www.protocol.http.HttpURLConnection.connect(HttpURLConnection.java:932)
[10:21:27] [Thread-12/INFO]: [reborncore.shields.json.ShieldJsonLoader:lambda$load$0:93]: 	at sun.net.www.protocol.http.HttpURLConnection.getInputStream0(HttpURLConnection.java:1512)
[10:21:27] [Thread-12/INFO]: [reborncore.shields.json.ShieldJsonLoader:lambda$load$0:93]: 	at sun.net.www.protocol.http.HttpURLConnection.access$200(HttpURLConnection.java:90)
[10:21:27] [Thread-12/INFO]: [reborncore.shields.json.ShieldJsonLoader:lambda$load$0:93]: 	at sun.net.www.protocol.http.HttpURLConnection$9.run(HttpURLConnection.java:1432)
[10:21:27] [Thread-12/INFO]: [reborncore.shields.json.ShieldJsonLoader:lambda$load$0:93]: 	at sun.net.www.protocol.http.HttpURLConnection$9.run(HttpURLConnection.java:1430)
[10:21:27] [Thread-12/INFO]: [reborncore.shields.json.ShieldJsonLoader:lambda$load$0:93]: 	at java.security.AccessController.doPrivileged(Native Method)
[10:21:27] [Thread-12/INFO]: [reborncore.shields.json.ShieldJsonLoader:lambda$load$0:93]: 	at java.security.AccessController.doPrivileged(AccessController.java:713)
[10:21:27] [Thread-12/INFO]: [reborncore.shields.json.ShieldJsonLoader:lambda$load$0:93]: 	at sun.net.www.protocol.http.HttpURLConnection.getInputStream(HttpURLConnection.java:1429)
[10:21:27] [Thread-12/INFO]: [reborncore.shields.json.ShieldJsonLoader:lambda$load$0:93]: 	at reborncore.shields.json.ShieldJsonLoader.lambda$load$0(ShieldJsonLoader.java:68)
[10:21:27] [Thread-12/INFO]: [reborncore.shields.json.ShieldJsonLoader:lambda$load$0:93]: 	at reborncore.shields.json.ShieldJsonLoader$$Lambda$654/1160332450.run(Unknown Source)
[10:21:27] [Thread-12/INFO]: [reborncore.shields.json.ShieldJsonLoader:lambda$load$0:93]: 	at java.lang.Thread.run(Thread.java:745)
[10:21:29] [Client thread/INFO]: Module failed prerequisite check, disabling: railcraft:thaumcraft
[10:21:29] [Client thread/INFO]: mods.railcraft.api.core.IRailcraftModule$MissingPrerequisiteException: Thaumcraft not detected
[10:21:29] [Client thread/WARN]: A mod has attempted to assign Block Block{null} to the Fluid 'creosote' but this Fluid has already been linked to the Block Block{immersiveengineering:fluidCreosote}. You may have duplicate Fluid Blocks as a result. It *may* be possible to configure your mods to avoid this.
[10:21:29] [Client thread/WARN]: Recipes registered before INIT! At:
[10:21:29] [Client thread/WARN]: Recipes registered before INIT! At:
[10:21:30] [Client thread/WARN]: Recipes registered before INIT! At:
[10:21:30] [Client thread/WARN]: Recipes registered before INIT! At:
[10:21:30] [Client thread/WARN]: Recipes registered before INIT! At:
[10:21:30] [Client thread/WARN]: Recipes registered before INIT! At:
[10:21:30] [Client thread/WARN]: Recipes registered before INIT! At:
[10:21:30] [Client thread/WARN]: Recipes registered before INIT! At:
[10:21:30] [Client thread/WARN]: Recipes registered before INIT! At:
[10:21:30] [Client thread/WARN]: Recipes registered before INIT! At:
[10:21:30] [Client thread/WARN]: Recipes registered before INIT! At:
[10:21:30] [Client thread/WARN]: Recipes registered before INIT! At:
[10:21:30] [Client thread/WARN]: Recipes registered before INIT! At:
[10:21:30] [Client thread/WARN]: Recipes registered before INIT! At:
[10:21:30] [Client thread/WARN]: Recipes registered before INIT! At:
[10:21:31] [Client thread/INFO]: Starting Simply Jetpacks 2
[10:21:31] [Client thread/INFO]: Loading configuration files
[10:21:31] [Client thread/INFO]: Registering items...
[10:21:31] [Client thread/INFO]: Starting up Spartan Shields!
[10:21:31] [Client thread/INFO]: Items Registered!
[10:21:32] [Client thread/INFO]: Registered all item renders!
[10:21:32] [Client thread/INFO]: Starting up Spartan Weaponry!
[10:21:32] [Client thread/INFO]: Registering 10 modded material based weapons
[10:21:32] [Client thread/INFO]: Adding weapons for material: Copper
[10:21:32] [Client thread/INFO]: Adding weapons for material: Tin
[10:21:32] [Client thread/INFO]: Adding weapons for material: Bronze
[10:21:32] [Client thread/INFO]: Adding weapons for material: Steel
[10:21:32] [Client thread/INFO]: Adding weapons for material: Silver
[10:21:32] [Client thread/INFO]: Adding weapons for material: Invar
[10:21:32] [Client thread/INFO]: Adding weapons for material: Platinum
[10:21:32] [Client thread/INFO]: Adding weapons for material: Electrum
[10:21:32] [Client thread/INFO]: Adding weapons for material: Nickel
[10:21:32] [Client thread/INFO]: Adding weapons for material: Lead
[10:21:32] [Client thread/INFO]: Items Registered!
[10:21:32] [Client thread/INFO]: Registered all item renders!
[10:21:32] [Client thread/INFO]: Loaded configs...
[10:21:32] [Client thread/INFO]: TAN addon activated!
[10:21:33] [Client thread/INFO]: [com.kashdeya.tinyprogressions.configs.TinyConfig:initMainConfigs:31]: 1.2.5:1.2.5
[10:21:33] [Client thread/INFO]: Initiating Config Legacy Handler....
[10:21:33] [Client thread/INFO]: Moving Old Properties....
[10:21:33] [Client thread/INFO]: Renaming Old Propertiesr....
[10:21:33] [Client thread/INFO]: Cleaning up Categories....
[10:21:33] [Client thread/INFO]: Cleaning up Properties....
[10:21:33] [Client thread/INFO]: Config Legacy Handler Finished
[10:21:33] [Client thread/WARN]: ****************************************
[10:21:33] [Client thread/WARN]: * Invalid registration attempt for an Ore Dictionary item with name ingotFlint has occurred. The registration has been denied to prevent crashes. The mod responsible for the registration needs to correct this.
[10:21:33] [Client thread/WARN]: *  at net.minecraftforge.oredict.OreDictionary.registerOreImpl(OreDictionary.java:595)
[10:21:33] [Client thread/WARN]: *  at net.minecraftforge.oredict.OreDictionary.registerOre(OreDictionary.java:581)
[10:21:33] [Client thread/WARN]: *  at net.minecraftforge.oredict.OreDictionary.registerOre(OreDictionary.java:579)
[10:21:33] [Client thread/WARN]: *  at com.kashdeya.tinyprogressions.handlers.OreDictHandler.init(OreDictHandler.java:21)
[10:21:33] [Client thread/WARN]: *  at com.kashdeya.tinyprogressions.main.TinyProgressions.preInit(TinyProgressions.java:55)
[10:21:33] [Client thread/WARN]: *  at sun.reflect.NativeMethodAccessorImpl.invoke0(Native Method)...
[10:21:33] [Client thread/WARN]: ****************************************
[10:21:33] [Client thread/INFO]: Generating fluids
[10:21:33] [Client thread/INFO]: 	Generating 'milk
[10:21:33] [Client thread/INFO]: 		= slimeknights.tconstruct.library.fluid.FluidColored@36a8c7a6
[10:21:33] [Client thread/INFO]: 	Generating 'fuel
[10:21:33] [Client thread/INFO]: 		= cofh.core.fluid.FluidCore@337e3f75
[10:21:33] [Client thread/INFO]: 	Generating 'oil
[10:21:33] [Client thread/INFO]: 		= de.ellpeck.actuallyadditions.mod.fluids.FluidAA@60813319
[10:21:33] [Client thread/WARN]: ****************************************
[10:21:33] [Client thread/WARN]: * Dangerous alternative prefix `refinedstorage` for name `wireless_crafting_grid`, expected `wcg` invalid registry invocation/invalid name?
[10:21:33] [Client thread/WARN]: *  at net.minecraftforge.fml.common.registry.IForgeRegistryEntry$Impl.setRegistryName(IForgeRegistryEntry.java:82)
[10:21:33] [Client thread/WARN]: *  at net.minecraftforge.fml.common.registry.IForgeRegistryEntry$Impl.setRegistryName(IForgeRegistryEntry.java:91)
[10:21:33] [Client thread/WARN]: *  at com.raoulvdberge.refinedstorage.item.ItemNetworkItem.<init>(ItemNetworkItem.java:53)
[10:21:33] [Client thread/WARN]: *  at p455w0rd.wcg.items.ItemWirelessCraftingGrid.<init>(ItemWirelessCraftingGrid.java:37)
[10:21:33] [Client thread/WARN]: *  at p455w0rd.wcg.ModItems.init(ModItems.java:16)
[10:21:33] [Client thread/WARN]: *  at p455w0rd.wcg.proxy.CommonProxy.preInit(CommonProxy.java:15)...
[10:21:33] [Client thread/WARN]: ****************************************
[10:21:34] [Client thread/INFO]: Adding tier mapping Woot:none:Blaze->TIER_TWO
[10:21:34] [Client thread/INFO]: Adding tier mapping Woot:none:Witch->TIER_TWO
[10:21:34] [Client thread/INFO]: Adding tier mapping Woot:none:Ghast->TIER_TWO
[10:21:34] [Client thread/INFO]: Adding tier mapping Woot:none:PigZombie->TIER_TWO
[10:21:34] [Client thread/INFO]: Adding tier mapping Woot:none:MagmaCube->TIER_TWO
[10:21:34] [Client thread/INFO]: Adding tier mapping Woot:none:Enderman->TIER_THREE
[10:21:34] [Client thread/INFO]: Adding tier mapping Woot:none:IronGolem->TIER_THREE
[10:21:34] [Client thread/INFO]: Adding tier mapping Woot:none:Guardian->TIER_THREE
[10:21:34] [Client thread/INFO]: Adding tier mapping Woot:Wither:Skeleton->TIER_THREE
[10:21:34] [Client thread/INFO]: Adding tier mapping Woot:none:WitherBoss->TIER_FOUR
[10:21:34] [Client thread/INFO]: Adding mob cost: Woot:none:IronGolem=10
[10:21:34] [Client thread/INFO]: Adding mob cost: Woot:Wither:Skeleton=10
[10:21:34] [Client thread/INFO]: Adding mob cost: Woot:none:MagmaCube=5
[10:21:34] [Client thread/INFO]: Adding mob cost: Woot:none:Enderman=10
[10:21:34] [Client thread/INFO]: Adding tier mapping Woot:none:EnderDragon->TIER_FOUR
[10:21:34] [Client thread/INFO]: Applying holder lookups
[10:21:34] [Client thread/INFO]: Holder lookups applied
[10:21:34] [Client thread/INFO]: Injecting itemstacks
[10:21:34] [Client thread/INFO]: Itemstack injection complete
[10:21:34] [Client thread/WARN]: Invalid sounds.json
java.lang.NullPointerException
	at net.minecraft.client.audio.SoundHandler.func_110549_a(SourceFile:82) [bzw.class:?]
	at net.minecraft.client.resources.SimpleReloadableResourceManager.func_110542_a(SimpleReloadableResourceManager.java:122) [bxi.class:?]
	at net.minecraft.client.Minecraft.func_71384_a(Minecraft.java:446) [bcx.class:?]
	at net.minecraft.client.Minecraft.func_99999_d(Minecraft.java:351) [bcx.class:?]
	at net.minecraft.client.main.Main.main(SourceFile:124) [Main.class:?]
	at sun.reflect.NativeMethodAccessorImpl.invoke0(Native Method) ~[?:1.8.0_51]
	at sun.reflect.NativeMethodAccessorImpl.invoke(NativeMethodAccessorImpl.java:62) ~[?:1.8.0_51]
	at sun.reflect.DelegatingMethodAccessorImpl.invoke(DelegatingMethodAccessorImpl.java:43) ~[?:1.8.0_51]
	at java.lang.reflect.Method.invoke(Method.java:497) ~[?:1.8.0_51]
	at net.minecraft.launchwrapper.Launch.launch(Launch.java:135) [launchwrapper-1.12.jar:?]
	at net.minecraft.launchwrapper.Launch.main(Launch.java:28) [launchwrapper-1.12.jar:?]
[10:21:34] [Sound Library Loader/INFO]: Starting up SoundSystem...
[10:21:34] [Thread-13/INFO]: Initializing LWJGL OpenAL
[10:21:34] [Thread-13/INFO]: (The LWJGL binding of OpenAL.  For more information, see http://www.lwjgl.org)
[10:21:35] [Client thread/INFO]: OBJLoader.Parser: command 's' (model: 'advancedrocketry:models/block/models/advRocketmotor.obj') is not currently supported, skipping. Line: 347 's off'
[10:21:35] [Thread-13/INFO]: OpenAL initialized.
[10:21:35] [Sound Library Loader/INFO]: Sound engine started
[10:21:37] [Client thread/INFO]: [codechicken.lib.model.blockstate.CCBlockStateLoader:load:132]: com.google.gson.JsonSyntaxException: com.google.gson.stream.MalformedJsonException: Expected name at line 8 column 6
[10:21:37] [Client thread/INFO]: [codechicken.lib.model.blockstate.CCBlockStateLoader:load:132]: 	at com.google.gson.internal.Streams.parse(Streams.java:56)
[10:21:37] [Client thread/INFO]: [codechicken.lib.model.blockstate.CCBlockStateLoader:load:132]: 	at com.google.gson.JsonParser.parse(JsonParser.java:84)
[10:21:37] [Client thread/INFO]: [codechicken.lib.model.blockstate.CCBlockStateLoader:load:132]: 	at codechicken.lib.model.blockstate.CCBlockStateLoader.load(CCBlockStateLoader.java:54)
[10:21:37] [Client thread/INFO]: [codechicken.lib.model.blockstate.CCBlockStateLoader:load:132]: 	at codechicken.lib.model.blockstate.CCBlockStateLoader.handleLoad(CCBlockStateLoader.java:38)
[10:21:37] [Client thread/INFO]: [codechicken.lib.model.blockstate.CCBlockStateLoader:load:132]: 	at net.minecraft.client.renderer.block.model.ModelBlockDefinition.func_178331_a(ModelBlockDefinition.java)
[10:21:37] [Client thread/INFO]: [codechicken.lib.model.blockstate.CCBlockStateLoader:load:132]: 	at net.minecraft.client.renderer.block.model.ModelBakery.func_188636_a(ModelBakery.java:219)
[10:21:37] [Client thread/INFO]: [codechicken.lib.model.blockstate.CCBlockStateLoader:load:132]: 	at net.minecraft.client.renderer.block.model.ModelBakery.func_188632_a(ModelBakery.java:200)
[10:21:37] [Client thread/INFO]: [codechicken.lib.model.blockstate.CCBlockStateLoader:load:132]: 	at net.minecraft.client.renderer.block.model.ModelBakery.func_177586_a(ModelBakery.java:185)
[10:21:37] [Client thread/INFO]: [codechicken.lib.model.blockstate.CCBlockStateLoader:load:132]: 	at net.minecraftforge.client.model.ModelLoader.func_177586_a(ModelLoader.java:281)
[10:21:37] [Client thread/INFO]: [codechicken.lib.model.blockstate.CCBlockStateLoader:load:132]: 	at net.minecraft.client.renderer.block.model.ModelBakery.loadBlock(ModelBakery.java:121)
[10:21:37] [Client thread/INFO]: [codechicken.lib.model.blockstate.CCBlockStateLoader:load:132]: 	at net.minecraftforge.client.model.ModelLoader.func_188640_b(ModelLoader.java:240)
[10:21:37] [Client thread/INFO]: [codechicken.lib.model.blockstate.CCBlockStateLoader:load:132]: 	at net.minecraftforge.client.model.ModelLoader.func_177570_a(ModelLoader.java:71)
[10:21:37] [Client thread/INFO]: [codechicken.lib.model.blockstate.CCBlockStateLoader:load:132]: 	at net.minecraft.client.renderer.block.model.ModelManager.func_110549_a(ModelManager.java:28)
[10:21:37] [Client thread/INFO]: [codechicken.lib.model.blockstate.CCBlockStateLoader:load:132]: 	at net.minecraft.client.resources.SimpleReloadableResourceManager.func_110542_a(SimpleReloadableResourceManager.java:122)
[10:21:37] [Client thread/INFO]: [codechicken.lib.model.blockstate.CCBlockStateLoader:load:132]: 	at net.minecraft.client.Minecraft.func_71384_a(Minecraft.java:499)
[10:21:37] [Client thread/INFO]: [codechicken.lib.model.blockstate.CCBlockStateLoader:load:132]: 	at net.minecraft.client.Minecraft.func_99999_d(Minecraft.java:351)
[10:21:37] [Client thread/INFO]: [codechicken.lib.model.blockstate.CCBlockStateLoader:load:132]: 	at net.minecraft.client.main.Main.main(SourceFile:124)
[10:21:37] [Client thread/INFO]: [codechicken.lib.model.blockstate.CCBlockStateLoader:load:132]: 	at sun.reflect.NativeMethodAccessorImpl.invoke0(Native Method)
[10:21:37] [Client thread/INFO]: [codechicken.lib.model.blockstate.CCBlockStateLoader:load:132]: 	at sun.reflect.NativeMethodAccessorImpl.invoke(NativeMethodAccessorImpl.java:62)
[10:21:37] [Client thread/INFO]: [codechicken.lib.model.blockstate.CCBlockStateLoader:load:132]: 	at sun.reflect.DelegatingMethodAccessorImpl.invoke(DelegatingMethodAccessorImpl.java:43)
[10:21:37] [Client thread/INFO]: [codechicken.lib.model.blockstate.CCBlockStateLoader:load:132]: 	at java.lang.reflect.Method.invoke(Method.java:497)
[10:21:37] [Client thread/INFO]: [codechicken.lib.model.blockstate.CCBlockStateLoader:load:132]: 	at net.minecraft.launchwrapper.Launch.launch(Launch.java:135)
[10:21:37] [Client thread/INFO]: [codechicken.lib.model.blockstate.CCBlockStateLoader:load:132]: 	at net.minecraft.launchwrapper.Launch.main(Launch.java:28)
[10:21:37] [Client thread/INFO]: [java.lang.Throwable:printStackTrace:634]: Caused by: com.google.gson.stream.MalformedJsonException: Expected name at line 8 column 6
[10:21:37] [Client thread/INFO]: [java.lang.Throwable:printStackTrace:634]: 	at com.google.gson.stream.JsonReader.syntaxError(JsonReader.java:1505)
[10:21:37] [Client thread/INFO]: [java.lang.Throwable:printStackTrace:634]: 	at com.google.gson.stream.JsonReader.doPeek(JsonReader.java:494)
[10:21:37] [Client thread/INFO]: [java.lang.Throwable:printStackTrace:634]: 	at com.google.gson.stream.JsonReader.hasNext(JsonReader.java:403)
[10:21:37] [Client thread/INFO]: [java.lang.Throwable:printStackTrace:634]: 	at com.google.gson.internal.bind.TypeAdapters$25.read(TypeAdapters.java:666)
[10:21:37] [Client thread/INFO]: [java.lang.Throwable:printStackTrace:634]: 	at com.google.gson.internal.bind.TypeAdapters$25.read(TypeAdapters.java:667)
[10:21:37] [Client thread/INFO]: [java.lang.Throwable:printStackTrace:634]: 	at com.google.gson.internal.bind.TypeAdapters$25.read(TypeAdapters.java:642)
[10:21:37] [Client thread/INFO]: [java.lang.Throwable:printStackTrace:634]: 	at com.google.gson.internal.Streams.parse(Streams.java:44)
[10:21:37] [Client thread/INFO]: [java.lang.Throwable:printStackTrace:634]: 	... 22 more
[10:21:37] [Client thread/INFO]: [codechicken.lib.model.blockstate.CCBlockStateLoader:load:132]: com.google.gson.JsonSyntaxException: com.google.gson.stream.MalformedJsonException: Expected name at line 8 column 6
[10:21:37] [Client thread/INFO]: [codechicken.lib.model.blockstate.CCBlockStateLoader:load:132]: 	at com.google.gson.internal.Streams.parse(Streams.java:56)
[10:21:37] [Client thread/INFO]: [codechicken.lib.model.blockstate.CCBlockStateLoader:load:132]: 	at com.google.gson.JsonParser.parse(JsonParser.java:84)
[10:21:37] [Client thread/INFO]: [codechicken.lib.model.blockstate.CCBlockStateLoader:load:132]: 	at codechicken.lib.model.blockstate.CCBlockStateLoader.load(CCBlockStateLoader.java:54)
[10:21:37] [Client thread/INFO]: [codechicken.lib.model.blockstate.CCBlockStateLoader:load:132]: 	at codechicken.lib.model.blockstate.CCBlockStateLoader.handleLoad(CCBlockStateLoader.java:38)
[10:21:37] [Client thread/INFO]: [codechicken.lib.model.blockstate.CCBlockStateLoader:load:132]: 	at net.minecraft.client.renderer.block.model.ModelBlockDefinition.func_178331_a(ModelBlockDefinition.java)
[10:21:37] [Client thread/INFO]: [codechicken.lib.model.blockstate.CCBlockStateLoader:load:132]: 	at net.minecraft.client.renderer.block.model.ModelBakery.func_188636_a(ModelBakery.java:219)
[10:21:37] [Client thread/INFO]: [codechicken.lib.model.blockstate.CCBlockStateLoader:load:132]: 	at net.minecraft.client.renderer.block.model.ModelBakery.func_188632_a(ModelBakery.java:200)
[10:21:37] [Client thread/INFO]: [codechicken.lib.model.blockstate.CCBlockStateLoader:load:132]: 	at net.minecraft.client.renderer.block.model.ModelBakery.func_177586_a(ModelBakery.java:185)
[10:21:37] [Client thread/INFO]: [codechicken.lib.model.blockstate.CCBlockStateLoader:load:132]: 	at net.minecraftforge.client.model.ModelLoader.func_177586_a(ModelLoader.java:281)
[10:21:37] [Client thread/INFO]: [codechicken.lib.model.blockstate.CCBlockStateLoader:load:132]: 	at net.minecraftforge.client.model.ModelLoader$VariantLoader.loadModel(ModelLoader.java:1192)
[10:21:37] [Client thread/INFO]: [codechicken.lib.model.blockstate.CCBlockStateLoader:load:132]: 	at net.minecraftforge.client.model.ModelLoaderRegistry.getModel(ModelLoaderRegistry.java:149)
[10:21:37] [Client thread/INFO]: [codechicken.lib.model.blockstate.CCBlockStateLoader:load:132]: 	at net.minecraftforge.client.model.ModelLoader.func_177569_a(ModelLoader.java:252)
[10:21:37] [Client thread/INFO]: [codechicken.lib.model.blockstate.CCBlockStateLoader:load:132]: 	at net.minecraft.client.renderer.block.model.ModelBakery.loadBlock(ModelBakery.java:145)
[10:21:37] [Client thread/INFO]: [codechicken.lib.model.blockstate.CCBlockStateLoader:load:132]: 	at net.minecraftforge.client.model.ModelLoader.func_188640_b(ModelLoader.java:240)
[10:21:37] [Client thread/INFO]: [codechicken.lib.model.blockstate.CCBlockStateLoader:load:132]: 	at net.minecraftforge.client.model.ModelLoader.func_177570_a(ModelLoader.java:71)
[10:21:37] [Client thread/INFO]: [codechicken.lib.model.blockstate.CCBlockStateLoader:load:132]: 	at net.minecraft.client.renderer.block.model.ModelManager.func_110549_a(ModelManager.java:28)
[10:21:37] [Client thread/INFO]: [codechicken.lib.model.blockstate.CCBlockStateLoader:load:132]: 	at net.minecraft.client.resources.SimpleReloadableResourceManager.func_110542_a(SimpleReloadableResourceManager.java:122)
[10:21:37] [Client thread/INFO]: [codechicken.lib.model.blockstate.CCBlockStateLoader:load:132]: 	at net.minecraft.client.Minecraft.func_71384_a(Minecraft.java:499)
[10:21:37] [Client thread/INFO]: [codechicken.lib.model.blockstate.CCBlockStateLoader:load:132]: 	at net.minecraft.client.Minecraft.func_99999_d(Minecraft.java:351)
[10:21:37] [Client thread/INFO]: [codechicken.lib.model.blockstate.CCBlockStateLoader:load:132]: 	at net.minecraft.client.main.Main.main(SourceFile:124)
[10:21:37] [Client thread/INFO]: [codechicken.lib.model.blockstate.CCBlockStateLoader:load:132]: 	at sun.reflect.NativeMethodAccessorImpl.invoke0(Native Method)
[10:21:37] [Client thread/INFO]: [codechicken.lib.model.blockstate.CCBlockStateLoader:load:132]: 	at sun.reflect.NativeMethodAccessorImpl.invoke(NativeMethodAccessorImpl.java:62)
[10:21:37] [Client thread/INFO]: [codechicken.lib.model.blockstate.CCBlockStateLoader:load:132]: 	at sun.reflect.DelegatingMethodAccessorImpl.invoke(DelegatingMethodAccessorImpl.java:43)
[10:21:37] [Client thread/INFO]: [codechicken.lib.model.blockstate.CCBlockStateLoader:load:132]: 	at java.lang.reflect.Method.invoke(Method.java:497)
[10:21:37] [Client thread/INFO]: [codechicken.lib.model.blockstate.CCBlockStateLoader:load:132]: 	at net.minecraft.launchwrapper.Launch.launch(Launch.java:135)
[10:21:37] [Client thread/INFO]: [codechicken.lib.model.blockstate.CCBlockStateLoader:load:132]: 	at net.minecraft.launchwrapper.Launch.main(Launch.java:28)
[10:21:37] [Client thread/INFO]: [java.lang.Throwable:printStackTrace:634]: Caused by: com.google.gson.stream.MalformedJsonException: Expected name at line 8 column 6
[10:21:37] [Client thread/INFO]: [java.lang.Throwable:printStackTrace:634]: 	at com.google.gson.stream.JsonReader.syntaxError(JsonReader.java:1505)
[10:21:37] [Client thread/INFO]: [java.lang.Throwable:printStackTrace:634]: 	at com.google.gson.stream.JsonReader.doPeek(JsonReader.java:494)
[10:21:37] [Client thread/INFO]: [java.lang.Throwable:printStackTrace:634]: 	at com.google.gson.stream.JsonReader.hasNext(JsonReader.java:403)
[10:21:37] [Client thread/INFO]: [java.lang.Throwable:printStackTrace:634]: 	at com.google.gson.internal.bind.TypeAdapters$25.read(TypeAdapters.java:666)
[10:21:37] [Client thread/INFO]: [java.lang.Throwable:printStackTrace:634]: 	at com.google.gson.internal.bind.TypeAdapters$25.read(TypeAdapters.java:667)
[10:21:37] [Client thread/INFO]: [java.lang.Throwable:printStackTrace:634]: 	at com.google.gson.internal.bind.TypeAdapters$25.read(TypeAdapters.java:642)
[10:21:37] [Client thread/INFO]: [java.lang.Throwable:printStackTrace:634]: 	at com.google.gson.internal.Streams.parse(Streams.java:44)
[10:21:37] [Client thread/INFO]: [java.lang.Throwable:printStackTrace:634]: 	... 25 more
[10:21:37] [Client thread/INFO]: [codechicken.lib.model.blockstate.CCBlockStateLoader:load:132]: com.google.gson.JsonSyntaxException: com.google.gson.stream.MalformedJsonException: Expected name at line 8 column 6
[10:21:37] [Client thread/INFO]: [codechicken.lib.model.blockstate.CCBlockStateLoader:load:132]: 	at com.google.gson.internal.Streams.parse(Streams.java:56)
[10:21:37] [Client thread/INFO]: [codechicken.lib.model.blockstate.CCBlockStateLoader:load:132]: 	at com.google.gson.JsonParser.parse(JsonParser.java:84)
[10:21:37] [Client thread/INFO]: [codechicken.lib.model.blockstate.CCBlockStateLoader:load:132]: 	at codechicken.lib.model.blockstate.CCBlockStateLoader.load(CCBlockStateLoader.java:54)
[10:21:37] [Client thread/INFO]: [codechicken.lib.model.blockstate.CCBlockStateLoader:load:132]: 	at codechicken.lib.model.blockstate.CCBlockStateLoader.handleLoad(CCBlockStateLoader.java:38)
[10:21:37] [Client thread/INFO]: [codechicken.lib.model.blockstate.CCBlockStateLoader:load:132]: 	at net.minecraft.client.renderer.block.model.ModelBlockDefinition.func_178331_a(ModelBlockDefinition.java)
[10:21:37] [Client thread/INFO]: [codechicken.lib.model.blockstate.CCBlockStateLoader:load:132]: 	at net.minecraft.client.renderer.block.model.ModelBakery.func_188636_a(ModelBakery.java:219)
[10:21:37] [Client thread/INFO]: [codechicken.lib.model.blockstate.CCBlockStateLoader:load:132]: 	at net.minecraft.client.renderer.block.model.ModelBakery.func_188632_a(ModelBakery.java:200)
[10:21:37] [Client thread/INFO]: [codechicken.lib.model.blockstate.CCBlockStateLoader:load:132]: 	at net.minecraft.client.renderer.block.model.ModelBakery.func_177586_a(ModelBakery.java:185)
[10:21:37] [Client thread/INFO]: [codechicken.lib.model.blockstate.CCBlockStateLoader:load:132]: 	at net.minecraftforge.client.model.ModelLoader.func_177586_a(ModelLoader.java:281)
[10:21:37] [Client thread/INFO]: [codechicken.lib.model.blockstate.CCBlockStateLoader:load:132]: 	at net.minecraftforge.client.model.ModelLoader$VariantLoader.loadModel(ModelLoader.java:1192)
[10:21:37] [Client thread/INFO]: [codechicken.lib.model.blockstate.CCBlockStateLoader:load:132]: 	at net.minecraftforge.client.model.ModelLoaderRegistry.getModel(ModelLoaderRegistry.java:149)
[10:21:37] [Client thread/INFO]: [codechicken.lib.model.blockstate.CCBlockStateLoader:load:132]: 	at net.minecraftforge.client.model.ModelLoader.func_177569_a(ModelLoader.java:252)
[10:21:37] [Client thread/INFO]: [codechicken.lib.model.blockstate.CCBlockStateLoader:load:132]: 	at net.minecraft.client.renderer.block.model.ModelBakery.loadBlock(ModelBakery.java:145)
[10:21:37] [Client thread/INFO]: [codechicken.lib.model.blockstate.CCBlockStateLoader:load:132]: 	at net.minecraftforge.client.model.ModelLoader.func_188640_b(ModelLoader.java:240)
[10:21:37] [Client thread/INFO]: [codechicken.lib.model.blockstate.CCBlockStateLoader:load:132]: 	at net.minecraftforge.client.model.ModelLoader.func_177570_a(ModelLoader.java:71)
[10:21:37] [Client thread/INFO]: [codechicken.lib.model.blockstate.CCBlockStateLoader:load:132]: 	at net.minecraft.client.renderer.block.model.ModelManager.func_110549_a(ModelManager.java:28)
[10:21:37] [Client thread/INFO]: [codechicken.lib.model.blockstate.CCBlockStateLoader:load:132]: 	at net.minecraft.client.resources.SimpleReloadableResourceManager.func_110542_a(SimpleReloadableResourceManager.java:122)
[10:21:37] [Client thread/INFO]: [codechicken.lib.model.blockstate.CCBlockStateLoader:load:132]: 	at net.minecraft.client.Minecraft.func_71384_a(Minecraft.java:499)
[10:21:37] [Client thread/INFO]: [codechicken.lib.model.blockstate.CCBlockStateLoader:load:132]: 	at net.minecraft.client.Minecraft.func_99999_d(Minecraft.java:351)
[10:21:37] [Client thread/INFO]: [codechicken.lib.model.blockstate.CCBlockStateLoader:load:132]: 	at net.minecraft.client.main.Main.main(SourceFile:124)
[10:21:37] [Client thread/INFO]: [codechicken.lib.model.blockstate.CCBlockStateLoader:load:132]: 	at sun.reflect.NativeMethodAccessorImpl.invoke0(Native Method)
[10:21:37] [Client thread/INFO]: [codechicken.lib.model.blockstate.CCBlockStateLoader:load:132]: 	at sun.reflect.NativeMethodAccessorImpl.invoke(NativeMethodAccessorImpl.java:62)
[10:21:37] [Client thread/INFO]: [codechicken.lib.model.blockstate.CCBlockStateLoader:load:132]: 	at sun.reflect.DelegatingMethodAccessorImpl.invoke(DelegatingMethodAccessorImpl.java:43)
[10:21:37] [Client thread/INFO]: [codechicken.lib.model.blockstate.CCBlockStateLoader:load:132]: 	at java.lang.reflect.Method.invoke(Method.java:497)
[10:21:37] [Client thread/INFO]: [codechicken.lib.model.blockstate.CCBlockStateLoader:load:132]: 	at net.minecraft.launchwrapper.Launch.launch(Launch.java:135)
[10:21:37] [Client thread/INFO]: [codechicken.lib.model.blockstate.CCBlockStateLoader:load:132]: 	at net.minecraft.launchwrapper.Launch.main(Launch.java:28)
[10:21:37] [Client thread/INFO]: [java.lang.Throwable:printStackTrace:634]: Caused by: com.google.gson.stream.MalformedJsonException: Expected name at line 8 column 6
[10:21:37] [Client thread/INFO]: [java.lang.Throwable:printStackTrace:634]: 	at com.google.gson.stream.JsonReader.syntaxError(JsonReader.java:1505)
[10:21:37] [Client thread/INFO]: [java.lang.Throwable:printStackTrace:634]: 	at com.google.gson.stream.JsonReader.doPeek(JsonReader.java:494)
[10:21:37] [Client thread/INFO]: [java.lang.Throwable:printStackTrace:634]: 	at com.google.gson.stream.JsonReader.hasNext(JsonReader.java:403)
[10:21:37] [Client thread/INFO]: [java.lang.Throwable:printStackTrace:634]: 	at com.google.gson.internal.bind.TypeAdapters$25.read(TypeAdapters.java:666)
[10:21:37] [Client thread/INFO]: [java.lang.Throwable:printStackTrace:634]: 	at com.google.gson.internal.bind.TypeAdapters$25.read(TypeAdapters.java:667)
[10:21:37] [Client thread/INFO]: [java.lang.Throwable:printStackTrace:634]: 	at com.google.gson.internal.bind.TypeAdapters$25.read(TypeAdapters.java:642)
[10:21:37] [Client thread/INFO]: [java.lang.Throwable:printStackTrace:634]: 	at com.google.gson.internal.Streams.parse(Streams.java:44)
[10:21:37] [Client thread/INFO]: [java.lang.Throwable:printStackTrace:634]: 	... 25 more
[10:21:38] [Client thread/INFO]: OBJLoader.MaterialLibrary: key 'Ns' (model: 'extracells:models/block/walrus.mtl') is not currently supported, skipping
[10:21:38] [Client thread/INFO]: OBJModel: A color has already been defined for material 'None' in 'extracells:models/block/walrus.mtl'. The color defined by key 'Ks' will not be applied!
[10:21:38] [Client thread/INFO]: OBJLoader.MaterialLibrary: key 'illum' (model: 'extracells:models/block/walrus.mtl') is not currently supported, skipping
[10:21:39] [Client thread/INFO]: OBJLoader.MaterialLibrary: key 'Ns' (model: 'libvulpes:models/block/models/advancedMotor.mtl') is not currently supported, skipping
[10:21:39] [Client thread/INFO]: OBJModel: A color has already been defined for material 'Material' in 'libvulpes:models/block/models/advancedMotor.mtl'. The color defined by key 'Ks' will not be applied!
[10:21:39] [Client thread/INFO]: OBJLoader.MaterialLibrary: key 'Ke' (model: 'libvulpes:models/block/models/advancedMotor.mtl') is not currently supported, skipping
[10:21:39] [Client thread/INFO]: OBJLoader.MaterialLibrary: key 'Ni' (model: 'libvulpes:models/block/models/advancedMotor.mtl') is not currently supported, skipping
[10:21:39] [Client thread/INFO]: OBJLoader.MaterialLibrary: key 'illum' (model: 'libvulpes:models/block/models/advancedMotor.mtl') is not currently supported, skipping
[10:21:39] [Client thread/INFO]: OBJLoader.MaterialLibrary: key 'Ns' (model: 'libvulpes:models/block/models/eliteMotor.mtl') is not currently supported, skipping
[10:21:39] [Client thread/INFO]: OBJModel: A color has already been defined for material 'Material' in 'libvulpes:models/block/models/eliteMotor.mtl'. The color defined by key 'Ks' will not be applied!
[10:21:39] [Client thread/INFO]: OBJLoader.MaterialLibrary: key 'Ke' (model: 'libvulpes:models/block/models/eliteMotor.mtl') is not currently supported, skipping
[10:21:39] [Client thread/INFO]: OBJLoader.MaterialLibrary: key 'Ni' (model: 'libvulpes:models/block/models/eliteMotor.mtl') is not currently supported, skipping
[10:21:39] [Client thread/INFO]: OBJLoader.MaterialLibrary: key 'illum' (model: 'libvulpes:models/block/models/eliteMotor.mtl') is not currently supported, skipping
[10:21:39] [Client thread/INFO]: OBJLoader.MaterialLibrary: key 'Ns' (model: 'libvulpes:models/block/models/enhancedMotor.mtl') is not currently supported, skipping
[10:21:39] [Client thread/INFO]: OBJModel: A color has already been defined for material 'Material' in 'libvulpes:models/block/models/enhancedMotor.mtl'. The color defined by key 'Ks' will not be applied!
[10:21:39] [Client thread/INFO]: OBJLoader.MaterialLibrary: key 'Ke' (model: 'libvulpes:models/block/models/enhancedMotor.mtl') is not currently supported, skipping
[10:21:39] [Client thread/INFO]: OBJLoader.MaterialLibrary: key 'Ni' (model: 'libvulpes:models/block/models/enhancedMotor.mtl') is not currently supported, skipping
[10:21:39] [Client thread/INFO]: OBJLoader.MaterialLibrary: key 'illum' (model: 'libvulpes:models/block/models/enhancedMotor.mtl') is not currently supported, skipping
[10:21:39] [Client thread/INFO]: OBJLoader.MaterialLibrary: key 'Ns' (model: 'libvulpes:models/block/models/motor.mtl') is not currently supported, skipping
[10:21:39] [Client thread/INFO]: OBJModel: A color has already been defined for material 'Material' in 'libvulpes:models/block/models/motor.mtl'. The color defined by key 'Ks' will not be applied!
[10:21:39] [Client thread/INFO]: OBJLoader.MaterialLibrary: key 'Ke' (model: 'libvulpes:models/block/models/motor.mtl') is not currently supported, skipping
[10:21:39] [Client thread/INFO]: OBJLoader.MaterialLibrary: key 'Ni' (model: 'libvulpes:models/block/models/motor.mtl') is not currently supported, skipping
[10:21:39] [Client thread/INFO]: OBJLoader.MaterialLibrary: key 'illum' (model: 'libvulpes:models/block/models/motor.mtl') is not currently supported, skipping
[10:21:50] [Client thread/INFO]: [codechicken.lib.model.blockstate.CCBlockStateLoader:load:132]: com.google.gson.JsonSyntaxException: com.google.gson.stream.MalformedJsonException: Expected name at line 8 column 6
[10:21:50] [Client thread/INFO]: [codechicken.lib.model.blockstate.CCBlockStateLoader:load:132]: 	at com.google.gson.internal.Streams.parse(Streams.java:56)
[10:21:50] [Client thread/INFO]: [codechicken.lib.model.blockstate.CCBlockStateLoader:load:132]: 	at com.google.gson.JsonParser.parse(JsonParser.java:84)
[10:21:50] [Client thread/INFO]: [codechicken.lib.model.blockstate.CCBlockStateLoader:load:132]: 	at codechicken.lib.model.blockstate.CCBlockStateLoader.load(CCBlockStateLoader.java:54)
[10:21:50] [Client thread/INFO]: [codechicken.lib.model.blockstate.CCBlockStateLoader:load:132]: 	at codechicken.lib.model.blockstate.CCBlockStateLoader.handleLoad(CCBlockStateLoader.java:38)
[10:21:50] [Client thread/INFO]: [codechicken.lib.model.blockstate.CCBlockStateLoader:load:132]: 	at net.minecraft.client.renderer.block.model.ModelBlockDefinition.func_178331_a(ModelBlockDefinition.java)
[10:21:50] [Client thread/INFO]: [codechicken.lib.model.blockstate.CCBlockStateLoader:load:132]: 	at net.minecraft.client.renderer.block.model.ModelBakery.func_188636_a(ModelBakery.java:219)
[10:21:50] [Client thread/INFO]: [codechicken.lib.model.blockstate.CCBlockStateLoader:load:132]: 	at net.minecraft.client.renderer.block.model.ModelBakery.func_188632_a(ModelBakery.java:200)
[10:21:50] [Client thread/INFO]: [codechicken.lib.model.blockstate.CCBlockStateLoader:load:132]: 	at net.minecraft.client.renderer.block.model.ModelBakery.func_177586_a(ModelBakery.java:185)
[10:21:50] [Client thread/INFO]: [codechicken.lib.model.blockstate.CCBlockStateLoader:load:132]: 	at net.minecraftforge.client.model.ModelLoader.func_177586_a(ModelLoader.java:281)
[10:21:50] [Client thread/INFO]: [codechicken.lib.model.blockstate.CCBlockStateLoader:load:132]: 	at net.minecraftforge.client.model.ModelLoader$VariantLoader.loadModel(ModelLoader.java:1192)
[10:21:50] [Client thread/INFO]: [codechicken.lib.model.blockstate.CCBlockStateLoader:load:132]: 	at net.minecraftforge.client.model.ModelLoaderRegistry.getModel(ModelLoaderRegistry.java:149)
[10:21:50] [Client thread/INFO]: [codechicken.lib.model.blockstate.CCBlockStateLoader:load:132]: 	at net.minecraftforge.client.model.ModelLoader.func_177590_d(ModelLoader.java:336)
[10:21:50] [Client thread/INFO]: [codechicken.lib.model.blockstate.CCBlockStateLoader:load:132]: 	at net.minecraft.client.renderer.block.model.ModelBakery.func_177577_b(ModelBakery.java:170)
[10:21:50] [Client thread/INFO]: [codechicken.lib.model.blockstate.CCBlockStateLoader:load:132]: 	at net.minecraftforge.client.model.ModelLoader.func_177570_a(ModelLoader.java:72)
[10:21:50] [Client thread/INFO]: [codechicken.lib.model.blockstate.CCBlockStateLoader:load:132]: 	at net.minecraft.client.renderer.block.model.ModelManager.func_110549_a(ModelManager.java:28)
[10:21:50] [Client thread/INFO]: [codechicken.lib.model.blockstate.CCBlockStateLoader:load:132]: 	at net.minecraft.client.resources.SimpleReloadableResourceManager.func_110542_a(SimpleReloadableResourceManager.java:122)
[10:21:50] [Client thread/INFO]: [codechicken.lib.model.blockstate.CCBlockStateLoader:load:132]: 	at net.minecraft.client.Minecraft.func_71384_a(Minecraft.java:499)
[10:21:50] [Client thread/INFO]: [codechicken.lib.model.blockstate.CCBlockStateLoader:load:132]: 	at net.minecraft.client.Minecraft.func_99999_d(Minecraft.java:351)
[10:21:50] [Client thread/INFO]: [codechicken.lib.model.blockstate.CCBlockStateLoader:load:132]: 	at net.minecraft.client.main.Main.main(SourceFile:124)
[10:21:50] [Client thread/INFO]: [codechicken.lib.model.blockstate.CCBlockStateLoader:load:132]: 	at sun.reflect.NativeMethodAccessorImpl.invoke0(Native Method)
[10:21:50] [Client thread/INFO]: [codechicken.lib.model.blockstate.CCBlockStateLoader:load:132]: 	at sun.reflect.NativeMethodAccessorImpl.invoke(NativeMethodAccessorImpl.java:62)
[10:21:50] [Client thread/INFO]: [codechicken.lib.model.blockstate.CCBlockStateLoader:load:132]: 	at sun.reflect.DelegatingMethodAccessorImpl.invoke(DelegatingMethodAccessorImpl.java:43)
[10:21:50] [Client thread/INFO]: [codechicken.lib.model.blockstate.CCBlockStateLoader:load:132]: 	at java.lang.reflect.Method.invoke(Method.java:497)
[10:21:50] [Client thread/INFO]: [codechicken.lib.model.blockstate.CCBlockStateLoader:load:132]: 	at net.minecraft.launchwrapper.Launch.launch(Launch.java:135)
[10:21:50] [Client thread/INFO]: [codechicken.lib.model.blockstate.CCBlockStateLoader:load:132]: 	at net.minecraft.launchwrapper.Launch.main(Launch.java:28)
[10:21:50] [Client thread/INFO]: [java.lang.Throwable:printStackTrace:634]: Caused by: com.google.gson.stream.MalformedJsonException: Expected name at line 8 column 6
[10:21:50] [Client thread/INFO]: [java.lang.Throwable:printStackTrace:634]: 	at com.google.gson.stream.JsonReader.syntaxError(JsonReader.java:1505)
[10:21:50] [Client thread/INFO]: [java.lang.Throwable:printStackTrace:634]: 	at com.google.gson.stream.JsonReader.doPeek(JsonReader.java:494)
[10:21:50] [Client thread/INFO]: [java.lang.Throwable:printStackTrace:634]: 	at com.google.gson.stream.JsonReader.hasNext(JsonReader.java:403)
[10:21:50] [Client thread/INFO]: [java.lang.Throwable:printStackTrace:634]: 	at com.google.gson.internal.bind.TypeAdapters$25.read(TypeAdapters.java:666)
[10:21:50] [Client thread/INFO]: [java.lang.Throwable:printStackTrace:634]: 	at com.google.gson.internal.bind.TypeAdapters$25.read(TypeAdapters.java:667)
[10:21:50] [Client thread/INFO]: [java.lang.Throwable:printStackTrace:634]: 	at com.google.gson.internal.bind.TypeAdapters$25.read(TypeAdapters.java:642)
[10:21:50] [Client thread/INFO]: [java.lang.Throwable:printStackTrace:634]: 	at com.google.gson.internal.Streams.parse(Streams.java:44)
[10:21:50] [Client thread/INFO]: [java.lang.Throwable:printStackTrace:634]: 	... 24 more
[10:21:51] [Client thread/ERROR]: Could not load vanilla model parent 'randomthings:block/platform' for 'net.minecraft.client.renderer.block.model.ModelBlock@73daf3e1
net.minecraftforge.client.model.ModelLoaderRegistry$LoaderException: Exception loading model randomthings:block/platform with loader VanillaLoader.INSTANCE, skipping
	at net.minecraftforge.client.model.ModelLoaderRegistry.getModel(ModelLoaderRegistry.java:153) ~[ModelLoaderRegistry.class:?]
	at net.minecraftforge.client.model.ModelLoaderRegistry.getModelOrLogError(ModelLoaderRegistry.java:203) [ModelLoaderRegistry.class:?]
	at net.minecraftforge.client.model.ModelLoader$VanillaModelWrapper.getTextures(ModelLoader.java:489) [ModelLoader$VanillaModelWrapper.class:?]
	at net.minecraftforge.client.model.ModelLoaderRegistry.getModel(ModelLoaderRegistry.java:163) [ModelLoaderRegistry.class:?]
	at net.minecraftforge.client.model.ModelLoader.func_177590_d(ModelLoader.java:328) [ModelLoader.class:?]
	at net.minecraft.client.renderer.block.model.ModelBakery.func_177577_b(ModelBakery.java:170) [byo.class:?]
	at net.minecraftforge.client.model.ModelLoader.func_177570_a(ModelLoader.java:72) [ModelLoader.class:?]
	at net.minecraft.client.renderer.block.model.ModelManager.func_110549_a(ModelManager.java:28) [byp.class:?]
	at net.minecraft.client.resources.SimpleReloadableResourceManager.func_110542_a(SimpleReloadableResourceManager.java:122) [bxi.class:?]
	at net.minecraft.client.Minecraft.func_71384_a(Minecraft.java:499) [bcx.class:?]
	at net.minecraft.client.Minecraft.func_99999_d(Minecraft.java:351) [bcx.class:?]
	at net.minecraft.client.main.Main.main(SourceFile:124) [Main.class:?]
	at sun.reflect.NativeMethodAccessorImpl.invoke0(Native Method) ~[?:1.8.0_51]
	at sun.reflect.NativeMethodAccessorImpl.invoke(NativeMethodAccessorImpl.java:62) ~[?:1.8.0_51]
	at sun.reflect.DelegatingMethodAccessorImpl.invoke(DelegatingMethodAccessorImpl.java:43) ~[?:1.8.0_51]
	at java.lang.reflect.Method.invoke(Method.java:497) ~[?:1.8.0_51]
	at net.minecraft.launchwrapper.Launch.launch(Launch.java:135) [launchwrapper-1.12.jar:?]
	at net.minecraft.launchwrapper.Launch.main(Launch.java:28) [launchwrapper-1.12.jar:?]
Caused by: java.io.FileNotFoundException: randomthings:models/block/platform.json
	at net.minecraft.client.resources.FallbackResourceManager.func_110536_a(FallbackResourceManager.java:68) ~[bww.class:?]
	at net.minecraft.client.resources.SimpleReloadableResourceManager.func_110536_a(SimpleReloadableResourceManager.java:65) ~[bxi.class:?]
	at net.minecraft.client.renderer.block.model.ModelBakery.func_177594_c(ModelBakery.java:311) ~[byo.class:?]
	at net.minecraftforge.client.model.ModelLoader.access$1100(ModelLoader.java:118) ~[ModelLoader.class:?]
	at net.minecraftforge.client.model.ModelLoader$VanillaLoader.loadModel(ModelLoader.java:879) ~[ModelLoader$VanillaLoader.class:?]
	at net.minecraftforge.client.model.ModelLoaderRegistry.getModel(ModelLoaderRegistry.java:149) ~[ModelLoaderRegistry.class:?]
	... 17 more
[10:21:53] [Client thread/INFO]: Max texture size: 16384
[10:21:53] [Client thread/INFO]: Created: 16x16 textures-atlas
[10:21:54] [Client thread/ERROR]: Could not load vanilla model parent 'randomthings:block/platform' for 'net.minecraft.client.renderer.block.model.ModelBlock@73daf3e1
net.minecraftforge.client.model.ModelLoaderRegistry$LoaderException: Exception loading model randomthings:block/platform with loader VanillaLoader.INSTANCE, skipping
	at net.minecraftforge.client.model.ModelLoaderRegistry.getModel(ModelLoaderRegistry.java:153) ~[ModelLoaderRegistry.class:?]
	at net.minecraftforge.client.model.ModelLoaderRegistry.getModelOrLogError(ModelLoaderRegistry.java:203) [ModelLoaderRegistry.class:?]
	at net.minecraftforge.client.model.ModelLoader$VanillaModelWrapper.getTextures(ModelLoader.java:489) [ModelLoader$VanillaModelWrapper.class:?]
	at team.chisel.ctm.client.util.TextureMetadataHandler.onModelBake(TextureMetadataHandler.java:121) [TextureMetadataHandler.class:?]
	at net.minecraftforge.fml.common.eventhandler.ASMEventHandler_325_TextureMetadataHandler_onModelBake_ModelBakeEvent.invoke(.dynamic) [?:?]
	at net.minecraftforge.fml.common.eventhandler.ASMEventHandler.invoke(ASMEventHandler.java:90) [ASMEventHandler.class:?]
	at net.minecraftforge.fml.common.eventhandler.EventBus.post(EventBus.java:185) [EventBus.class:?]
	at net.minecraftforge.client.ForgeHooksClient.onModelBake(ForgeHooksClient.java:400) [ForgeHooksClient.class:?]
	at net.minecraft.client.renderer.block.model.ModelManager.func_110549_a(ModelManager.java:30) [byp.class:?]
	at net.minecraft.client.resources.SimpleReloadableResourceManager.func_110542_a(SimpleReloadableResourceManager.java:122) [bxi.class:?]
	at net.minecraft.client.Minecraft.func_71384_a(Minecraft.java:499) [bcx.class:?]
	at net.minecraft.client.Minecraft.func_99999_d(Minecraft.java:351) [bcx.class:?]
	at net.minecraft.client.main.Main.main(SourceFile:124) [Main.class:?]
	at sun.reflect.NativeMethodAccessorImpl.invoke0(Native Method) ~[?:1.8.0_51]
	at sun.reflect.NativeMethodAccessorImpl.invoke(NativeMethodAccessorImpl.java:62) ~[?:1.8.0_51]
	at sun.reflect.DelegatingMethodAccessorImpl.invoke(DelegatingMethodAccessorImpl.java:43) ~[?:1.8.0_51]
	at java.lang.reflect.Method.invoke(Method.java:497) ~[?:1.8.0_51]
	at net.minecraft.launchwrapper.Launch.launch(Launch.java:135) [launchwrapper-1.12.jar:?]
	at net.minecraft.launchwrapper.Launch.main(Launch.java:28) [launchwrapper-1.12.jar:?]
Caused by: java.io.FileNotFoundException: randomthings:models/block/platform.json
	at net.minecraft.client.resources.FallbackResourceManager.func_110536_a(FallbackResourceManager.java:68) ~[bww.class:?]
	at net.minecraft.client.resources.SimpleReloadableResourceManager.func_110536_a(SimpleReloadableResourceManager.java:65) ~[bxi.class:?]
	at net.minecraft.client.renderer.block.model.ModelBakery.func_177594_c(ModelBakery.java:311) ~[byo.class:?]
	at net.minecraftforge.client.model.ModelLoader.access$1100(ModelLoader.java:118) ~[ModelLoader.class:?]
	at net.minecraftforge.client.model.ModelLoader$VanillaLoader.loadModel(ModelLoader.java:879) ~[ModelLoader$VanillaLoader.class:?]
	at net.minecraftforge.client.model.ModelLoaderRegistry.getModel(ModelLoaderRegistry.java:149) ~[ModelLoaderRegistry.class:?]
	... 18 more
[10:21:54] [Client thread/ERROR]: Exception loading model for variant extrautils2:miner#active=false,facing=north
net.minecraftforge.client.model.ModelLoaderRegistry$LoaderException: Exception loading model extrautils2:miner#active=false,facing=north with loader VariantLoader.INSTANCE, skipping
	at net.minecraftforge.client.model.ModelLoaderRegistry.getModel(ModelLoaderRegistry.java:153) ~[ModelLoaderRegistry.class:?]
	at net.minecraftforge.client.model.ModelLoader.func_177569_a(ModelLoader.java:252) ~[ModelLoader.class:?]
	at net.minecraft.client.renderer.block.model.ModelBakery.loadBlock(ModelBakery.java:145) ~[byo.class:?]
	at net.minecraftforge.client.model.ModelLoader.func_188640_b(ModelLoader.java:240) ~[ModelLoader.class:?]
	at net.minecraftforge.client.model.ModelLoader.func_177570_a(ModelLoader.java:71) ~[ModelLoader.class:?]
	at net.minecraft.client.renderer.block.model.ModelManager.func_110549_a(ModelManager.java:28) [byp.class:?]
	at net.minecraft.client.resources.SimpleReloadableResourceManager.func_110542_a(SimpleReloadableResourceManager.java:122) [bxi.class:?]
	at net.minecraft.client.Minecraft.func_71384_a(Minecraft.java:499) [bcx.class:?]
	at net.minecraft.client.Minecraft.func_99999_d(Minecraft.java:351) [bcx.class:?]
	at net.minecraft.client.main.Main.main(SourceFile:124) [Main.class:?]
	at sun.reflect.NativeMethodAccessorImpl.invoke0(Native Method) ~[?:1.8.0_51]
	at sun.reflect.NativeMethodAccessorImpl.invoke(NativeMethodAccessorImpl.java:62) ~[?:1.8.0_51]
	at sun.reflect.DelegatingMethodAccessorImpl.invoke(DelegatingMethodAccessorImpl.java:43) ~[?:1.8.0_51]
	at java.lang.reflect.Method.invoke(Method.java:497) ~[?:1.8.0_51]
	at net.minecraft.launchwrapper.Launch.launch(Launch.java:135) [launchwrapper-1.12.jar:?]
	at net.minecraft.launchwrapper.Launch.main(Launch.java:28) [launchwrapper-1.12.jar:?]
Caused by: net.minecraft.client.renderer.block.model.ModelBlockDefinition$MissingVariantException
	at net.minecraft.client.renderer.block.model.ModelBlockDefinition.func_188004_c(ModelBlockDefinition.java:78) ~[bpe.class:?]
	at net.minecraftforge.client.model.ModelLoader$VariantLoader.loadModel(ModelLoader.java:1195) ~[ModelLoader$VariantLoader.class:?]
	at net.minecraftforge.client.model.ModelLoaderRegistry.getModel(ModelLoaderRegistry.java:149) ~[ModelLoaderRegistry.class:?]
	... 15 more
[10:21:54] [Client thread/ERROR]: Exception loading blockstate for the variant extrautils2:miner#active=false,facing=north: 
java.lang.Exception: Could not load model definition for variant extrautils2:miner
	at net.minecraftforge.client.model.ModelLoader.func_177586_a(ModelLoader.java:285) ~[ModelLoader.class:?]
	at net.minecraft.client.renderer.block.model.ModelBakery.loadBlock(ModelBakery.java:121) ~[byo.class:?]
	at net.minecraftforge.client.model.ModelLoader.func_188640_b(ModelLoader.java:240) ~[ModelLoader.class:?]
	at net.minecraftforge.client.model.ModelLoader.func_177570_a(ModelLoader.java:71) ~[ModelLoader.class:?]
	at net.minecraft.client.renderer.block.model.ModelManager.func_110549_a(ModelManager.java:28) [byp.class:?]
	at net.minecraft.client.resources.SimpleReloadableResourceManager.func_110542_a(SimpleReloadableResourceManager.java:122) [bxi.class:?]
	at net.minecraft.client.Minecraft.func_71384_a(Minecraft.java:499) [bcx.class:?]
	at net.minecraft.client.Minecraft.func_99999_d(Minecraft.java:351) [bcx.class:?]
	at net.minecraft.client.main.Main.main(SourceFile:124) [Main.class:?]
	at sun.reflect.NativeMethodAccessorImpl.invoke0(Native Method) ~[?:1.8.0_51]
	at sun.reflect.NativeMethodAccessorImpl.invoke(NativeMethodAccessorImpl.java:62) ~[?:1.8.0_51]
	at sun.reflect.DelegatingMethodAccessorImpl.invoke(DelegatingMethodAccessorImpl.java:43) ~[?:1.8.0_51]
	at java.lang.reflect.Method.invoke(Method.java:497) ~[?:1.8.0_51]
	at net.minecraft.launchwrapper.Launch.launch(Launch.java:135) [launchwrapper-1.12.jar:?]
	at net.minecraft.launchwrapper.Launch.main(Launch.java:28) [launchwrapper-1.12.jar:?]
Caused by: java.lang.RuntimeException: Encountered an exception when loading model definition of model extrautils2:blockstates/miner.json
	at net.minecraft.client.renderer.block.model.ModelBakery.func_188632_a(ModelBakery.java:205) ~[byo.class:?]
	at net.minecraft.client.renderer.block.model.ModelBakery.func_177586_a(ModelBakery.java:185) ~[byo.class:?]
	at net.minecraftforge.client.model.ModelLoader.func_177586_a(ModelLoader.java:281) ~[ModelLoader.class:?]
	... 14 more
Caused by: java.io.FileNotFoundException: extrautils2:blockstates/miner.json
	at net.minecraft.client.resources.FallbackResourceManager.func_135056_b(FallbackResourceManager.java:103) ~[bww.class:?]
	at net.minecraft.client.resources.SimpleReloadableResourceManager.func_135056_b(SimpleReloadableResourceManager.java:79) ~[bxi.class:?]
	at net.minecraft.client.renderer.block.model.ModelBakery.func_188632_a(ModelBakery.java:198) ~[byo.class:?]
	at net.minecraft.client.renderer.block.model.ModelBakery.func_177586_a(ModelBakery.java:185) ~[byo.class:?]
	at net.minecraftforge.client.model.ModelLoader.func_177586_a(ModelLoader.java:281) ~[ModelLoader.class:?]
	... 14 more
[10:21:54] [Client thread/ERROR]: Exception loading model for variant harvestcraft:crops/blackberrycrop_stage2#inventory, normal location exception: 
net.minecraftforge.client.model.ModelLoaderRegistry$LoaderException: Exception loading model harvestcraft:item/crops/blackberrycrop_stage2 with loader VanillaLoader.INSTANCE, skipping
	at net.minecraftforge.client.model.ModelLoaderRegistry.getModel(ModelLoaderRegistry.java:153) ~[ModelLoaderRegistry.class:?]
	at net.minecraftforge.client.model.ModelLoader.func_177590_d(ModelLoader.java:328) ~[ModelLoader.class:?]
	at net.minecraft.client.renderer.block.model.ModelBakery.func_177577_b(ModelBakery.java:170) ~[byo.class:?]
	at net.minecraftforge.client.model.ModelLoader.func_177570_a(ModelLoader.java:72) ~[ModelLoader.class:?]
	at net.minecraft.client.renderer.block.model.ModelManager.func_110549_a(ModelManager.java:28) [byp.class:?]
	at net.minecraft.client.resources.SimpleReloadableResourceManager.func_110542_a(SimpleReloadableResourceManager.java:122) [bxi.class:?]
	at net.minecraft.client.Minecraft.func_71384_a(Minecraft.java:499) [bcx.class:?]
	at net.minecraft.client.Minecraft.func_99999_d(Minecraft.java:351) [bcx.class:?]
	at net.minecraft.client.main.Main.main(SourceFile:124) [Main.class:?]
	at sun.reflect.NativeMethodAccessorImpl.invoke0(Native Method) ~[?:1.8.0_51]
	at sun.reflect.NativeMethodAccessorImpl.invoke(NativeMethodAccessorImpl.java:62) ~[?:1.8.0_51]
	at sun.reflect.DelegatingMethodAccessorImpl.invoke(DelegatingMethodAccessorImpl.java:43) ~[?:1.8.0_51]
	at java.lang.reflect.Method.invoke(Method.java:497) ~[?:1.8.0_51]
	at net.minecraft.launchwrapper.Launch.launch(Launch.java:135) [launchwrapper-1.12.jar:?]
	at net.minecraft.launchwrapper.Launch.main(Launch.java:28) [launchwrapper-1.12.jar:?]
Caused by: java.io.FileNotFoundException: harvestcraft:models/item/crops/blackberrycrop_stage2.json
	at net.minecraft.client.resources.FallbackResourceManager.func_110536_a(FallbackResourceManager.java:68) ~[bww.class:?]
	at net.minecraft.client.resources.SimpleReloadableResourceManager.func_110536_a(SimpleReloadableResourceManager.java:65) ~[bxi.class:?]
	at net.minecraft.client.renderer.block.model.ModelBakery.func_177594_c(ModelBakery.java:311) ~[byo.class:?]
	at net.minecraftforge.client.model.ModelLoader.access$1100(ModelLoader.java:118) ~[ModelLoader.class:?]
	at net.minecraftforge.client.model.ModelLoader$VanillaLoader.loadModel(ModelLoader.java:879) ~[ModelLoader$VanillaLoader.class:?]
	at net.minecraftforge.client.model.ModelLoaderRegistry.getModel(ModelLoaderRegistry.java:149) ~[ModelLoaderRegistry.class:?]
	... 14 more
[10:21:54] [Client thread/ERROR]: Exception loading model for variant harvestcraft:crops/blackberrycrop_stage2#inventory, blockstate location exception: 
net.minecraftforge.client.model.ModelLoaderRegistry$LoaderException: Exception loading model harvestcraft:crops/blackberrycrop_stage2#inventory with loader VariantLoader.INSTANCE, skipping
	at net.minecraftforge.client.model.ModelLoaderRegistry.getModel(ModelLoaderRegistry.java:153) ~[ModelLoaderRegistry.class:?]
	at net.minecraftforge.client.model.ModelLoader.func_177590_d(ModelLoader.java:336) ~[ModelLoader.class:?]
	at net.minecraft.client.renderer.block.model.ModelBakery.func_177577_b(ModelBakery.java:170) ~[byo.class:?]
	at net.minecraftforge.client.model.ModelLoader.func_177570_a(ModelLoader.java:72) ~[ModelLoader.class:?]
	at net.minecraft.client.renderer.block.model.ModelManager.func_110549_a(ModelManager.java:28) [byp.class:?]
	at net.minecraft.client.resources.SimpleReloadableResourceManager.func_110542_a(SimpleReloadableResourceManager.java:122) [bxi.class:?]
	at net.minecraft.client.Minecraft.func_71384_a(Minecraft.java:499) [bcx.class:?]
	at net.minecraft.client.Minecraft.func_99999_d(Minecraft.java:351) [bcx.class:?]
	at net.minecraft.client.main.Main.main(SourceFile:124) [Main.class:?]
	at sun.reflect.NativeMethodAccessorImpl.invoke0(Native Method) ~[?:1.8.0_51]
	at sun.reflect.NativeMethodAccessorImpl.invoke(NativeMethodAccessorImpl.java:62) ~[?:1.8.0_51]
	at sun.reflect.DelegatingMethodAccessorImpl.invoke(DelegatingMethodAccessorImpl.java:43) ~[?:1.8.0_51]
	at java.lang.reflect.Method.invoke(Method.java:497) ~[?:1.8.0_51]
	at net.minecraft.launchwrapper.Launch.launch(Launch.java:135) [launchwrapper-1.12.jar:?]
	at net.minecraft.launchwrapper.Launch.main(Launch.java:28) [launchwrapper-1.12.jar:?]
Caused by: net.minecraft.client.renderer.block.model.ModelBlockDefinition$MissingVariantException
	at net.minecraft.client.renderer.block.model.ModelBlockDefinition.func_188004_c(ModelBlockDefinition.java:78) ~[bpe.class:?]
	at net.minecraftforge.client.model.ModelLoader$VariantLoader.loadModel(ModelLoader.java:1195) ~[ModelLoader$VariantLoader.class:?]
	at net.minecraftforge.client.model.ModelLoaderRegistry.getModel(ModelLoaderRegistry.java:149) ~[ModelLoaderRegistry.class:?]
	... 14 more
[10:21:54] [Client thread/ERROR]: Exception loading model for variant harvestcraft:crops/ryecrop_stage2#inventory, normal location exception: 
net.minecraftforge.client.model.ModelLoaderRegistry$LoaderException: Exception loading model harvestcraft:item/crops/ryecrop_stage2 with loader VanillaLoader.INSTANCE, skipping
	at net.minecraftforge.client.model.ModelLoaderRegistry.getModel(ModelLoaderRegistry.java:153) ~[ModelLoaderRegistry.class:?]
	at net.minecraftforge.client.model.ModelLoader.func_177590_d(ModelLoader.java:328) ~[ModelLoader.class:?]
	at net.minecraft.client.renderer.block.model.ModelBakery.func_177577_b(ModelBakery.java:170) ~[byo.class:?]
	at net.minecraftforge.client.model.ModelLoader.func_177570_a(ModelLoader.java:72) ~[ModelLoader.class:?]
	at net.minecraft.client.renderer.block.model.ModelManager.func_110549_a(ModelManager.java:28) [byp.class:?]
	at net.minecraft.client.resources.SimpleReloadableResourceManager.func_110542_a(SimpleReloadableResourceManager.java:122) [bxi.class:?]
	at net.minecraft.client.Minecraft.func_71384_a(Minecraft.java:499) [bcx.class:?]
	at net.minecraft.client.Minecraft.func_99999_d(Minecraft.java:351) [bcx.class:?]
	at net.minecraft.client.main.Main.main(SourceFile:124) [Main.class:?]
	at sun.reflect.NativeMethodAccessorImpl.invoke0(Native Method) ~[?:1.8.0_51]
	at sun.reflect.NativeMethodAccessorImpl.invoke(NativeMethodAccessorImpl.java:62) ~[?:1.8.0_51]
	at sun.reflect.DelegatingMethodAccessorImpl.invoke(DelegatingMethodAccessorImpl.java:43) ~[?:1.8.0_51]
	at java.lang.reflect.Method.invoke(Method.java:497) ~[?:1.8.0_51]
	at net.minecraft.launchwrapper.Launch.launch(Launch.java:135) [launchwrapper-1.12.jar:?]
	at net.minecraft.launchwrapper.Launch.main(Launch.java:28) [launchwrapper-1.12.jar:?]
Caused by: java.io.FileNotFoundException: harvestcraft:models/item/crops/ryecrop_stage2.json
	at net.minecraft.client.resources.FallbackResourceManager.func_110536_a(FallbackResourceManager.java:68) ~[bww.class:?]
	at net.minecraft.client.resources.SimpleReloadableResourceManager.func_110536_a(SimpleReloadableResourceManager.java:65) ~[bxi.class:?]
	at net.minecraft.client.renderer.block.model.ModelBakery.func_177594_c(ModelBakery.java:311) ~[byo.class:?]
	at net.minecraftforge.client.model.ModelLoader.access$1100(ModelLoader.java:118) ~[ModelLoader.class:?]
	at net.minecraftforge.client.model.ModelLoader$VanillaLoader.loadModel(ModelLoader.java:879) ~[ModelLoader$VanillaLoader.class:?]
	at net.minecraftforge.client.model.ModelLoaderRegistry.getModel(ModelLoaderRegistry.java:149) ~[ModelLoaderRegistry.class:?]
	... 14 more
[10:21:54] [Client thread/ERROR]: Exception loading model for variant harvestcraft:crops/ryecrop_stage2#inventory, blockstate location exception: 
net.minecraftforge.client.model.ModelLoaderRegistry$LoaderException: Exception loading model harvestcraft:crops/ryecrop_stage2#inventory with loader VariantLoader.INSTANCE, skipping
	at net.minecraftforge.client.model.ModelLoaderRegistry.getModel(ModelLoaderRegistry.java:153) ~[ModelLoaderRegistry.class:?]
	at net.minecraftforge.client.model.ModelLoader.func_177590_d(ModelLoader.java:336) ~[ModelLoader.class:?]
	at net.minecraft.client.renderer.block.model.ModelBakery.func_177577_b(ModelBakery.java:170) ~[byo.class:?]
	at net.minecraftforge.client.model.ModelLoader.func_177570_a(ModelLoader.java:72) ~[ModelLoader.class:?]
	at net.minecraft.client.renderer.block.model.ModelManager.func_110549_a(ModelManager.java:28) [byp.class:?]
	at net.minecraft.client.resources.SimpleReloadableResourceManager.func_110542_a(SimpleReloadableResourceManager.java:122) [bxi.class:?]
	at net.minecraft.client.Minecraft.func_71384_a(Minecraft.java:499) [bcx.class:?]
	at net.minecraft.client.Minecraft.func_99999_d(Minecraft.java:351) [bcx.class:?]
	at net.minecraft.client.main.Main.main(SourceFile:124) [Main.class:?]
	at sun.reflect.NativeMethodAccessorImpl.invoke0(Native Method) ~[?:1.8.0_51]
	at sun.reflect.NativeMethodAccessorImpl.invoke(NativeMethodAccessorImpl.java:62) ~[?:1.8.0_51]
	at sun.reflect.DelegatingMethodAccessorImpl.invoke(DelegatingMethodAccessorImpl.java:43) ~[?:1.8.0_51]
	at java.lang.reflect.Method.invoke(Method.java:497) ~[?:1.8.0_51]
	at net.minecraft.launchwrapper.Launch.launch(Launch.java:135) [launchwrapper-1.12.jar:?]
	at net.minecraft.launchwrapper.Launch.main(Launch.java:28) [launchwrapper-1.12.jar:?]
Caused by: net.minecraft.client.renderer.block.model.ModelBlockDefinition$MissingVariantException
	at net.minecraft.client.renderer.block.model.ModelBlockDefinition.func_188004_c(ModelBlockDefinition.java:78) ~[bpe.class:?]
	at net.minecraftforge.client.model.ModelLoader$VariantLoader.loadModel(ModelLoader.java:1195) ~[ModelLoader$VariantLoader.class:?]
	at net.minecraftforge.client.model.ModelLoaderRegistry.getModel(ModelLoaderRegistry.java:149) ~[ModelLoaderRegistry.class:?]
	... 14 more
[10:21:54] [Client thread/ERROR]: Exception loading model for variant mcmultipart:multipart#ticking=false
net.minecraftforge.client.model.ModelLoaderRegistry$LoaderException: Exception loading model mcmultipart:multipart#ticking=false with loader VariantLoader.INSTANCE, skipping
	at net.minecraftforge.client.model.ModelLoaderRegistry.getModel(ModelLoaderRegistry.java:153) ~[ModelLoaderRegistry.class:?]
	at net.minecraftforge.client.model.ModelLoader.func_177569_a(ModelLoader.java:252) ~[ModelLoader.class:?]
	at net.minecraft.client.renderer.block.model.ModelBakery.loadBlock(ModelBakery.java:145) ~[byo.class:?]
	at net.minecraftforge.client.model.ModelLoader.func_188640_b(ModelLoader.java:240) ~[ModelLoader.class:?]
	at net.minecraftforge.client.model.ModelLoader.func_177570_a(ModelLoader.java:71) ~[ModelLoader.class:?]
	at net.minecraft.client.renderer.block.model.ModelManager.func_110549_a(ModelManager.java:28) [byp.class:?]
	at net.minecraft.client.resources.SimpleReloadableResourceManager.func_110542_a(SimpleReloadableResourceManager.java:122) [bxi.class:?]
	at net.minecraft.client.Minecraft.func_71384_a(Minecraft.java:499) [bcx.class:?]
	at net.minecraft.client.Minecraft.func_99999_d(Minecraft.java:351) [bcx.class:?]
	at net.minecraft.client.main.Main.main(SourceFile:124) [Main.class:?]
	at sun.reflect.NativeMethodAccessorImpl.invoke0(Native Method) ~[?:1.8.0_51]
	at sun.reflect.NativeMethodAccessorImpl.invoke(NativeMethodAccessorImpl.java:62) ~[?:1.8.0_51]
	at sun.reflect.DelegatingMethodAccessorImpl.invoke(DelegatingMethodAccessorImpl.java:43) ~[?:1.8.0_51]
	at java.lang.reflect.Method.invoke(Method.java:497) ~[?:1.8.0_51]
	at net.minecraft.launchwrapper.Launch.launch(Launch.java:135) [launchwrapper-1.12.jar:?]
	at net.minecraft.launchwrapper.Launch.main(Launch.java:28) [launchwrapper-1.12.jar:?]
Caused by: net.minecraft.client.renderer.block.model.ModelBlockDefinition$MissingVariantException
	at net.minecraft.client.renderer.block.model.ModelBlockDefinition.func_188004_c(ModelBlockDefinition.java:78) ~[bpe.class:?]
	at net.minecraftforge.client.model.ModelLoader$VariantLoader.loadModel(ModelLoader.java:1195) ~[ModelLoader$VariantLoader.class:?]
	at net.minecraftforge.client.model.ModelLoaderRegistry.getModel(ModelLoaderRegistry.java:149) ~[ModelLoaderRegistry.class:?]
	... 15 more
[10:21:54] [Client thread/ERROR]: Exception loading blockstate for the variant mcmultipart:multipart#ticking=false: 
java.lang.Exception: Could not load model definition for variant mcmultipart:multipart
	at net.minecraftforge.client.model.ModelLoader.func_177586_a(ModelLoader.java:285) ~[ModelLoader.class:?]
	at net.minecraft.client.renderer.block.model.ModelBakery.loadBlock(ModelBakery.java:121) ~[byo.class:?]
	at net.minecraftforge.client.model.ModelLoader.func_188640_b(ModelLoader.java:240) ~[ModelLoader.class:?]
	at net.minecraftforge.client.model.ModelLoader.func_177570_a(ModelLoader.java:71) ~[ModelLoader.class:?]
	at net.minecraft.client.renderer.block.model.ModelManager.func_110549_a(ModelManager.java:28) [byp.class:?]
	at net.minecraft.client.resources.SimpleReloadableResourceManager.func_110542_a(SimpleReloadableResourceManager.java:122) [bxi.class:?]
	at net.minecraft.client.Minecraft.func_71384_a(Minecraft.java:499) [bcx.class:?]
	at net.minecraft.client.Minecraft.func_99999_d(Minecraft.java:351) [bcx.class:?]
	at net.minecraft.client.main.Main.main(SourceFile:124) [Main.class:?]
	at sun.reflect.NativeMethodAccessorImpl.invoke0(Native Method) ~[?:1.8.0_51]
	at sun.reflect.NativeMethodAccessorImpl.invoke(NativeMethodAccessorImpl.java:62) ~[?:1.8.0_51]
	at sun.reflect.DelegatingMethodAccessorImpl.invoke(DelegatingMethodAccessorImpl.java:43) ~[?:1.8.0_51]
	at java.lang.reflect.Method.invoke(Method.java:497) ~[?:1.8.0_51]
	at net.minecraft.launchwrapper.Launch.launch(Launch.java:135) [launchwrapper-1.12.jar:?]
	at net.minecraft.launchwrapper.Launch.main(Launch.java:28) [launchwrapper-1.12.jar:?]
Caused by: java.lang.RuntimeException: Encountered an exception when loading model definition of 'mcmultipart:multipart' from: 'mcmultipart:blockstates/multipart.json' in resourcepack: 'FMLFileResourcePack:MCMultiPart'
	at net.minecraft.client.renderer.block.model.ModelBakery.func_188636_a(ModelBakery.java:223) ~[byo.class:?]
	at net.minecraft.client.renderer.block.model.ModelBakery.func_188632_a(ModelBakery.java:200) ~[byo.class:?]
	at net.minecraft.client.renderer.block.model.ModelBakery.func_177586_a(ModelBakery.java:185) ~[byo.class:?]
	at net.minecraftforge.client.model.ModelLoader.func_177586_a(ModelLoader.java:281) ~[ModelLoader.class:?]
	... 14 more
Caused by: java.util.NoSuchElementException
	at com.google.gson.internal.LinkedTreeMap$LinkedTreeMapIterator.nextNode(LinkedTreeMap.java:538) ~[LinkedTreeMap$LinkedTreeMapIterator.class:?]
	at com.google.gson.internal.LinkedTreeMap$EntrySet$1.next(LinkedTreeMap.java:565) ~[LinkedTreeMap$EntrySet$1.class:?]
	at com.google.gson.internal.LinkedTreeMap$EntrySet$1.next(LinkedTreeMap.java:563) ~[LinkedTreeMap$EntrySet$1.class:?]
	at net.minecraftforge.client.model.ForgeBlockStateV1$Deserializer.deserialize(ForgeBlockStateV1.java:101) ~[ForgeBlockStateV1$Deserializer.class:?]
	at net.minecraftforge.client.model.ForgeBlockStateV1$Deserializer.deserialize(ForgeBlockStateV1.java:66) ~[ForgeBlockStateV1$Deserializer.class:?]
	at com.google.gson.TreeTypeAdapter.read(TreeTypeAdapter.java:58) ~[TreeTypeAdapter.class:?]
	at com.google.gson.Gson.fromJson(Gson.java:803) ~[Gson.class:?]
	at com.google.gson.Gson.fromJson(Gson.java:741) ~[Gson.class:?]
	at net.minecraftforge.client.model.BlockStateLoader.load(BlockStateLoader.java:81) ~[BlockStateLoader.class:?]
	at codechicken.lib.model.blockstate.CCBlockStateLoader.handleLoad(CCBlockStateLoader.java:42) ~[CCBlockStateLoader.class:?]
	at net.minecraft.client.renderer.block.model.ModelBlockDefinition.func_178331_a(ModelBlockDefinition.java) ~[bpe.class:?]
	at net.minecraft.client.renderer.block.model.ModelBakery.func_188636_a(ModelBakery.java:219) ~[byo.class:?]
	at net.minecraft.client.renderer.block.model.ModelBakery.func_188632_a(ModelBakery.java:200) ~[byo.class:?]
	at net.minecraft.client.renderer.block.model.ModelBakery.func_177586_a(ModelBakery.java:185) ~[byo.class:?]
	at net.minecraftforge.client.model.ModelLoader.func_177586_a(ModelLoader.java:281) ~[ModelLoader.class:?]
	... 14 more
[10:21:54] [Client thread/ERROR]: Exception loading model for variant harvestcraft:crops/blackberrycrop_stage1#inventory, normal location exception: 
net.minecraftforge.client.model.ModelLoaderRegistry$LoaderException: Exception loading model harvestcraft:item/crops/blackberrycrop_stage1 with loader VanillaLoader.INSTANCE, skipping
	at net.minecraftforge.client.model.ModelLoaderRegistry.getModel(ModelLoaderRegistry.java:153) ~[ModelLoaderRegistry.class:?]
	at net.minecraftforge.client.model.ModelLoader.func_177590_d(ModelLoader.java:328) ~[ModelLoader.class:?]
	at net.minecraft.client.renderer.block.model.ModelBakery.func_177577_b(ModelBakery.java:170) ~[byo.class:?]
	at net.minecraftforge.client.model.ModelLoader.func_177570_a(ModelLoader.java:72) ~[ModelLoader.class:?]
	at net.minecraft.client.renderer.block.model.ModelManager.func_110549_a(ModelManager.java:28) [byp.class:?]
	at net.minecraft.client.resources.SimpleReloadableResourceManager.func_110542_a(SimpleReloadableResourceManager.java:122) [bxi.class:?]
	at net.minecraft.client.Minecraft.func_71384_a(Minecraft.java:499) [bcx.class:?]
	at net.minecraft.client.Minecraft.func_99999_d(Minecraft.java:351) [bcx.class:?]
	at net.minecraft.client.main.Main.main(SourceFile:124) [Main.class:?]
	at sun.reflect.NativeMethodAccessorImpl.invoke0(Native Method) ~[?:1.8.0_51]
	at sun.reflect.NativeMethodAccessorImpl.invoke(NativeMethodAccessorImpl.java:62) ~[?:1.8.0_51]
	at sun.reflect.DelegatingMethodAccessorImpl.invoke(DelegatingMethodAccessorImpl.java:43) ~[?:1.8.0_51]
	at java.lang.reflect.Method.invoke(Method.java:497) ~[?:1.8.0_51]
	at net.minecraft.launchwrapper.Launch.launch(Launch.java:135) [launchwrapper-1.12.jar:?]
	at net.minecraft.launchwrapper.Launch.main(Launch.java:28) [launchwrapper-1.12.jar:?]
Caused by: java.io.FileNotFoundException: harvestcraft:models/item/crops/blackberrycrop_stage1.json
	at net.minecraft.client.resources.FallbackResourceManager.func_110536_a(FallbackResourceManager.java:68) ~[bww.class:?]
	at net.minecraft.client.resources.SimpleReloadableResourceManager.func_110536_a(SimpleReloadableResourceManager.java:65) ~[bxi.class:?]
	at net.minecraft.client.renderer.block.model.ModelBakery.func_177594_c(ModelBakery.java:311) ~[byo.class:?]
	at net.minecraftforge.client.model.ModelLoader.access$1100(ModelLoader.java:118) ~[ModelLoader.class:?]
	at net.minecraftforge.client.model.ModelLoader$VanillaLoader.loadModel(ModelLoader.java:879) ~[ModelLoader$VanillaLoader.class:?]
	at net.minecraftforge.client.model.ModelLoaderRegistry.getModel(ModelLoaderRegistry.java:149) ~[ModelLoaderRegistry.class:?]
	... 14 more
[10:21:54] [Client thread/ERROR]: Exception loading model for variant harvestcraft:crops/blackberrycrop_stage1#inventory, blockstate location exception: 
net.minecraftforge.client.model.ModelLoaderRegistry$LoaderException: Exception loading model harvestcraft:crops/blackberrycrop_stage1#inventory with loader VariantLoader.INSTANCE, skipping
	at net.minecraftforge.client.model.ModelLoaderRegistry.getModel(ModelLoaderRegistry.java:153) ~[ModelLoaderRegistry.class:?]
	at net.minecraftforge.client.model.ModelLoader.func_177590_d(ModelLoader.java:336) ~[ModelLoader.class:?]
	at net.minecraft.client.renderer.block.model.ModelBakery.func_177577_b(ModelBakery.java:170) ~[byo.class:?]
	at net.minecraftforge.client.model.ModelLoader.func_177570_a(ModelLoader.java:72) ~[ModelLoader.class:?]
	at net.minecraft.client.renderer.block.model.ModelManager.func_110549_a(ModelManager.java:28) [byp.class:?]
	at net.minecraft.client.resources.SimpleReloadableResourceManager.func_110542_a(SimpleReloadableResourceManager.java:122) [bxi.class:?]
	at net.minecraft.client.Minecraft.func_71384_a(Minecraft.java:499) [bcx.class:?]
	at net.minecraft.client.Minecraft.func_99999_d(Minecraft.java:351) [bcx.class:?]
	at net.minecraft.client.main.Main.main(SourceFile:124) [Main.class:?]
	at sun.reflect.NativeMethodAccessorImpl.invoke0(Native Method) ~[?:1.8.0_51]
	at sun.reflect.NativeMethodAccessorImpl.invoke(NativeMethodAccessorImpl.java:62) ~[?:1.8.0_51]
	at sun.reflect.DelegatingMethodAccessorImpl.invoke(DelegatingMethodAccessorImpl.java:43) ~[?:1.8.0_51]
	at java.lang.reflect.Method.invoke(Method.java:497) ~[?:1.8.0_51]
	at net.minecraft.launchwrapper.Launch.launch(Launch.java:135) [launchwrapper-1.12.jar:?]
	at net.minecraft.launchwrapper.Launch.main(Launch.java:28) [launchwrapper-1.12.jar:?]
Caused by: net.minecraft.client.renderer.block.model.ModelBlockDefinition$MissingVariantException
	at net.minecraft.client.renderer.block.model.ModelBlockDefinition.func_188004_c(ModelBlockDefinition.java:78) ~[bpe.class:?]
	at net.minecraftforge.client.model.ModelLoader$VariantLoader.loadModel(ModelLoader.java:1195) ~[ModelLoader$VariantLoader.class:?]
	at net.minecraftforge.client.model.ModelLoaderRegistry.getModel(ModelLoaderRegistry.java:149) ~[ModelLoaderRegistry.class:?]
	... 14 more
[10:21:54] [Client thread/ERROR]: Exception loading model for variant harvestcraft:crops/lettucecrop_stage0#inventory, normal location exception: 
net.minecraftforge.client.model.ModelLoaderRegistry$LoaderException: Exception loading model harvestcraft:item/crops/lettucecrop_stage0 with loader VanillaLoader.INSTANCE, skipping
	at net.minecraftforge.client.model.ModelLoaderRegistry.getModel(ModelLoaderRegistry.java:153) ~[ModelLoaderRegistry.class:?]
	at net.minecraftforge.client.model.ModelLoader.func_177590_d(ModelLoader.java:328) ~[ModelLoader.class:?]
	at net.minecraft.client.renderer.block.model.ModelBakery.func_177577_b(ModelBakery.java:170) ~[byo.class:?]
	at net.minecraftforge.client.model.ModelLoader.func_177570_a(ModelLoader.java:72) ~[ModelLoader.class:?]
	at net.minecraft.client.renderer.block.model.ModelManager.func_110549_a(ModelManager.java:28) [byp.class:?]
	at net.minecraft.client.resources.SimpleReloadableResourceManager.func_110542_a(SimpleReloadableResourceManager.java:122) [bxi.class:?]
	at net.minecraft.client.Minecraft.func_71384_a(Minecraft.java:499) [bcx.class:?]
	at net.minecraft.client.Minecraft.func_99999_d(Minecraft.java:351) [bcx.class:?]
	at net.minecraft.client.main.Main.main(SourceFile:124) [Main.class:?]
	at sun.reflect.NativeMethodAccessorImpl.invoke0(Native Method) ~[?:1.8.0_51]
	at sun.reflect.NativeMethodAccessorImpl.invoke(NativeMethodAccessorImpl.java:62) ~[?:1.8.0_51]
	at sun.reflect.DelegatingMethodAccessorImpl.invoke(DelegatingMethodAccessorImpl.java:43) ~[?:1.8.0_51]
	at java.lang.reflect.Method.invoke(Method.java:497) ~[?:1.8.0_51]
	at net.minecraft.launchwrapper.Launch.launch(Launch.java:135) [launchwrapper-1.12.jar:?]
	at net.minecraft.launchwrapper.Launch.main(Launch.java:28) [launchwrapper-1.12.jar:?]
Caused by: java.io.FileNotFoundException: harvestcraft:models/item/crops/lettucecrop_stage0.json
	at net.minecraft.client.resources.FallbackResourceManager.func_110536_a(FallbackResourceManager.java:68) ~[bww.class:?]
	at net.minecraft.client.resources.SimpleReloadableResourceManager.func_110536_a(SimpleReloadableResourceManager.java:65) ~[bxi.class:?]
	at net.minecraft.client.renderer.block.model.ModelBakery.func_177594_c(ModelBakery.java:311) ~[byo.class:?]
	at net.minecraftforge.client.model.ModelLoader.access$1100(ModelLoader.java:118) ~[ModelLoader.class:?]
	at net.minecraftforge.client.model.ModelLoader$VanillaLoader.loadModel(ModelLoader.java:879) ~[ModelLoader$VanillaLoader.class:?]
	at net.minecraftforge.client.model.ModelLoaderRegistry.getModel(ModelLoaderRegistry.java:149) ~[ModelLoaderRegistry.class:?]
	... 14 more
[10:21:54] [Client thread/ERROR]: Exception loading model for variant harvestcraft:crops/lettucecrop_stage0#inventory, blockstate location exception: 
net.minecraftforge.client.model.ModelLoaderRegistry$LoaderException: Exception loading model harvestcraft:crops/lettucecrop_stage0#inventory with loader VariantLoader.INSTANCE, skipping
	at net.minecraftforge.client.model.ModelLoaderRegistry.getModel(ModelLoaderRegistry.java:153) ~[ModelLoaderRegistry.class:?]
	at net.minecraftforge.client.model.ModelLoader.func_177590_d(ModelLoader.java:336) ~[ModelLoader.class:?]
	at net.minecraft.client.renderer.block.model.ModelBakery.func_177577_b(ModelBakery.java:170) ~[byo.class:?]
	at net.minecraftforge.client.model.ModelLoader.func_177570_a(ModelLoader.java:72) ~[ModelLoader.class:?]
	at net.minecraft.client.renderer.block.model.ModelManager.func_110549_a(ModelManager.java:28) [byp.class:?]
	at net.minecraft.client.resources.SimpleReloadableResourceManager.func_110542_a(SimpleReloadableResourceManager.java:122) [bxi.class:?]
	at net.minecraft.client.Minecraft.func_71384_a(Minecraft.java:499) [bcx.class:?]
	at net.minecraft.client.Minecraft.func_99999_d(Minecraft.java:351) [bcx.class:?]
	at net.minecraft.client.main.Main.main(SourceFile:124) [Main.class:?]
	at sun.reflect.NativeMethodAccessorImpl.invoke0(Native Method) ~[?:1.8.0_51]
	at sun.reflect.NativeMethodAccessorImpl.invoke(NativeMethodAccessorImpl.java:62) ~[?:1.8.0_51]
	at sun.reflect.DelegatingMethodAccessorImpl.invoke(DelegatingMethodAccessorImpl.java:43) ~[?:1.8.0_51]
	at java.lang.reflect.Method.invoke(Method.java:497) ~[?:1.8.0_51]
	at net.minecraft.launchwrapper.Launch.launch(Launch.java:135) [launchwrapper-1.12.jar:?]
	at net.minecraft.launchwrapper.Launch.main(Launch.java:28) [launchwrapper-1.12.jar:?]
Caused by: net.minecraft.client.renderer.block.model.ModelBlockDefinition$MissingVariantException
	at net.minecraft.client.renderer.block.model.ModelBlockDefinition.func_188004_c(ModelBlockDefinition.java:78) ~[bpe.class:?]
	at net.minecraftforge.client.model.ModelLoader$VariantLoader.loadModel(ModelLoader.java:1195) ~[ModelLoader$VariantLoader.class:?]
	at net.minecraftforge.client.model.ModelLoaderRegistry.getModel(ModelLoaderRegistry.java:149) ~[ModelLoaderRegistry.class:?]
	... 14 more
[10:21:54] [Client thread/ERROR]: Exception loading model for variant extrautils2:chunkloader#active=true,facing=north
net.minecraftforge.client.model.ModelLoaderRegistry$LoaderException: Exception loading model extrautils2:chunkloader#active=true,facing=north with loader VariantLoader.INSTANCE, skipping
	at net.minecraftforge.client.model.ModelLoaderRegistry.getModel(ModelLoaderRegistry.java:153) ~[ModelLoaderRegistry.class:?]
	at net.minecraftforge.client.model.ModelLoader.func_177569_a(ModelLoader.java:252) ~[ModelLoader.class:?]
	at net.minecraft.client.renderer.block.model.ModelBakery.loadBlock(ModelBakery.java:145) ~[byo.class:?]
	at net.minecraftforge.client.model.ModelLoader.func_188640_b(ModelLoader.java:240) ~[ModelLoader.class:?]
	at net.minecraftforge.client.model.ModelLoader.func_177570_a(ModelLoader.java:71) ~[ModelLoader.class:?]
	at net.minecraft.client.renderer.block.model.ModelManager.func_110549_a(ModelManager.java:28) [byp.class:?]
	at net.minecraft.client.resources.SimpleReloadableResourceManager.func_110542_a(SimpleReloadableResourceManager.java:122) [bxi.class:?]
	at net.minecraft.client.Minecraft.func_71384_a(Minecraft.java:499) [bcx.class:?]
	at net.minecraft.client.Minecraft.func_99999_d(Minecraft.java:351) [bcx.class:?]
	at net.minecraft.client.main.Main.main(SourceFile:124) [Main.class:?]
	at sun.reflect.NativeMethodAccessorImpl.invoke0(Native Method) ~[?:1.8.0_51]
	at sun.reflect.NativeMethodAccessorImpl.invoke(NativeMethodAccessorImpl.java:62) ~[?:1.8.0_51]
	at sun.reflect.DelegatingMethodAccessorImpl.invoke(DelegatingMethodAccessorImpl.java:43) ~[?:1.8.0_51]
	at java.lang.reflect.Method.invoke(Method.java:497) ~[?:1.8.0_51]
	at net.minecraft.launchwrapper.Launch.launch(Launch.java:135) [launchwrapper-1.12.jar:?]
	at net.minecraft.launchwrapper.Launch.main(Launch.java:28) [launchwrapper-1.12.jar:?]
Caused by: net.minecraft.client.renderer.block.model.ModelBlockDefinition$MissingVariantException
	at net.minecraft.client.renderer.block.model.ModelBlockDefinition.func_188004_c(ModelBlockDefinition.java:78) ~[bpe.class:?]
	at net.minecraftforge.client.model.ModelLoader$VariantLoader.loadModel(ModelLoader.java:1195) ~[ModelLoader$VariantLoader.class:?]
	at net.minecraftforge.client.model.ModelLoaderRegistry.getModel(ModelLoaderRegistry.java:149) ~[ModelLoaderRegistry.class:?]
	... 15 more
[10:21:54] [Client thread/ERROR]: Exception loading blockstate for the variant extrautils2:chunkloader#active=true,facing=north: 
java.lang.Exception: Could not load model definition for variant extrautils2:chunkloader
	at net.minecraftforge.client.model.ModelLoader.func_177586_a(ModelLoader.java:285) ~[ModelLoader.class:?]
	at net.minecraft.client.renderer.block.model.ModelBakery.loadBlock(ModelBakery.java:121) ~[byo.class:?]
	at net.minecraftforge.client.model.ModelLoader.func_188640_b(ModelLoader.java:240) ~[ModelLoader.class:?]
	at net.minecraftforge.client.model.ModelLoader.func_177570_a(ModelLoader.java:71) ~[ModelLoader.class:?]
	at net.minecraft.client.renderer.block.model.ModelManager.func_110549_a(ModelManager.java:28) [byp.class:?]
	at net.minecraft.client.resources.SimpleReloadableResourceManager.func_110542_a(SimpleReloadableResourceManager.java:122) [bxi.class:?]
	at net.minecraft.client.Minecraft.func_71384_a(Minecraft.java:499) [bcx.class:?]
	at net.minecraft.client.Minecraft.func_99999_d(Minecraft.java:351) [bcx.class:?]
	at net.minecraft.client.main.Main.main(SourceFile:124) [Main.class:?]
	at sun.reflect.NativeMethodAccessorImpl.invoke0(Native Method) ~[?:1.8.0_51]
	at sun.reflect.NativeMethodAccessorImpl.invoke(NativeMethodAccessorImpl.java:62) ~[?:1.8.0_51]
	at sun.reflect.DelegatingMethodAccessorImpl.invoke(DelegatingMethodAccessorImpl.java:43) ~[?:1.8.0_51]
	at java.lang.reflect.Method.invoke(Method.java:497) ~[?:1.8.0_51]
	at net.minecraft.launchwrapper.Launch.launch(Launch.java:135) [launchwrapper-1.12.jar:?]
	at net.minecraft.launchwrapper.Launch.main(Launch.java:28) [launchwrapper-1.12.jar:?]
Caused by: java.lang.RuntimeException: Encountered an exception when loading model definition of model extrautils2:blockstates/chunkloader.json
	at net.minecraft.client.renderer.block.model.ModelBakery.func_188632_a(ModelBakery.java:205) ~[byo.class:?]
	at net.minecraft.client.renderer.block.model.ModelBakery.func_177586_a(ModelBakery.java:185) ~[byo.class:?]
	at net.minecraftforge.client.model.ModelLoader.func_177586_a(ModelLoader.java:281) ~[ModelLoader.class:?]
	... 14 more
Caused by: java.io.FileNotFoundException: extrautils2:blockstates/chunkloader.json
	at net.minecraft.client.resources.FallbackResourceManager.func_135056_b(FallbackResourceManager.java:103) ~[bww.class:?]
	at net.minecraft.client.resources.SimpleReloadableResourceManager.func_135056_b(SimpleReloadableResourceManager.java:79) ~[bxi.class:?]
	at net.minecraft.client.renderer.block.model.ModelBakery.func_188632_a(ModelBakery.java:198) ~[byo.class:?]
	at net.minecraft.client.renderer.block.model.ModelBakery.func_177586_a(ModelBakery.java:185) ~[byo.class:?]
	at net.minecraftforge.client.model.ModelLoader.func_177586_a(ModelLoader.java:281) ~[ModelLoader.class:?]
	... 14 more
[10:21:54] [Client thread/ERROR]: Exception loading model for variant extrautils2:miner#active=true,facing=east
net.minecraftforge.client.model.ModelLoaderRegistry$LoaderException: Exception loading model extrautils2:miner#active=true,facing=east with loader VariantLoader.INSTANCE, skipping
	at net.minecraftforge.client.model.ModelLoaderRegistry.getModel(ModelLoaderRegistry.java:153) ~[ModelLoaderRegistry.class:?]
	at net.minecraftforge.client.model.ModelLoader.func_177569_a(ModelLoader.java:252) ~[ModelLoader.class:?]
	at net.minecraft.client.renderer.block.model.ModelBakery.loadBlock(ModelBakery.java:145) ~[byo.class:?]
	at net.minecraftforge.client.model.ModelLoader.func_188640_b(ModelLoader.java:240) ~[ModelLoader.class:?]
	at net.minecraftforge.client.model.ModelLoader.func_177570_a(ModelLoader.java:71) ~[ModelLoader.class:?]
	at net.minecraft.client.renderer.block.model.ModelManager.func_110549_a(ModelManager.java:28) [byp.class:?]
	at net.minecraft.client.resources.SimpleReloadableResourceManager.func_110542_a(SimpleReloadableResourceManager.java:122) [bxi.class:?]
	at net.minecraft.client.Minecraft.func_71384_a(Minecraft.java:499) [bcx.class:?]
	at net.minecraft.client.Minecraft.func_99999_d(Minecraft.java:351) [bcx.class:?]
	at net.minecraft.client.main.Main.main(SourceFile:124) [Main.class:?]
	at sun.reflect.NativeMethodAccessorImpl.invoke0(Native Method) ~[?:1.8.0_51]
	at sun.reflect.NativeMethodAccessorImpl.invoke(NativeMethodAccessorImpl.java:62) ~[?:1.8.0_51]
	at sun.reflect.DelegatingMethodAccessorImpl.invoke(DelegatingMethodAccessorImpl.java:43) ~[?:1.8.0_51]
	at java.lang.reflect.Method.invoke(Method.java:497) ~[?:1.8.0_51]
	at net.minecraft.launchwrapper.Launch.launch(Launch.java:135) [launchwrapper-1.12.jar:?]
	at net.minecraft.launchwrapper.Launch.main(Launch.java:28) [launchwrapper-1.12.jar:?]
Caused by: net.minecraft.client.renderer.block.model.ModelBlockDefinition$MissingVariantException
	at net.minecraft.client.renderer.block.model.ModelBlockDefinition.func_188004_c(ModelBlockDefinition.java:78) ~[bpe.class:?]
	at net.minecraftforge.client.model.ModelLoader$VariantLoader.loadModel(ModelLoader.java:1195) ~[ModelLoader$VariantLoader.class:?]
	at net.minecraftforge.client.model.ModelLoaderRegistry.getModel(ModelLoaderRegistry.java:149) ~[ModelLoaderRegistry.class:?]
	... 15 more
[10:21:54] [Client thread/ERROR]: Exception loading model for variant extrautils2:screen#active=true,facing=north
net.minecraftforge.client.model.ModelLoaderRegistry$LoaderException: Exception loading model extrautils2:screen#active=true,facing=north with loader VariantLoader.INSTANCE, skipping
	at net.minecraftforge.client.model.ModelLoaderRegistry.getModel(ModelLoaderRegistry.java:153) ~[ModelLoaderRegistry.class:?]
	at net.minecraftforge.client.model.ModelLoader.func_177569_a(ModelLoader.java:252) ~[ModelLoader.class:?]
	at net.minecraft.client.renderer.block.model.ModelBakery.loadBlock(ModelBakery.java:145) ~[byo.class:?]
	at net.minecraftforge.client.model.ModelLoader.func_188640_b(ModelLoader.java:240) ~[ModelLoader.class:?]
	at net.minecraftforge.client.model.ModelLoader.func_177570_a(ModelLoader.java:71) ~[ModelLoader.class:?]
	at net.minecraft.client.renderer.block.model.ModelManager.func_110549_a(ModelManager.java:28) [byp.class:?]
	at net.minecraft.client.resources.SimpleReloadableResourceManager.func_110542_a(SimpleReloadableResourceManager.java:122) [bxi.class:?]
	at net.minecraft.client.Minecraft.func_71384_a(Minecraft.java:499) [bcx.class:?]
	at net.minecraft.client.Minecraft.func_99999_d(Minecraft.java:351) [bcx.class:?]
	at net.minecraft.client.main.Main.main(SourceFile:124) [Main.class:?]
	at sun.reflect.NativeMethodAccessorImpl.invoke0(Native Method) ~[?:1.8.0_51]
	at sun.reflect.NativeMethodAccessorImpl.invoke(NativeMethodAccessorImpl.java:62) ~[?:1.8.0_51]
	at sun.reflect.DelegatingMethodAccessorImpl.invoke(DelegatingMethodAccessorImpl.java:43) ~[?:1.8.0_51]
	at java.lang.reflect.Method.invoke(Method.java:497) ~[?:1.8.0_51]
	at net.minecraft.launchwrapper.Launch.launch(Launch.java:135) [launchwrapper-1.12.jar:?]
	at net.minecraft.launchwrapper.Launch.main(Launch.java:28) [launchwrapper-1.12.jar:?]
Caused by: net.minecraft.client.renderer.block.model.ModelBlockDefinition$MissingVariantException
	at net.minecraft.client.renderer.block.model.ModelBlockDefinition.func_188004_c(ModelBlockDefinition.java:78) ~[bpe.class:?]
	at net.minecraftforge.client.model.ModelLoader$VariantLoader.loadModel(ModelLoader.java:1195) ~[ModelLoader$VariantLoader.class:?]
	at net.minecraftforge.client.model.ModelLoaderRegistry.getModel(ModelLoaderRegistry.java:149) ~[ModelLoaderRegistry.class:?]
	... 15 more
[10:21:54] [Client thread/ERROR]: Exception loading blockstate for the variant extrautils2:screen#active=true,facing=north: 
java.lang.Exception: Could not load model definition for variant extrautils2:screen
	at net.minecraftforge.client.model.ModelLoader.func_177586_a(ModelLoader.java:285) ~[ModelLoader.class:?]
	at net.minecraft.client.renderer.block.model.ModelBakery.loadBlock(ModelBakery.java:121) ~[byo.class:?]
	at net.minecraftforge.client.model.ModelLoader.func_188640_b(ModelLoader.java:240) ~[ModelLoader.class:?]
	at net.minecraftforge.client.model.ModelLoader.func_177570_a(ModelLoader.java:71) ~[ModelLoader.class:?]
	at net.minecraft.client.renderer.block.model.ModelManager.func_110549_a(ModelManager.java:28) [byp.class:?]
	at net.minecraft.client.resources.SimpleReloadableResourceManager.func_110542_a(SimpleReloadableResourceManager.java:122) [bxi.class:?]
	at net.minecraft.client.Minecraft.func_71384_a(Minecraft.java:499) [bcx.class:?]
	at net.minecraft.client.Minecraft.func_99999_d(Minecraft.java:351) [bcx.class:?]
	at net.minecraft.client.main.Main.main(SourceFile:124) [Main.class:?]
	at sun.reflect.NativeMethodAccessorImpl.invoke0(Native Method) ~[?:1.8.0_51]
	at sun.reflect.NativeMethodAccessorImpl.invoke(NativeMethodAccessorImpl.java:62) ~[?:1.8.0_51]
	at sun.reflect.DelegatingMethodAccessorImpl.invoke(DelegatingMethodAccessorImpl.java:43) ~[?:1.8.0_51]
	at java.lang.reflect.Method.invoke(Method.java:497) ~[?:1.8.0_51]
	at net.minecraft.launchwrapper.Launch.launch(Launch.java:135) [launchwrapper-1.12.jar:?]
	at net.minecraft.launchwrapper.Launch.main(Launch.java:28) [launchwrapper-1.12.jar:?]
Caused by: java.lang.RuntimeException: Encountered an exception when loading model definition of model extrautils2:blockstates/screen.json
	at net.minecraft.client.renderer.block.model.ModelBakery.func_188632_a(ModelBakery.java:205) ~[byo.class:?]
	at net.minecraft.client.renderer.block.model.ModelBakery.func_177586_a(ModelBakery.java:185) ~[byo.class:?]
	at net.minecraftforge.client.model.ModelLoader.func_177586_a(ModelLoader.java:281) ~[ModelLoader.class:?]
	... 14 more
Caused by: java.io.FileNotFoundException: extrautils2:blockstates/screen.json
	at net.minecraft.client.resources.FallbackResourceManager.func_135056_b(FallbackResourceManager.java:103) ~[bww.class:?]
	at net.minecraft.client.resources.SimpleReloadableResourceManager.func_135056_b(SimpleReloadableResourceManager.java:79) ~[bxi.class:?]
	at net.minecraft.client.renderer.block.model.ModelBakery.func_188632_a(ModelBakery.java:198) ~[byo.class:?]
	at net.minecraft.client.renderer.block.model.ModelBakery.func_177586_a(ModelBakery.java:185) ~[byo.class:?]
	at net.minecraftforge.client.model.ModelLoader.func_177586_a(ModelLoader.java:281) ~[ModelLoader.class:?]
	... 14 more
[10:21:54] [Client thread/ERROR]: Exception loading model for variant immersiveengineering:metalDevice1#_0multiblockslave=false,boolean0=true,facing=west,type=turret_rail
net.minecraftforge.client.model.ModelLoaderRegistry$LoaderException: Exception loading model immersiveengineering:metalDevice1#_0multiblockslave=false,boolean0=true,facing=west,type=turret_rail with loader VariantLoader.INSTANCE, skipping
	at net.minecraftforge.client.model.ModelLoaderRegistry.getModel(ModelLoaderRegistry.java:153) ~[ModelLoaderRegistry.class:?]
	at net.minecraftforge.client.model.ModelLoader.func_177569_a(ModelLoader.java:252) ~[ModelLoader.class:?]
	at net.minecraft.client.renderer.block.model.ModelBakery.loadBlock(ModelBakery.java:145) ~[byo.class:?]
	at net.minecraftforge.client.model.ModelLoader.func_188640_b(ModelLoader.java:240) ~[ModelLoader.class:?]
	at net.minecraftforge.client.model.ModelLoader.func_177570_a(ModelLoader.java:71) ~[ModelLoader.class:?]
	at net.minecraft.client.renderer.block.model.ModelManager.func_110549_a(ModelManager.java:28) [byp.class:?]
	at net.minecraft.client.resources.SimpleReloadableResourceManager.func_110542_a(SimpleReloadableResourceManager.java:122) [bxi.class:?]
	at net.minecraft.client.Minecraft.func_71384_a(Minecraft.java:499) [bcx.class:?]
	at net.minecraft.client.Minecraft.func_99999_d(Minecraft.java:351) [bcx.class:?]
	at net.minecraft.client.main.Main.main(SourceFile:124) [Main.class:?]
	at sun.reflect.NativeMethodAccessorImpl.invoke0(Native Method) ~[?:1.8.0_51]
	at sun.reflect.NativeMethodAccessorImpl.invoke(NativeMethodAccessorImpl.java:62) ~[?:1.8.0_51]
	at sun.reflect.DelegatingMethodAccessorImpl.invoke(DelegatingMethodAccessorImpl.java:43) ~[?:1.8.0_51]
	at java.lang.reflect.Method.invoke(Method.java:497) ~[?:1.8.0_51]
	at net.minecraft.launchwrapper.Launch.launch(Launch.java:135) [launchwrapper-1.12.jar:?]
	at net.minecraft.launchwrapper.Launch.main(Launch.java:28) [launchwrapper-1.12.jar:?]
Caused by: net.minecraft.client.renderer.block.model.ModelBlockDefinition$MissingVariantException
	at net.minecraft.client.renderer.block.model.ModelBlockDefinition.func_188004_c(ModelBlockDefinition.java:78) ~[bpe.class:?]
	at net.minecraftforge.client.model.ModelLoader$VariantLoader.loadModel(ModelLoader.java:1195) ~[ModelLoader$VariantLoader.class:?]
	at net.minecraftforge.client.model.ModelLoaderRegistry.getModel(ModelLoaderRegistry.java:149) ~[ModelLoaderRegistry.class:?]
	... 15 more
[10:21:54] [Client thread/ERROR]: Exception loading model for variant immersiveengineering:metalDevice1#_0multiblockslave=true,boolean0=true,facing=east,type=turret_rail
net.minecraftforge.client.model.ModelLoaderRegistry$LoaderException: Exception loading model immersiveengineering:metalDevice1#_0multiblockslave=true,boolean0=true,facing=east,type=turret_rail with loader VariantLoader.INSTANCE, skipping
	at net.minecraftforge.client.model.ModelLoaderRegistry.getModel(ModelLoaderRegistry.java:153) ~[ModelLoaderRegistry.class:?]
	at net.minecraftforge.client.model.ModelLoader.func_177569_a(ModelLoader.java:252) ~[ModelLoader.class:?]
	at net.minecraft.client.renderer.block.model.ModelBakery.loadBlock(ModelBakery.java:145) ~[byo.class:?]
	at net.minecraftforge.client.model.ModelLoader.func_188640_b(ModelLoader.java:240) ~[ModelLoader.class:?]
	at net.minecraftforge.client.model.ModelLoader.func_177570_a(ModelLoader.java:71) ~[ModelLoader.class:?]
	at net.minecraft.client.renderer.block.model.ModelManager.func_110549_a(ModelManager.java:28) [byp.class:?]
	at net.minecraft.client.resources.SimpleReloadableResourceManager.func_110542_a(SimpleReloadableResourceManager.java:122) [bxi.class:?]
	at net.minecraft.client.Minecraft.func_71384_a(Minecraft.java:499) [bcx.class:?]
	at net.minecraft.client.Minecraft.func_99999_d(Minecraft.java:351) [bcx.class:?]
	at net.minecraft.client.main.Main.main(SourceFile:124) [Main.class:?]
	at sun.reflect.NativeMethodAccessorImpl.invoke0(Native Method) ~[?:1.8.0_51]
	at sun.reflect.NativeMethodAccessorImpl.invoke(NativeMethodAccessorImpl.java:62) ~[?:1.8.0_51]
	at sun.reflect.DelegatingMethodAccessorImpl.invoke(DelegatingMethodAccessorImpl.java:43) ~[?:1.8.0_51]
	at java.lang.reflect.Method.invoke(Method.java:497) ~[?:1.8.0_51]
	at net.minecraft.launchwrapper.Launch.launch(Launch.java:135) [launchwrapper-1.12.jar:?]
	at net.minecraft.launchwrapper.Launch.main(Launch.java:28) [launchwrapper-1.12.jar:?]
Caused by: net.minecraft.client.renderer.block.model.ModelBlockDefinition$MissingVariantException
	at net.minecraft.client.renderer.block.model.ModelBlockDefinition.func_188004_c(ModelBlockDefinition.java:78) ~[bpe.class:?]
	at net.minecraftforge.client.model.ModelLoader$VariantLoader.loadModel(ModelLoader.java:1195) ~[ModelLoader$VariantLoader.class:?]
	at net.minecraftforge.client.model.ModelLoaderRegistry.getModel(ModelLoaderRegistry.java:149) ~[ModelLoaderRegistry.class:?]
	... 15 more
[10:21:54] [Client thread/ERROR]: Exception loading model for variant refinedstorage:controller#inventory, normal location exception: 
net.minecraftforge.client.model.ModelLoaderRegistry$LoaderException: Exception loading model refinedstorage:item/controller with loader VanillaLoader.INSTANCE, skipping
	at net.minecraftforge.client.model.ModelLoaderRegistry.getModel(ModelLoaderRegistry.java:153) ~[ModelLoaderRegistry.class:?]
	at net.minecraftforge.client.model.ModelLoader.func_177590_d(ModelLoader.java:328) ~[ModelLoader.class:?]
	at net.minecraft.client.renderer.block.model.ModelBakery.func_177577_b(ModelBakery.java:170) ~[byo.class:?]
	at net.minecraftforge.client.model.ModelLoader.func_177570_a(ModelLoader.java:72) ~[ModelLoader.class:?]
	at net.minecraft.client.renderer.block.model.ModelManager.func_110549_a(ModelManager.java:28) [byp.class:?]
	at net.minecraft.client.resources.SimpleReloadableResourceManager.func_110542_a(SimpleReloadableResourceManager.java:122) [bxi.class:?]
	at net.minecraft.client.Minecraft.func_71384_a(Minecraft.java:499) [bcx.class:?]
	at net.minecraft.client.Minecraft.func_99999_d(Minecraft.java:351) [bcx.class:?]
	at net.minecraft.client.main.Main.main(SourceFile:124) [Main.class:?]
	at sun.reflect.NativeMethodAccessorImpl.invoke0(Native Method) ~[?:1.8.0_51]
	at sun.reflect.NativeMethodAccessorImpl.invoke(NativeMethodAccessorImpl.java:62) ~[?:1.8.0_51]
	at sun.reflect.DelegatingMethodAccessorImpl.invoke(DelegatingMethodAccessorImpl.java:43) ~[?:1.8.0_51]
	at java.lang.reflect.Method.invoke(Method.java:497) ~[?:1.8.0_51]
	at net.minecraft.launchwrapper.Launch.launch(Launch.java:135) [launchwrapper-1.12.jar:?]
	at net.minecraft.launchwrapper.Launch.main(Launch.java:28) [launchwrapper-1.12.jar:?]
Caused by: java.io.FileNotFoundException: refinedstorage:models/item/controller.json
	at net.minecraft.client.resources.FallbackResourceManager.func_110536_a(FallbackResourceManager.java:68) ~[bww.class:?]
	at net.minecraft.client.resources.SimpleReloadableResourceManager.func_110536_a(SimpleReloadableResourceManager.java:65) ~[bxi.class:?]
	at net.minecraft.client.renderer.block.model.ModelBakery.func_177594_c(ModelBakery.java:311) ~[byo.class:?]
	at net.minecraftforge.client.model.ModelLoader.access$1100(ModelLoader.java:118) ~[ModelLoader.class:?]
	at net.minecraftforge.client.model.ModelLoader$VanillaLoader.loadModel(ModelLoader.java:879) ~[ModelLoader$VanillaLoader.class:?]
	at net.minecraftforge.client.model.ModelLoaderRegistry.getModel(ModelLoaderRegistry.java:149) ~[ModelLoaderRegistry.class:?]
	... 14 more
[10:21:54] [Client thread/ERROR]: Exception loading model for variant refinedstorage:controller#inventory, blockstate location exception: 
net.minecraftforge.client.model.ModelLoaderRegistry$LoaderException: Exception loading model refinedstorage:controller#inventory with loader VariantLoader.INSTANCE, skipping
	at net.minecraftforge.client.model.ModelLoaderRegistry.getModel(ModelLoaderRegistry.java:153) ~[ModelLoaderRegistry.class:?]
	at net.minecraftforge.client.model.ModelLoader.func_177590_d(ModelLoader.java:336) ~[ModelLoader.class:?]
	at net.minecraft.client.renderer.block.model.ModelBakery.func_177577_b(ModelBakery.java:170) ~[byo.class:?]
	at net.minecraftforge.client.model.ModelLoader.func_177570_a(ModelLoader.java:72) ~[ModelLoader.class:?]
	at net.minecraft.client.renderer.block.model.ModelManager.func_110549_a(ModelManager.java:28) [byp.class:?]
	at net.minecraft.client.resources.SimpleReloadableResourceManager.func_110542_a(SimpleReloadableResourceManager.java:122) [bxi.class:?]
	at net.minecraft.client.Minecraft.func_71384_a(Minecraft.java:499) [bcx.class:?]
	at net.minecraft.client.Minecraft.func_99999_d(Minecraft.java:351) [bcx.class:?]
	at net.minecraft.client.main.Main.main(SourceFile:124) [Main.class:?]
	at sun.reflect.NativeMethodAccessorImpl.invoke0(Native Method) ~[?:1.8.0_51]
	at sun.reflect.NativeMethodAccessorImpl.invoke(NativeMethodAccessorImpl.java:62) ~[?:1.8.0_51]
	at sun.reflect.DelegatingMethodAccessorImpl.invoke(DelegatingMethodAccessorImpl.java:43) ~[?:1.8.0_51]
	at java.lang.reflect.Method.invoke(Method.java:497) ~[?:1.8.0_51]
	at net.minecraft.launchwrapper.Launch.launch(Launch.java:135) [launchwrapper-1.12.jar:?]
	at net.minecraft.launchwrapper.Launch.main(Launch.java:28) [launchwrapper-1.12.jar:?]
Caused by: net.minecraft.client.renderer.block.model.ModelBlockDefinition$MissingVariantException
	at net.minecraft.client.renderer.block.model.ModelBlockDefinition.func_188004_c(ModelBlockDefinition.java:78) ~[bpe.class:?]
	at net.minecraftforge.client.model.ModelLoader$VariantLoader.loadModel(ModelLoader.java:1195) ~[ModelLoader$VariantLoader.class:?]
	at net.minecraftforge.client.model.ModelLoaderRegistry.getModel(ModelLoaderRegistry.java:149) ~[ModelLoaderRegistry.class:?]
	... 14 more
[10:21:54] [Client thread/ERROR]: Exception loading model for variant mcmultipart:multipart#ticking=true
net.minecraftforge.client.model.ModelLoaderRegistry$LoaderException: Exception loading model mcmultipart:multipart#ticking=true with loader VariantLoader.INSTANCE, skipping
	at net.minecraftforge.client.model.ModelLoaderRegistry.getModel(ModelLoaderRegistry.java:153) ~[ModelLoaderRegistry.class:?]
	at net.minecraftforge.client.model.ModelLoader.func_177569_a(ModelLoader.java:252) ~[ModelLoader.class:?]
	at net.minecraft.client.renderer.block.model.ModelBakery.loadBlock(ModelBakery.java:145) ~[byo.class:?]
	at net.minecraftforge.client.model.ModelLoader.func_188640_b(ModelLoader.java:240) ~[ModelLoader.class:?]
	at net.minecraftforge.client.model.ModelLoader.func_177570_a(ModelLoader.java:71) ~[ModelLoader.class:?]
	at net.minecraft.client.renderer.block.model.ModelManager.func_110549_a(ModelManager.java:28) [byp.class:?]
	at net.minecraft.client.resources.SimpleReloadableResourceManager.func_110542_a(SimpleReloadableResourceManager.java:122) [bxi.class:?]
	at net.minecraft.client.Minecraft.func_71384_a(Minecraft.java:499) [bcx.class:?]
	at net.minecraft.client.Minecraft.func_99999_d(Minecraft.java:351) [bcx.class:?]
	at net.minecraft.client.main.Main.main(SourceFile:124) [Main.class:?]
	at sun.reflect.NativeMethodAccessorImpl.invoke0(Native Method) ~[?:1.8.0_51]
	at sun.reflect.NativeMethodAccessorImpl.invoke(NativeMethodAccessorImpl.java:62) ~[?:1.8.0_51]
	at sun.reflect.DelegatingMethodAccessorImpl.invoke(DelegatingMethodAccessorImpl.java:43) ~[?:1.8.0_51]
	at java.lang.reflect.Method.invoke(Method.java:497) ~[?:1.8.0_51]
	at net.minecraft.launchwrapper.Launch.launch(Launch.java:135) [launchwrapper-1.12.jar:?]
	at net.minecraft.launchwrapper.Launch.main(Launch.java:28) [launchwrapper-1.12.jar:?]
Caused by: net.minecraft.client.renderer.block.model.ModelBlockDefinition$MissingVariantException
	at net.minecraft.client.renderer.block.model.ModelBlockDefinition.func_188004_c(ModelBlockDefinition.java:78) ~[bpe.class:?]
	at net.minecraftforge.client.model.ModelLoader$VariantLoader.loadModel(ModelLoader.java:1195) ~[ModelLoader$VariantLoader.class:?]
	at net.minecraftforge.client.model.ModelLoaderRegistry.getModel(ModelLoaderRegistry.java:149) ~[ModelLoaderRegistry.class:?]
	... 15 more
[10:21:54] [Client thread/ERROR]: Exception loading model for variant storagedrawersextra:extra_trim_3#meta=15
net.minecraftforge.client.model.ModelLoaderRegistry$LoaderException: Exception loading model storagedrawersextra:extra_trim_3#meta=15 with loader VariantLoader.INSTANCE, skipping
	at net.minecraftforge.client.model.ModelLoaderRegistry.getModel(ModelLoaderRegistry.java:153) ~[ModelLoaderRegistry.class:?]
	at net.minecraftforge.client.model.ModelLoader.func_177569_a(ModelLoader.java:252) ~[ModelLoader.class:?]
	at net.minecraft.client.renderer.block.model.ModelBakery.loadBlock(ModelBakery.java:145) ~[byo.class:?]
	at net.minecraftforge.client.model.ModelLoader.func_188640_b(ModelLoader.java:240) ~[ModelLoader.class:?]
	at net.minecraftforge.client.model.ModelLoader.func_177570_a(ModelLoader.java:71) ~[ModelLoader.class:?]
	at net.minecraft.client.renderer.block.model.ModelManager.func_110549_a(ModelManager.java:28) [byp.class:?]
	at net.minecraft.client.resources.SimpleReloadableResourceManager.func_110542_a(SimpleReloadableResourceManager.java:122) [bxi.class:?]
	at net.minecraft.client.Minecraft.func_71384_a(Minecraft.java:499) [bcx.class:?]
	at net.minecraft.client.Minecraft.func_99999_d(Minecraft.java:351) [bcx.class:?]
	at net.minecraft.client.main.Main.main(SourceFile:124) [Main.class:?]
	at sun.reflect.NativeMethodAccessorImpl.invoke0(Native Method) ~[?:1.8.0_51]
	at sun.reflect.NativeMethodAccessorImpl.invoke(NativeMethodAccessorImpl.java:62) ~[?:1.8.0_51]
	at sun.reflect.DelegatingMethodAccessorImpl.invoke(DelegatingMethodAccessorImpl.java:43) ~[?:1.8.0_51]
	at java.lang.reflect.Method.invoke(Method.java:497) ~[?:1.8.0_51]
	at net.minecraft.launchwrapper.Launch.launch(Launch.java:135) [launchwrapper-1.12.jar:?]
	at net.minecraft.launchwrapper.Launch.main(Launch.java:28) [launchwrapper-1.12.jar:?]
Caused by: net.minecraft.client.renderer.block.model.ModelBlockDefinition$MissingVariantException
	at net.minecraft.client.renderer.block.model.ModelBlockDefinition.func_188004_c(ModelBlockDefinition.java:78) ~[bpe.class:?]
	at net.minecraftforge.client.model.ModelLoader$VariantLoader.loadModel(ModelLoader.java:1195) ~[ModelLoader$VariantLoader.class:?]
	at net.minecraftforge.client.model.ModelLoaderRegistry.getModel(ModelLoaderRegistry.java:149) ~[ModelLoaderRegistry.class:?]
	... 15 more
[10:21:54] [Client thread/ERROR]: Exception loading blockstate for the variant storagedrawersextra:extra_trim_3#meta=15: 
java.lang.Exception: Could not load model definition for variant storagedrawersextra:extra_trim_3
	at net.minecraftforge.client.model.ModelLoader.func_177586_a(ModelLoader.java:285) ~[ModelLoader.class:?]
	at net.minecraft.client.renderer.block.model.ModelBakery.loadBlock(ModelBakery.java:121) ~[byo.class:?]
	at net.minecraftforge.client.model.ModelLoader.func_188640_b(ModelLoader.java:240) ~[ModelLoader.class:?]
	at net.minecraftforge.client.model.ModelLoader.func_177570_a(ModelLoader.java:71) ~[ModelLoader.class:?]
	at net.minecraft.client.renderer.block.model.ModelManager.func_110549_a(ModelManager.java:28) [byp.class:?]
	at net.minecraft.client.resources.SimpleReloadableResourceManager.func_110542_a(SimpleReloadableResourceManager.java:122) [bxi.class:?]
	at net.minecraft.client.Minecraft.func_71384_a(Minecraft.java:499) [bcx.class:?]
	at net.minecraft.client.Minecraft.func_99999_d(Minecraft.java:351) [bcx.class:?]
	at net.minecraft.client.main.Main.main(SourceFile:124) [Main.class:?]
	at sun.reflect.NativeMethodAccessorImpl.invoke0(Native Method) ~[?:1.8.0_51]
	at sun.reflect.NativeMethodAccessorImpl.invoke(NativeMethodAccessorImpl.java:62) ~[?:1.8.0_51]
	at sun.reflect.DelegatingMethodAccessorImpl.invoke(DelegatingMethodAccessorImpl.java:43) ~[?:1.8.0_51]
	at java.lang.reflect.Method.invoke(Method.java:497) ~[?:1.8.0_51]
	at net.minecraft.launchwrapper.Launch.launch(Launch.java:135) [launchwrapper-1.12.jar:?]
	at net.minecraft.launchwrapper.Launch.main(Launch.java:28) [launchwrapper-1.12.jar:?]
Caused by: java.lang.RuntimeException: Encountered an exception when loading model definition of model storagedrawersextra:blockstates/extra_trim_3.json
	at net.minecraft.client.renderer.block.model.ModelBakery.func_188632_a(ModelBakery.java:205) ~[byo.class:?]
	at net.minecraft.client.renderer.block.model.ModelBakery.func_177586_a(ModelBakery.java:185) ~[byo.class:?]
	at net.minecraftforge.client.model.ModelLoader.func_177586_a(ModelLoader.java:281) ~[ModelLoader.class:?]
	... 14 more
Caused by: java.io.FileNotFoundException: storagedrawersextra:blockstates/extra_trim_3.json
	at net.minecraft.client.resources.FallbackResourceManager.func_135056_b(FallbackResourceManager.java:103) ~[bww.class:?]
	at net.minecraft.client.resources.SimpleReloadableResourceManager.func_135056_b(SimpleReloadableResourceManager.java:79) ~[bxi.class:?]
	at net.minecraft.client.renderer.block.model.ModelBakery.func_188632_a(ModelBakery.java:198) ~[byo.class:?]
	at net.minecraft.client.renderer.block.model.ModelBakery.func_177586_a(ModelBakery.java:185) ~[byo.class:?]
	at net.minecraftforge.client.model.ModelLoader.func_177586_a(ModelLoader.java:281) ~[ModelLoader.class:?]
	... 14 more
[10:21:54] [Client thread/ERROR]: Exception loading model for variant storagedrawersextra:extra_trim_3#meta=12
net.minecraftforge.client.model.ModelLoaderRegistry$LoaderException: Exception loading model storagedrawersextra:extra_trim_3#meta=12 with loader VariantLoader.INSTANCE, skipping
	at net.minecraftforge.client.model.ModelLoaderRegistry.getModel(ModelLoaderRegistry.java:153) ~[ModelLoaderRegistry.class:?]
	at net.minecraftforge.client.model.ModelLoader.func_177569_a(ModelLoader.java:252) ~[ModelLoader.class:?]
	at net.minecraft.client.renderer.block.model.ModelBakery.loadBlock(ModelBakery.java:145) ~[byo.class:?]
	at net.minecraftforge.client.model.ModelLoader.func_188640_b(ModelLoader.java:240) ~[ModelLoader.class:?]
	at net.minecraftforge.client.model.ModelLoader.func_177570_a(ModelLoader.java:71) ~[ModelLoader.class:?]
	at net.minecraft.client.renderer.block.model.ModelManager.func_110549_a(ModelManager.java:28) [byp.class:?]
	at net.minecraft.client.resources.SimpleReloadableResourceManager.func_110542_a(SimpleReloadableResourceManager.java:122) [bxi.class:?]
	at net.minecraft.client.Minecraft.func_71384_a(Minecraft.java:499) [bcx.class:?]
	at net.minecraft.client.Minecraft.func_99999_d(Minecraft.java:351) [bcx.class:?]
	at net.minecraft.client.main.Main.main(SourceFile:124) [Main.class:?]
	at sun.reflect.NativeMethodAccessorImpl.invoke0(Native Method) ~[?:1.8.0_51]
	at sun.reflect.NativeMethodAccessorImpl.invoke(NativeMethodAccessorImpl.java:62) ~[?:1.8.0_51]
	at sun.reflect.DelegatingMethodAccessorImpl.invoke(DelegatingMethodAccessorImpl.java:43) ~[?:1.8.0_51]
	at java.lang.reflect.Method.invoke(Method.java:497) ~[?:1.8.0_51]
	at net.minecraft.launchwrapper.Launch.launch(Launch.java:135) [launchwrapper-1.12.jar:?]
	at net.minecraft.launchwrapper.Launch.main(Launch.java:28) [launchwrapper-1.12.jar:?]
Caused by: net.minecraft.client.renderer.block.model.ModelBlockDefinition$MissingVariantException
	at net.minecraft.client.renderer.block.model.ModelBlockDefinition.func_188004_c(ModelBlockDefinition.java:78) ~[bpe.class:?]
	at net.minecraftforge.client.model.ModelLoader$VariantLoader.loadModel(ModelLoader.java:1195) ~[ModelLoader$VariantLoader.class:?]
	at net.minecraftforge.client.model.ModelLoaderRegistry.getModel(ModelLoaderRegistry.java:149) ~[ModelLoaderRegistry.class:?]
	... 15 more
[10:21:54] [Client thread/ERROR]: Exception loading model for variant storagedrawersextra:extra_trim_3#meta=13
net.minecraftforge.client.model.ModelLoaderRegistry$LoaderException: Exception loading model storagedrawersextra:extra_trim_3#meta=13 with loader VariantLoader.INSTANCE, skipping
	at net.minecraftforge.client.model.ModelLoaderRegistry.getModel(ModelLoaderRegistry.java:153) ~[ModelLoaderRegistry.class:?]
	at net.minecraftforge.client.model.ModelLoader.func_177569_a(ModelLoader.java:252) ~[ModelLoader.class:?]
	at net.minecraft.client.renderer.block.model.ModelBakery.loadBlock(ModelBakery.java:145) ~[byo.class:?]
	at net.minecraftforge.client.model.ModelLoader.func_188640_b(ModelLoader.java:240) ~[ModelLoader.class:?]
	at net.minecraftforge.client.model.ModelLoader.func_177570_a(ModelLoader.java:71) ~[ModelLoader.class:?]
	at net.minecraft.client.renderer.block.model.ModelManager.func_110549_a(ModelManager.java:28) [byp.class:?]
	at net.minecraft.client.resources.SimpleReloadableResourceManager.func_110542_a(SimpleReloadableResourceManager.java:122) [bxi.class:?]
	at net.minecraft.client.Minecraft.func_71384_a(Minecraft.java:499) [bcx.class:?]
	at net.minecraft.client.Minecraft.func_99999_d(Minecraft.java:351) [bcx.class:?]
	at net.minecraft.client.main.Main.main(SourceFile:124) [Main.class:?]
	at sun.reflect.NativeMethodAccessorImpl.invoke0(Native Method) ~[?:1.8.0_51]
	at sun.reflect.NativeMethodAccessorImpl.invoke(NativeMethodAccessorImpl.java:62) ~[?:1.8.0_51]
	at sun.reflect.DelegatingMethodAccessorImpl.invoke(DelegatingMethodAccessorImpl.java:43) ~[?:1.8.0_51]
	at java.lang.reflect.Method.invoke(Method.java:497) ~[?:1.8.0_51]
	at net.minecraft.launchwrapper.Launch.launch(Launch.java:135) [launchwrapper-1.12.jar:?]
	at net.minecraft.launchwrapper.Launch.main(Launch.java:28) [launchwrapper-1.12.jar:?]
Caused by: net.minecraft.client.renderer.block.model.ModelBlockDefinition$MissingVariantException
	at net.minecraft.client.renderer.block.model.ModelBlockDefinition.func_188004_c(ModelBlockDefinition.java:78) ~[bpe.class:?]
	at net.minecraftforge.client.model.ModelLoader$VariantLoader.loadModel(ModelLoader.java:1195) ~[ModelLoader$VariantLoader.class:?]
	at net.minecraftforge.client.model.ModelLoaderRegistry.getModel(ModelLoaderRegistry.java:149) ~[ModelLoaderRegistry.class:?]
	... 15 more
[10:21:54] [Client thread/ERROR]: Exception loading model for variant storagedrawersextra:extra_trim_3#meta=14
net.minecraftforge.client.model.ModelLoaderRegistry$LoaderException: Exception loading model storagedrawersextra:extra_trim_3#meta=14 with loader VariantLoader.INSTANCE, skipping
	at net.minecraftforge.client.model.ModelLoaderRegistry.getModel(ModelLoaderRegistry.java:153) ~[ModelLoaderRegistry.class:?]
	at net.minecraftforge.client.model.ModelLoader.func_177569_a(ModelLoader.java:252) ~[ModelLoader.class:?]
	at net.minecraft.client.renderer.block.model.ModelBakery.loadBlock(ModelBakery.java:145) ~[byo.class:?]
	at net.minecraftforge.client.model.ModelLoader.func_188640_b(ModelLoader.java:240) ~[ModelLoader.class:?]
	at net.minecraftforge.client.model.ModelLoader.func_177570_a(ModelLoader.java:71) ~[ModelLoader.class:?]
	at net.minecraft.client.renderer.block.model.ModelManager.func_110549_a(ModelManager.java:28) [byp.class:?]
	at net.minecraft.client.resources.SimpleReloadableResourceManager.func_110542_a(SimpleReloadableResourceManager.java:122) [bxi.class:?]
	at net.minecraft.client.Minecraft.func_71384_a(Minecraft.java:499) [bcx.class:?]
	at net.minecraft.client.Minecraft.func_99999_d(Minecraft.java:351) [bcx.class:?]
	at net.minecraft.client.main.Main.main(SourceFile:124) [Main.class:?]
	at sun.reflect.NativeMethodAccessorImpl.invoke0(Native Method) ~[?:1.8.0_51]
	at sun.reflect.NativeMethodAccessorImpl.invoke(NativeMethodAccessorImpl.java:62) ~[?:1.8.0_51]
	at sun.reflect.DelegatingMethodAccessorImpl.invoke(DelegatingMethodAccessorImpl.java:43) ~[?:1.8.0_51]
	at java.lang.reflect.Method.invoke(Method.java:497) ~[?:1.8.0_51]
	at net.minecraft.launchwrapper.Launch.launch(Launch.java:135) [launchwrapper-1.12.jar:?]
	at net.minecraft.launchwrapper.Launch.main(Launch.java:28) [launchwrapper-1.12.jar:?]
Caused by: net.minecraft.client.renderer.block.model.ModelBlockDefinition$MissingVariantException
	at net.minecraft.client.renderer.block.model.ModelBlockDefinition.func_188004_c(ModelBlockDefinition.java:78) ~[bpe.class:?]
	at net.minecraftforge.client.model.ModelLoader$VariantLoader.loadModel(ModelLoader.java:1195) ~[ModelLoader$VariantLoader.class:?]
	at net.minecraftforge.client.model.ModelLoaderRegistry.getModel(ModelLoaderRegistry.java:149) ~[ModelLoaderRegistry.class:?]
	... 15 more
[10:21:54] [Client thread/ERROR]: Exception loading model for variant immersiveengineering:metalDevice1#_0multiblockslave=true,boolean0=true,facing=up,type=turret_rail
net.minecraftforge.client.model.ModelLoaderRegistry$LoaderException: Exception loading model immersiveengineering:metalDevice1#_0multiblockslave=true,boolean0=true,facing=up,type=turret_rail with loader VariantLoader.INSTANCE, skipping
	at net.minecraftforge.client.model.ModelLoaderRegistry.getModel(ModelLoaderRegistry.java:153) ~[ModelLoaderRegistry.class:?]
	at net.minecraftforge.client.model.ModelLoader.func_177569_a(ModelLoader.java:252) ~[ModelLoader.class:?]
	at net.minecraft.client.renderer.block.model.ModelBakery.loadBlock(ModelBakery.java:145) ~[byo.class:?]
	at net.minecraftforge.client.model.ModelLoader.func_188640_b(ModelLoader.java:240) ~[ModelLoader.class:?]
	at net.minecraftforge.client.model.ModelLoader.func_177570_a(ModelLoader.java:71) ~[ModelLoader.class:?]
	at net.minecraft.client.renderer.block.model.ModelManager.func_110549_a(ModelManager.java:28) [byp.class:?]
	at net.minecraft.client.resources.SimpleReloadableResourceManager.func_110542_a(SimpleReloadableResourceManager.java:122) [bxi.class:?]
	at net.minecraft.client.Minecraft.func_71384_a(Minecraft.java:499) [bcx.class:?]
	at net.minecraft.client.Minecraft.func_99999_d(Minecraft.java:351) [bcx.class:?]
	at net.minecraft.client.main.Main.main(SourceFile:124) [Main.class:?]
	at sun.reflect.NativeMethodAccessorImpl.invoke0(Native Method) ~[?:1.8.0_51]
	at sun.reflect.NativeMethodAccessorImpl.invoke(NativeMethodAccessorImpl.java:62) ~[?:1.8.0_51]
	at sun.reflect.DelegatingMethodAccessorImpl.invoke(DelegatingMethodAccessorImpl.java:43) ~[?:1.8.0_51]
	at java.lang.reflect.Method.invoke(Method.java:497) ~[?:1.8.0_51]
	at net.minecraft.launchwrapper.Launch.launch(Launch.java:135) [launchwrapper-1.12.jar:?]
	at net.minecraft.launchwrapper.Launch.main(Launch.java:28) [launchwrapper-1.12.jar:?]
Caused by: net.minecraft.client.renderer.block.model.ModelBlockDefinition$MissingVariantException
	at net.minecraft.client.renderer.block.model.ModelBlockDefinition.func_188004_c(ModelBlockDefinition.java:78) ~[bpe.class:?]
	at net.minecraftforge.client.model.ModelLoader$VariantLoader.loadModel(ModelLoader.java:1195) ~[ModelLoader$VariantLoader.class:?]
	at net.minecraftforge.client.model.ModelLoaderRegistry.getModel(ModelLoaderRegistry.java:149) ~[ModelLoaderRegistry.class:?]
	... 15 more
[10:21:54] [Client thread/ERROR]: Exception loading model for variant immersiveengineering:metalDevice1#_0multiblockslave=false,boolean0=false,facing=south,type=turret_rail
net.minecraftforge.client.model.ModelLoaderRegistry$LoaderException: Exception loading model immersiveengineering:metalDevice1#_0multiblockslave=false,boolean0=false,facing=south,type=turret_rail with loader VariantLoader.INSTANCE, skipping
	at net.minecraftforge.client.model.ModelLoaderRegistry.getModel(ModelLoaderRegistry.java:153) ~[ModelLoaderRegistry.class:?]
	at net.minecraftforge.client.model.ModelLoader.func_177569_a(ModelLoader.java:252) ~[ModelLoader.class:?]
	at net.minecraft.client.renderer.block.model.ModelBakery.loadBlock(ModelBakery.java:145) ~[byo.class:?]
	at net.minecraftforge.client.model.ModelLoader.func_188640_b(ModelLoader.java:240) ~[ModelLoader.class:?]
	at net.minecraftforge.client.model.ModelLoader.func_177570_a(ModelLoader.java:71) ~[ModelLoader.class:?]
	at net.minecraft.client.renderer.block.model.ModelManager.func_110549_a(ModelManager.java:28) [byp.class:?]
	at net.minecraft.client.resources.SimpleReloadableResourceManager.func_110542_a(SimpleReloadableResourceManager.java:122) [bxi.class:?]
	at net.minecraft.client.Minecraft.func_71384_a(Minecraft.java:499) [bcx.class:?]
	at net.minecraft.client.Minecraft.func_99999_d(Minecraft.java:351) [bcx.class:?]
	at net.minecraft.client.main.Main.main(SourceFile:124) [Main.class:?]
	at sun.reflect.NativeMethodAccessorImpl.invoke0(Native Method) ~[?:1.8.0_51]
	at sun.reflect.NativeMethodAccessorImpl.invoke(NativeMethodAccessorImpl.java:62) ~[?:1.8.0_51]
	at sun.reflect.DelegatingMethodAccessorImpl.invoke(DelegatingMethodAccessorImpl.java:43) ~[?:1.8.0_51]
	at java.lang.reflect.Method.invoke(Method.java:497) ~[?:1.8.0_51]
	at net.minecraft.launchwrapper.Launch.launch(Launch.java:135) [launchwrapper-1.12.jar:?]
	at net.minecraft.launchwrapper.Launch.main(Launch.java:28) [launchwrapper-1.12.jar:?]
Caused by: net.minecraft.client.renderer.block.model.ModelBlockDefinition$MissingVariantException
	at net.minecraft.client.renderer.block.model.ModelBlockDefinition.func_188004_c(ModelBlockDefinition.java:78) ~[bpe.class:?]
	at net.minecraftforge.client.model.ModelLoader$VariantLoader.loadModel(ModelLoader.java:1195) ~[ModelLoader$VariantLoader.class:?]
	at net.minecraftforge.client.model.ModelLoaderRegistry.getModel(ModelLoaderRegistry.java:149) ~[ModelLoaderRegistry.class:?]
	... 15 more
[10:21:54] [Client thread/ERROR]: Exception loading model for variant randomthings:specialBeanStalk#inventory, normal location exception: 
net.minecraftforge.client.model.ModelLoaderRegistry$LoaderException: Exception loading model randomthings:item/specialBeanStalk with loader VanillaLoader.INSTANCE, skipping
	at net.minecraftforge.client.model.ModelLoaderRegistry.getModel(ModelLoaderRegistry.java:153) ~[ModelLoaderRegistry.class:?]
	at net.minecraftforge.client.model.ModelLoader.func_177590_d(ModelLoader.java:328) ~[ModelLoader.class:?]
	at net.minecraft.client.renderer.block.model.ModelBakery.func_177577_b(ModelBakery.java:170) ~[byo.class:?]
	at net.minecraftforge.client.model.ModelLoader.func_177570_a(ModelLoader.java:72) ~[ModelLoader.class:?]
	at net.minecraft.client.renderer.block.model.ModelManager.func_110549_a(ModelManager.java:28) [byp.class:?]
	at net.minecraft.client.resources.SimpleReloadableResourceManager.func_110542_a(SimpleReloadableResourceManager.java:122) [bxi.class:?]
	at net.minecraft.client.Minecraft.func_71384_a(Minecraft.java:499) [bcx.class:?]
	at net.minecraft.client.Minecraft.func_99999_d(Minecraft.java:351) [bcx.class:?]
	at net.minecraft.client.main.Main.main(SourceFile:124) [Main.class:?]
	at sun.reflect.NativeMethodAccessorImpl.invoke0(Native Method) ~[?:1.8.0_51]
	at sun.reflect.NativeMethodAccessorImpl.invoke(NativeMethodAccessorImpl.java:62) ~[?:1.8.0_51]
	at sun.reflect.DelegatingMethodAccessorImpl.invoke(DelegatingMethodAccessorImpl.java:43) ~[?:1.8.0_51]
	at java.lang.reflect.Method.invoke(Method.java:497) ~[?:1.8.0_51]
	at net.minecraft.launchwrapper.Launch.launch(Launch.java:135) [launchwrapper-1.12.jar:?]
	at net.minecraft.launchwrapper.Launch.main(Launch.java:28) [launchwrapper-1.12.jar:?]
Caused by: java.io.FileNotFoundException: randomthings:models/item/specialBeanStalk.json
	at net.minecraft.client.resources.FallbackResourceManager.func_110536_a(FallbackResourceManager.java:68) ~[bww.class:?]
	at net.minecraft.client.resources.SimpleReloadableResourceManager.func_110536_a(SimpleReloadableResourceManager.java:65) ~[bxi.class:?]
	at net.minecraft.client.renderer.block.model.ModelBakery.func_177594_c(ModelBakery.java:311) ~[byo.class:?]
	at net.minecraftforge.client.model.ModelLoader.access$1100(ModelLoader.java:118) ~[ModelLoader.class:?]
	at net.minecraftforge.client.model.ModelLoader$VanillaLoader.loadModel(ModelLoader.java:879) ~[ModelLoader$VanillaLoader.class:?]
	at net.minecraftforge.client.model.ModelLoaderRegistry.getModel(ModelLoaderRegistry.java:149) ~[ModelLoaderRegistry.class:?]
	... 14 more
[10:21:54] [Client thread/ERROR]: Exception loading model for variant randomthings:specialBeanStalk#inventory, blockstate location exception: 
net.minecraftforge.client.model.ModelLoaderRegistry$LoaderException: Exception loading model randomthings:specialBeanStalk#inventory with loader VariantLoader.INSTANCE, skipping
	at net.minecraftforge.client.model.ModelLoaderRegistry.getModel(ModelLoaderRegistry.java:153) ~[ModelLoaderRegistry.class:?]
	at net.minecraftforge.client.model.ModelLoader.func_177590_d(ModelLoader.java:336) ~[ModelLoader.class:?]
	at net.minecraft.client.renderer.block.model.ModelBakery.func_177577_b(ModelBakery.java:170) ~[byo.class:?]
	at net.minecraftforge.client.model.ModelLoader.func_177570_a(ModelLoader.java:72) ~[ModelLoader.class:?]
	at net.minecraft.client.renderer.block.model.ModelManager.func_110549_a(ModelManager.java:28) [byp.class:?]
	at net.minecraft.client.resources.SimpleReloadableResourceManager.func_110542_a(SimpleReloadableResourceManager.java:122) [bxi.class:?]
	at net.minecraft.client.Minecraft.func_71384_a(Minecraft.java:499) [bcx.class:?]
	at net.minecraft.client.Minecraft.func_99999_d(Minecraft.java:351) [bcx.class:?]
	at net.minecraft.client.main.Main.main(SourceFile:124) [Main.class:?]
	at sun.reflect.NativeMethodAccessorImpl.invoke0(Native Method) ~[?:1.8.0_51]
	at sun.reflect.NativeMethodAccessorImpl.invoke(NativeMethodAccessorImpl.java:62) ~[?:1.8.0_51]
	at sun.reflect.DelegatingMethodAccessorImpl.invoke(DelegatingMethodAccessorImpl.java:43) ~[?:1.8.0_51]
	at java.lang.reflect.Method.invoke(Method.java:497) ~[?:1.8.0_51]
	at net.minecraft.launchwrapper.Launch.launch(Launch.java:135) [launchwrapper-1.12.jar:?]
	at net.minecraft.launchwrapper.Launch.main(Launch.java:28) [launchwrapper-1.12.jar:?]
Caused by: net.minecraft.client.renderer.block.model.ModelBlockDefinition$MissingVariantException
	at net.minecraft.client.renderer.block.model.ModelBlockDefinition.func_188004_c(ModelBlockDefinition.java:78) ~[bpe.class:?]
	at net.minecraftforge.client.model.ModelLoader$VariantLoader.loadModel(ModelLoader.java:1195) ~[ModelLoader$VariantLoader.class:?]
	at net.minecraftforge.client.model.ModelLoaderRegistry.getModel(ModelLoaderRegistry.java:149) ~[ModelLoaderRegistry.class:?]
	... 14 more
[10:21:54] [Client thread/ERROR]: Exception loading model for variant integrateddynamics:variableTransformer#inventory, normal location exception: 
net.minecraftforge.client.model.ModelLoaderRegistry$LoaderException: Exception loading model integrateddynamics:item/variableTransformer with loader VanillaLoader.INSTANCE, skipping
	at net.minecraftforge.client.model.ModelLoaderRegistry.getModel(ModelLoaderRegistry.java:153) ~[ModelLoaderRegistry.class:?]
	at net.minecraftforge.client.model.ModelLoader.func_177590_d(ModelLoader.java:328) ~[ModelLoader.class:?]
	at net.minecraft.client.renderer.block.model.ModelBakery.func_177577_b(ModelBakery.java:170) ~[byo.class:?]
	at net.minecraftforge.client.model.ModelLoader.func_177570_a(ModelLoader.java:72) ~[ModelLoader.class:?]
	at net.minecraft.client.renderer.block.model.ModelManager.func_110549_a(ModelManager.java:28) [byp.class:?]
	at net.minecraft.client.resources.SimpleReloadableResourceManager.func_110542_a(SimpleReloadableResourceManager.java:122) [bxi.class:?]
	at net.minecraft.client.Minecraft.func_71384_a(Minecraft.java:499) [bcx.class:?]
	at net.minecraft.client.Minecraft.func_99999_d(Minecraft.java:351) [bcx.class:?]
	at net.minecraft.client.main.Main.main(SourceFile:124) [Main.class:?]
	at sun.reflect.NativeMethodAccessorImpl.invoke0(Native Method) ~[?:1.8.0_51]
	at sun.reflect.NativeMethodAccessorImpl.invoke(NativeMethodAccessorImpl.java:62) ~[?:1.8.0_51]
	at sun.reflect.DelegatingMethodAccessorImpl.invoke(DelegatingMethodAccessorImpl.java:43) ~[?:1.8.0_51]
	at java.lang.reflect.Method.invoke(Method.java:497) ~[?:1.8.0_51]
	at net.minecraft.launchwrapper.Launch.launch(Launch.java:135) [launchwrapper-1.12.jar:?]
	at net.minecraft.launchwrapper.Launch.main(Launch.java:28) [launchwrapper-1.12.jar:?]
Caused by: java.io.FileNotFoundException: integrateddynamics:models/item/variableTransformer.json
	at net.minecraft.client.resources.FallbackResourceManager.func_110536_a(FallbackResourceManager.java:68) ~[bww.class:?]
	at net.minecraft.client.resources.SimpleReloadableResourceManager.func_110536_a(SimpleReloadableResourceManager.java:65) ~[bxi.class:?]
	at net.minecraft.client.renderer.block.model.ModelBakery.func_177594_c(ModelBakery.java:311) ~[byo.class:?]
	at net.minecraftforge.client.model.ModelLoader.access$1100(ModelLoader.java:118) ~[ModelLoader.class:?]
	at net.minecraftforge.client.model.ModelLoader$VanillaLoader.loadModel(ModelLoader.java:879) ~[ModelLoader$VanillaLoader.class:?]
	at net.minecraftforge.client.model.ModelLoaderRegistry.getModel(ModelLoaderRegistry.java:149) ~[ModelLoaderRegistry.class:?]
	... 14 more
[10:21:54] [Client thread/ERROR]: Exception loading model for variant integrateddynamics:variableTransformer#inventory, blockstate location exception: 
net.minecraftforge.client.model.ModelLoaderRegistry$LoaderException: Exception loading model integrateddynamics:variableTransformer#inventory with loader VariantLoader.INSTANCE, skipping
	at net.minecraftforge.client.model.ModelLoaderRegistry.getModel(ModelLoaderRegistry.java:153) ~[ModelLoaderRegistry.class:?]
	at net.minecraftforge.client.model.ModelLoader.func_177590_d(ModelLoader.java:336) ~[ModelLoader.class:?]
	at net.minecraft.client.renderer.block.model.ModelBakery.func_177577_b(ModelBakery.java:170) ~[byo.class:?]
	at net.minecraftforge.client.model.ModelLoader.func_177570_a(ModelLoader.java:72) ~[ModelLoader.class:?]
	at net.minecraft.client.renderer.block.model.ModelManager.func_110549_a(ModelManager.java:28) [byp.class:?]
	at net.minecraft.client.resources.SimpleReloadableResourceManager.func_110542_a(SimpleReloadableResourceManager.java:122) [bxi.class:?]
	at net.minecraft.client.Minecraft.func_71384_a(Minecraft.java:499) [bcx.class:?]
	at net.minecraft.client.Minecraft.func_99999_d(Minecraft.java:351) [bcx.class:?]
	at net.minecraft.client.main.Main.main(SourceFile:124) [Main.class:?]
	at sun.reflect.NativeMethodAccessorImpl.invoke0(Native Method) ~[?:1.8.0_51]
	at sun.reflect.NativeMethodAccessorImpl.invoke(NativeMethodAccessorImpl.java:62) ~[?:1.8.0_51]
	at sun.reflect.DelegatingMethodAccessorImpl.invoke(DelegatingMethodAccessorImpl.java:43) ~[?:1.8.0_51]
	at java.lang.reflect.Method.invoke(Method.java:497) ~[?:1.8.0_51]
	at net.minecraft.launchwrapper.Launch.launch(Launch.java:135) [launchwrapper-1.12.jar:?]
	at net.minecraft.launchwrapper.Launch.main(Launch.java:28) [launchwrapper-1.12.jar:?]
Caused by: net.minecraft.client.renderer.block.model.ModelBlockDefinition$MissingVariantException
	at net.minecraft.client.renderer.block.model.ModelBlockDefinition.func_188004_c(ModelBlockDefinition.java:78) ~[bpe.class:?]
	at net.minecraftforge.client.model.ModelLoader$VariantLoader.loadModel(ModelLoader.java:1195) ~[ModelLoader$VariantLoader.class:?]
	at net.minecraftforge.client.model.ModelLoaderRegistry.getModel(ModelLoaderRegistry.java:149) ~[ModelLoaderRegistry.class:?]
	... 14 more
[10:21:54] [Client thread/ERROR]: Exception loading model for variant openmodularturrets:base_addon#facing=up,model=1
net.minecraftforge.client.model.ModelLoaderRegistry$LoaderException: Exception loading model openmodularturrets:base_addon#facing=up,model=1 with loader VariantLoader.INSTANCE, skipping
	at net.minecraftforge.client.model.ModelLoaderRegistry.getModel(ModelLoaderRegistry.java:153) ~[ModelLoaderRegistry.class:?]
	at net.minecraftforge.client.model.ModelLoader.func_177569_a(ModelLoader.java:252) ~[ModelLoader.class:?]
	at net.minecraft.client.renderer.block.model.ModelBakery.loadBlock(ModelBakery.java:145) ~[byo.class:?]
	at net.minecraftforge.client.model.ModelLoader.func_188640_b(ModelLoader.java:240) ~[ModelLoader.class:?]
	at net.minecraftforge.client.model.ModelLoader.func_177570_a(ModelLoader.java:71) ~[ModelLoader.class:?]
	at net.minecraft.client.renderer.block.model.ModelManager.func_110549_a(ModelManager.java:28) [byp.class:?]
	at net.minecraft.client.resources.SimpleReloadableResourceManager.func_110542_a(SimpleReloadableResourceManager.java:122) [bxi.class:?]
	at net.minecraft.client.Minecraft.func_71384_a(Minecraft.java:499) [bcx.class:?]
	at net.minecraft.client.Minecraft.func_99999_d(Minecraft.java:351) [bcx.class:?]
	at net.minecraft.client.main.Main.main(SourceFile:124) [Main.class:?]
	at sun.reflect.NativeMethodAccessorImpl.invoke0(Native Method) ~[?:1.8.0_51]
	at sun.reflect.NativeMethodAccessorImpl.invoke(NativeMethodAccessorImpl.java:62) ~[?:1.8.0_51]
	at sun.reflect.DelegatingMethodAccessorImpl.invoke(DelegatingMethodAccessorImpl.java:43) ~[?:1.8.0_51]
	at java.lang.reflect.Method.invoke(Method.java:497) ~[?:1.8.0_51]
	at net.minecraft.launchwrapper.Launch.launch(Launch.java:135) [launchwrapper-1.12.jar:?]
	at net.minecraft.launchwrapper.Launch.main(Launch.java:28) [launchwrapper-1.12.jar:?]
Caused by: net.minecraft.client.renderer.block.model.ModelBlockDefinition$MissingVariantException
	at net.minecraft.client.renderer.block.model.ModelBlockDefinition.func_188004_c(ModelBlockDefinition.java:78) ~[bpe.class:?]
	at net.minecraftforge.client.model.ModelLoader$VariantLoader.loadModel(ModelLoader.java:1195) ~[ModelLoader$VariantLoader.class:?]
	at net.minecraftforge.client.model.ModelLoaderRegistry.getModel(ModelLoaderRegistry.java:149) ~[ModelLoaderRegistry.class:?]
	... 15 more
[10:21:54] [Client thread/ERROR]: Exception loading model for variant openmodularturrets:base_addon#facing=up,model=2
net.minecraftforge.client.model.ModelLoaderRegistry$LoaderException: Exception loading model openmodularturrets:base_addon#facing=up,model=2 with loader VariantLoader.INSTANCE, skipping
	at net.minecraftforge.client.model.ModelLoaderRegistry.getModel(ModelLoaderRegistry.java:153) ~[ModelLoaderRegistry.class:?]
	at net.minecraftforge.client.model.ModelLoader.func_177569_a(ModelLoader.java:252) ~[ModelLoader.class:?]
	at net.minecraft.client.renderer.block.model.ModelBakery.loadBlock(ModelBakery.java:145) ~[byo.class:?]
	at net.minecraftforge.client.model.ModelLoader.func_188640_b(ModelLoader.java:240) ~[ModelLoader.class:?]
	at net.minecraftforge.client.model.ModelLoader.func_177570_a(ModelLoader.java:71) ~[ModelLoader.class:?]
	at net.minecraft.client.renderer.block.model.ModelManager.func_110549_a(ModelManager.java:28) [byp.class:?]
	at net.minecraft.client.resources.SimpleReloadableResourceManager.func_110542_a(SimpleReloadableResourceManager.java:122) [bxi.class:?]
	at net.minecraft.client.Minecraft.func_71384_a(Minecraft.java:499) [bcx.class:?]
	at net.minecraft.client.Minecraft.func_99999_d(Minecraft.java:351) [bcx.class:?]
	at net.minecraft.client.main.Main.main(SourceFile:124) [Main.class:?]
	at sun.reflect.NativeMethodAccessorImpl.invoke0(Native Method) ~[?:1.8.0_51]
	at sun.reflect.NativeMethodAccessorImpl.invoke(NativeMethodAccessorImpl.java:62) ~[?:1.8.0_51]
	at sun.reflect.DelegatingMethodAccessorImpl.invoke(DelegatingMethodAccessorImpl.java:43) ~[?:1.8.0_51]
	at java.lang.reflect.Method.invoke(Method.java:497) ~[?:1.8.0_51]
	at net.minecraft.launchwrapper.Launch.launch(Launch.java:135) [launchwrapper-1.12.jar:?]
	at net.minecraft.launchwrapper.Launch.main(Launch.java:28) [launchwrapper-1.12.jar:?]
Caused by: net.minecraft.client.renderer.block.model.ModelBlockDefinition$MissingVariantException
	at net.minecraft.client.renderer.block.model.ModelBlockDefinition.func_188004_c(ModelBlockDefinition.java:78) ~[bpe.class:?]
	at net.minecraftforge.client.model.ModelLoader$VariantLoader.loadModel(ModelLoader.java:1195) ~[ModelLoader$VariantLoader.class:?]
	at net.minecraftforge.client.model.ModelLoaderRegistry.getModel(ModelLoaderRegistry.java:149) ~[ModelLoaderRegistry.class:?]
	... 15 more
[10:21:54] [Client thread/ERROR]: Exception loading model for variant openmodularturrets:base_addon#facing=up,model=3
net.minecraftforge.client.model.ModelLoaderRegistry$LoaderException: Exception loading model openmodularturrets:base_addon#facing=up,model=3 with loader VariantLoader.INSTANCE, skipping
	at net.minecraftforge.client.model.ModelLoaderRegistry.getModel(ModelLoaderRegistry.java:153) ~[ModelLoaderRegistry.class:?]
	at net.minecraftforge.client.model.ModelLoader.func_177569_a(ModelLoader.java:252) ~[ModelLoader.class:?]
	at net.minecraft.client.renderer.block.model.ModelBakery.loadBlock(ModelBakery.java:145) ~[byo.class:?]
	at net.minecraftforge.client.model.ModelLoader.func_188640_b(ModelLoader.java:240) ~[ModelLoader.class:?]
	at net.minecraftforge.client.model.ModelLoader.func_177570_a(ModelLoader.java:71) ~[ModelLoader.class:?]
	at net.minecraft.client.renderer.block.model.ModelManager.func_110549_a(ModelManager.java:28) [byp.class:?]
	at net.minecraft.client.resources.SimpleReloadableResourceManager.func_110542_a(SimpleReloadableResourceManager.java:122) [bxi.class:?]
	at net.minecraft.client.Minecraft.func_71384_a(Minecraft.java:499) [bcx.class:?]
	at net.minecraft.client.Minecraft.func_99999_d(Minecraft.java:351) [bcx.class:?]
	at net.minecraft.client.main.Main.main(SourceFile:124) [Main.class:?]
	at sun.reflect.NativeMethodAccessorImpl.invoke0(Native Method) ~[?:1.8.0_51]
	at sun.reflect.NativeMethodAccessorImpl.invoke(NativeMethodAccessorImpl.java:62) ~[?:1.8.0_51]
	at sun.reflect.DelegatingMethodAccessorImpl.invoke(DelegatingMethodAccessorImpl.java:43) ~[?:1.8.0_51]
	at java.lang.reflect.Method.invoke(Method.java:497) ~[?:1.8.0_51]
	at net.minecraft.launchwrapper.Launch.launch(Launch.java:135) [launchwrapper-1.12.jar:?]
	at net.minecraft.launchwrapper.Launch.main(Launch.java:28) [launchwrapper-1.12.jar:?]
Caused by: net.minecraft.client.renderer.block.model.ModelBlockDefinition$MissingVariantException
	at net.minecraft.client.renderer.block.model.ModelBlockDefinition.func_188004_c(ModelBlockDefinition.java:78) ~[bpe.class:?]
	at net.minecraftforge.client.model.ModelLoader$VariantLoader.loadModel(ModelLoader.java:1195) ~[ModelLoader$VariantLoader.class:?]
	at net.minecraftforge.client.model.ModelLoaderRegistry.getModel(ModelLoaderRegistry.java:149) ~[ModelLoaderRegistry.class:?]
	... 15 more
[10:21:54] [Client thread/ERROR]: Exception loading model for variant openmodularturrets:base_addon#facing=up,model=4
net.minecraftforge.client.model.ModelLoaderRegistry$LoaderException: Exception loading model openmodularturrets:base_addon#facing=up,model=4 with loader VariantLoader.INSTANCE, skipping
	at net.minecraftforge.client.model.ModelLoaderRegistry.getModel(ModelLoaderRegistry.java:153) ~[ModelLoaderRegistry.class:?]
	at net.minecraftforge.client.model.ModelLoader.func_177569_a(ModelLoader.java:252) ~[ModelLoader.class:?]
	at net.minecraft.client.renderer.block.model.ModelBakery.loadBlock(ModelBakery.java:145) ~[byo.class:?]
	at net.minecraftforge.client.model.ModelLoader.func_188640_b(ModelLoader.java:240) ~[ModelLoader.class:?]
	at net.minecraftforge.client.model.ModelLoader.func_177570_a(ModelLoader.java:71) ~[ModelLoader.class:?]
	at net.minecraft.client.renderer.block.model.ModelManager.func_110549_a(ModelManager.java:28) [byp.class:?]
	at net.minecraft.client.resources.SimpleReloadableResourceManager.func_110542_a(SimpleReloadableResourceManager.java:122) [bxi.class:?]
	at net.minecraft.client.Minecraft.func_71384_a(Minecraft.java:499) [bcx.class:?]
	at net.minecraft.client.Minecraft.func_99999_d(Minecraft.java:351) [bcx.class:?]
	at net.minecraft.client.main.Main.main(SourceFile:124) [Main.class:?]
	at sun.reflect.NativeMethodAccessorImpl.invoke0(Native Method) ~[?:1.8.0_51]
	at sun.reflect.NativeMethodAccessorImpl.invoke(NativeMethodAccessorImpl.java:62) ~[?:1.8.0_51]
	at sun.reflect.DelegatingMethodAccessorImpl.invoke(DelegatingMethodAccessorImpl.java:43) ~[?:1.8.0_51]
	at java.lang.reflect.Method.invoke(Method.java:497) ~[?:1.8.0_51]
	at net.minecraft.launchwrapper.Launch.launch(Launch.java:135) [launchwrapper-1.12.jar:?]
	at net.minecraft.launchwrapper.Launch.main(Launch.java:28) [launchwrapper-1.12.jar:?]
Caused by: net.minecraft.client.renderer.block.model.ModelBlockDefinition$MissingVariantException
	at net.minecraft.client.renderer.block.model.ModelBlockDefinition.func_188004_c(ModelBlockDefinition.java:78) ~[bpe.class:?]
	at net.minecraftforge.client.model.ModelLoader$VariantLoader.loadModel(ModelLoader.java:1195) ~[ModelLoader$VariantLoader.class:?]
	at net.minecraftforge.client.model.ModelLoaderRegistry.getModel(ModelLoaderRegistry.java:149) ~[ModelLoaderRegistry.class:?]
	... 15 more
[10:21:54] [Client thread/ERROR]: Exception loading model for variant omlib:fake_sword#inventory, normal location exception: 
net.minecraftforge.client.model.ModelLoaderRegistry$LoaderException: Exception loading model omlib:item/fake_sword with loader VanillaLoader.INSTANCE, skipping
	at net.minecraftforge.client.model.ModelLoaderRegistry.getModel(ModelLoaderRegistry.java:153) ~[ModelLoaderRegistry.class:?]
	at net.minecraftforge.client.model.ModelLoader.func_177590_d(ModelLoader.java:328) ~[ModelLoader.class:?]
	at net.minecraft.client.renderer.block.model.ModelBakery.func_177577_b(ModelBakery.java:170) ~[byo.class:?]
	at net.minecraftforge.client.model.ModelLoader.func_177570_a(ModelLoader.java:72) ~[ModelLoader.class:?]
	at net.minecraft.client.renderer.block.model.ModelManager.func_110549_a(ModelManager.java:28) [byp.class:?]
	at net.minecraft.client.resources.SimpleReloadableResourceManager.func_110542_a(SimpleReloadableResourceManager.java:122) [bxi.class:?]
	at net.minecraft.client.Minecraft.func_71384_a(Minecraft.java:499) [bcx.class:?]
	at net.minecraft.client.Minecraft.func_99999_d(Minecraft.java:351) [bcx.class:?]
	at net.minecraft.client.main.Main.main(SourceFile:124) [Main.class:?]
	at sun.reflect.NativeMethodAccessorImpl.invoke0(Native Method) ~[?:1.8.0_51]
	at sun.reflect.NativeMethodAccessorImpl.invoke(NativeMethodAccessorImpl.java:62) ~[?:1.8.0_51]
	at sun.reflect.DelegatingMethodAccessorImpl.invoke(DelegatingMethodAccessorImpl.java:43) ~[?:1.8.0_51]
	at java.lang.reflect.Method.invoke(Method.java:497) ~[?:1.8.0_51]
	at net.minecraft.launchwrapper.Launch.launch(Launch.java:135) [launchwrapper-1.12.jar:?]
	at net.minecraft.launchwrapper.Launch.main(Launch.java:28) [launchwrapper-1.12.jar:?]
Caused by: java.io.FileNotFoundException: omlib:models/item/fake_sword.json
	at net.minecraft.client.resources.FallbackResourceManager.func_110536_a(FallbackResourceManager.java:68) ~[bww.class:?]
	at net.minecraft.client.resources.SimpleReloadableResourceManager.func_110536_a(SimpleReloadableResourceManager.java:65) ~[bxi.class:?]
	at net.minecraft.client.renderer.block.model.ModelBakery.func_177594_c(ModelBakery.java:311) ~[byo.class:?]
	at net.minecraftforge.client.model.ModelLoader.access$1100(ModelLoader.java:118) ~[ModelLoader.class:?]
	at net.minecraftforge.client.model.ModelLoader$VanillaLoader.loadModel(ModelLoader.java:879) ~[ModelLoader$VanillaLoader.class:?]
	at net.minecraftforge.client.model.ModelLoaderRegistry.getModel(ModelLoaderRegistry.java:149) ~[ModelLoaderRegistry.class:?]
	... 14 more
[10:21:54] [Client thread/ERROR]: Exception loading model for variant omlib:fake_sword#inventory, blockstate location exception: 
net.minecraftforge.client.model.ModelLoaderRegistry$LoaderException: Exception loading model omlib:fake_sword#inventory with loader VariantLoader.INSTANCE, skipping
	at net.minecraftforge.client.model.ModelLoaderRegistry.getModel(ModelLoaderRegistry.java:153) ~[ModelLoaderRegistry.class:?]
	at net.minecraftforge.client.model.ModelLoader.func_177590_d(ModelLoader.java:336) ~[ModelLoader.class:?]
	at net.minecraft.client.renderer.block.model.ModelBakery.func_177577_b(ModelBakery.java:170) ~[byo.class:?]
	at net.minecraftforge.client.model.ModelLoader.func_177570_a(ModelLoader.java:72) ~[ModelLoader.class:?]
	at net.minecraft.client.renderer.block.model.ModelManager.func_110549_a(ModelManager.java:28) [byp.class:?]
	at net.minecraft.client.resources.SimpleReloadableResourceManager.func_110542_a(SimpleReloadableResourceManager.java:122) [bxi.class:?]
	at net.minecraft.client.Minecraft.func_71384_a(Minecraft.java:499) [bcx.class:?]
	at net.minecraft.client.Minecraft.func_99999_d(Minecraft.java:351) [bcx.class:?]
	at net.minecraft.client.main.Main.main(SourceFile:124) [Main.class:?]
	at sun.reflect.NativeMethodAccessorImpl.invoke0(Native Method) ~[?:1.8.0_51]
	at sun.reflect.NativeMethodAccessorImpl.invoke(NativeMethodAccessorImpl.java:62) ~[?:1.8.0_51]
	at sun.reflect.DelegatingMethodAccessorImpl.invoke(DelegatingMethodAccessorImpl.java:43) ~[?:1.8.0_51]
	at java.lang.reflect.Method.invoke(Method.java:497) ~[?:1.8.0_51]
	at net.minecraft.launchwrapper.Launch.launch(Launch.java:135) [launchwrapper-1.12.jar:?]
	at net.minecraft.launchwrapper.Launch.main(Launch.java:28) [launchwrapper-1.12.jar:?]
Caused by: net.minecraft.client.renderer.block.model.ModelBlockDefinition$MissingVariantException
	at net.minecraft.client.renderer.block.model.ModelBlockDefinition.func_188004_c(ModelBlockDefinition.java:78) ~[bpe.class:?]
	at net.minecraftforge.client.model.ModelLoader$VariantLoader.loadModel(ModelLoader.java:1195) ~[ModelLoader$VariantLoader.class:?]
	at net.minecraftforge.client.model.ModelLoaderRegistry.getModel(ModelLoaderRegistry.java:149) ~[ModelLoaderRegistry.class:?]
	... 14 more
[10:21:54] [Client thread/ERROR]: Exception loading model for variant avaritia:infinity_bow#inventory, normal location exception: 
net.minecraftforge.client.model.ModelLoaderRegistry$LoaderException: Exception loading model avaritia:item/infinity_bow with loader VanillaLoader.INSTANCE, skipping
	at net.minecraftforge.client.model.ModelLoaderRegistry.getModel(ModelLoaderRegistry.java:153) ~[ModelLoaderRegistry.class:?]
	at net.minecraftforge.client.model.ModelLoader.func_177590_d(ModelLoader.java:328) ~[ModelLoader.class:?]
	at net.minecraft.client.renderer.block.model.ModelBakery.func_177577_b(ModelBakery.java:170) ~[byo.class:?]
	at net.minecraftforge.client.model.ModelLoader.func_177570_a(ModelLoader.java:72) ~[ModelLoader.class:?]
	at net.minecraft.client.renderer.block.model.ModelManager.func_110549_a(ModelManager.java:28) [byp.class:?]
	at net.minecraft.client.resources.SimpleReloadableResourceManager.func_110542_a(SimpleReloadableResourceManager.java:122) [bxi.class:?]
	at net.minecraft.client.Minecraft.func_71384_a(Minecraft.java:499) [bcx.class:?]
	at net.minecraft.client.Minecraft.func_99999_d(Minecraft.java:351) [bcx.class:?]
	at net.minecraft.client.main.Main.main(SourceFile:124) [Main.class:?]
	at sun.reflect.NativeMethodAccessorImpl.invoke0(Native Method) ~[?:1.8.0_51]
	at sun.reflect.NativeMethodAccessorImpl.invoke(NativeMethodAccessorImpl.java:62) ~[?:1.8.0_51]
	at sun.reflect.DelegatingMethodAccessorImpl.invoke(DelegatingMethodAccessorImpl.java:43) ~[?:1.8.0_51]
	at java.lang.reflect.Method.invoke(Method.java:497) ~[?:1.8.0_51]
	at net.minecraft.launchwrapper.Launch.launch(Launch.java:135) [launchwrapper-1.12.jar:?]
	at net.minecraft.launchwrapper.Launch.main(Launch.java:28) [launchwrapper-1.12.jar:?]
Caused by: java.io.FileNotFoundException: avaritia:models/item/infinity_bow.json
	at net.minecraft.client.resources.FallbackResourceManager.func_110536_a(FallbackResourceManager.java:68) ~[bww.class:?]
	at net.minecraft.client.resources.SimpleReloadableResourceManager.func_110536_a(SimpleReloadableResourceManager.java:65) ~[bxi.class:?]
	at net.minecraft.client.renderer.block.model.ModelBakery.func_177594_c(ModelBakery.java:311) ~[byo.class:?]
	at net.minecraftforge.client.model.ModelLoader.access$1100(ModelLoader.java:118) ~[ModelLoader.class:?]
	at net.minecraftforge.client.model.ModelLoader$VanillaLoader.loadModel(ModelLoader.java:879) ~[ModelLoader$VanillaLoader.class:?]
	at net.minecraftforge.client.model.ModelLoaderRegistry.getModel(ModelLoaderRegistry.java:149) ~[ModelLoaderRegistry.class:?]
	... 14 more
[10:21:54] [Client thread/ERROR]: Exception loading model for variant avaritia:infinity_bow#inventory, blockstate location exception: 
net.minecraftforge.client.model.ModelLoaderRegistry$LoaderException: Exception loading model avaritia:infinity_bow#inventory with loader VariantLoader.INSTANCE, skipping
	at net.minecraftforge.client.model.ModelLoaderRegistry.getModel(ModelLoaderRegistry.java:153) ~[ModelLoaderRegistry.class:?]
	at net.minecraftforge.client.model.ModelLoader.func_177590_d(ModelLoader.java:336) ~[ModelLoader.class:?]
	at net.minecraft.client.renderer.block.model.ModelBakery.func_177577_b(ModelBakery.java:170) ~[byo.class:?]
	at net.minecraftforge.client.model.ModelLoader.func_177570_a(ModelLoader.java:72) ~[ModelLoader.class:?]
	at net.minecraft.client.renderer.block.model.ModelManager.func_110549_a(ModelManager.java:28) [byp.class:?]
	at net.minecraft.client.resources.SimpleReloadableResourceManager.func_110542_a(SimpleReloadableResourceManager.java:122) [bxi.class:?]
	at net.minecraft.client.Minecraft.func_71384_a(Minecraft.java:499) [bcx.class:?]
	at net.minecraft.client.Minecraft.func_99999_d(Minecraft.java:351) [bcx.class:?]
	at net.minecraft.client.main.Main.main(SourceFile:124) [Main.class:?]
	at sun.reflect.NativeMethodAccessorImpl.invoke0(Native Method) ~[?:1.8.0_51]
	at sun.reflect.NativeMethodAccessorImpl.invoke(NativeMethodAccessorImpl.java:62) ~[?:1.8.0_51]
	at sun.reflect.DelegatingMethodAccessorImpl.invoke(DelegatingMethodAccessorImpl.java:43) ~[?:1.8.0_51]
	at java.lang.reflect.Method.invoke(Method.java:497) ~[?:1.8.0_51]
	at net.minecraft.launchwrapper.Launch.launch(Launch.java:135) [launchwrapper-1.12.jar:?]
	at net.minecraft.launchwrapper.Launch.main(Launch.java:28) [launchwrapper-1.12.jar:?]
Caused by: net.minecraft.client.renderer.block.model.ModelBlockDefinition$MissingVariantException
	at net.minecraft.client.renderer.block.model.ModelBlockDefinition.func_188004_c(ModelBlockDefinition.java:78) ~[bpe.class:?]
	at net.minecraftforge.client.model.ModelLoader$VariantLoader.loadModel(ModelLoader.java:1195) ~[ModelLoader$VariantLoader.class:?]
	at net.minecraftforge.client.model.ModelLoaderRegistry.getModel(ModelLoaderRegistry.java:149) ~[ModelLoaderRegistry.class:?]
	... 14 more
[10:21:54] [Client thread/ERROR]: Exception loading model for variant tinkersaddons:modifier_item#inventory, normal location exception: 
net.minecraftforge.client.model.ModelLoaderRegistry$LoaderException: Exception loading model tinkersaddons:item/modifier_item with loader VanillaLoader.INSTANCE, skipping
	at net.minecraftforge.client.model.ModelLoaderRegistry.getModel(ModelLoaderRegistry.java:153) ~[ModelLoaderRegistry.class:?]
	at net.minecraftforge.client.model.ModelLoader.func_177590_d(ModelLoader.java:328) ~[ModelLoader.class:?]
	at net.minecraft.client.renderer.block.model.ModelBakery.func_177577_b(ModelBakery.java:170) ~[byo.class:?]
	at net.minecraftforge.client.model.ModelLoader.func_177570_a(ModelLoader.java:72) ~[ModelLoader.class:?]
	at net.minecraft.client.renderer.block.model.ModelManager.func_110549_a(ModelManager.java:28) [byp.class:?]
	at net.minecraft.client.resources.SimpleReloadableResourceManager.func_110542_a(SimpleReloadableResourceManager.java:122) [bxi.class:?]
	at net.minecraft.client.Minecraft.func_71384_a(Minecraft.java:499) [bcx.class:?]
	at net.minecraft.client.Minecraft.func_99999_d(Minecraft.java:351) [bcx.class:?]
	at net.minecraft.client.main.Main.main(SourceFile:124) [Main.class:?]
	at sun.reflect.NativeMethodAccessorImpl.invoke0(Native Method) ~[?:1.8.0_51]
	at sun.reflect.NativeMethodAccessorImpl.invoke(NativeMethodAccessorImpl.java:62) ~[?:1.8.0_51]
	at sun.reflect.DelegatingMethodAccessorImpl.invoke(DelegatingMethodAccessorImpl.java:43) ~[?:1.8.0_51]
	at java.lang.reflect.Method.invoke(Method.java:497) ~[?:1.8.0_51]
	at net.minecraft.launchwrapper.Launch.launch(Launch.java:135) [launchwrapper-1.12.jar:?]
	at net.minecraft.launchwrapper.Launch.main(Launch.java:28) [launchwrapper-1.12.jar:?]
Caused by: java.io.FileNotFoundException: tinkersaddons:models/item/modifier_item.json
	at net.minecraft.client.resources.FallbackResourceManager.func_110536_a(FallbackResourceManager.java:68) ~[bww.class:?]
	at net.minecraft.client.resources.SimpleReloadableResourceManager.func_110536_a(SimpleReloadableResourceManager.java:65) ~[bxi.class:?]
	at net.minecraft.client.renderer.block.model.ModelBakery.func_177594_c(ModelBakery.java:311) ~[byo.class:?]
	at net.minecraftforge.client.model.ModelLoader.access$1100(ModelLoader.java:118) ~[ModelLoader.class:?]
	at net.minecraftforge.client.model.ModelLoader$VanillaLoader.loadModel(ModelLoader.java:879) ~[ModelLoader$VanillaLoader.class:?]
	at net.minecraftforge.client.model.ModelLoaderRegistry.getModel(ModelLoaderRegistry.java:149) ~[ModelLoaderRegistry.class:?]
	... 14 more
[10:21:54] [Client thread/ERROR]: Exception loading model for variant tinkersaddons:modifier_item#inventory, blockstate location exception: 
net.minecraftforge.client.model.ModelLoaderRegistry$LoaderException: Exception loading model tinkersaddons:modifier_item#inventory with loader VariantLoader.INSTANCE, skipping
	at net.minecraftforge.client.model.ModelLoaderRegistry.getModel(ModelLoaderRegistry.java:153) ~[ModelLoaderRegistry.class:?]
	at net.minecraftforge.client.model.ModelLoader.func_177590_d(ModelLoader.java:336) ~[ModelLoader.class:?]
	at net.minecraft.client.renderer.block.model.ModelBakery.func_177577_b(ModelBakery.java:170) ~[byo.class:?]
	at net.minecraftforge.client.model.ModelLoader.func_177570_a(ModelLoader.java:72) ~[ModelLoader.class:?]
	at net.minecraft.client.renderer.block.model.ModelManager.func_110549_a(ModelManager.java:28) [byp.class:?]
	at net.minecraft.client.resources.SimpleReloadableResourceManager.func_110542_a(SimpleReloadableResourceManager.java:122) [bxi.class:?]
	at net.minecraft.client.Minecraft.func_71384_a(Minecraft.java:499) [bcx.class:?]
	at net.minecraft.client.Minecraft.func_99999_d(Minecraft.java:351) [bcx.class:?]
	at net.minecraft.client.main.Main.main(SourceFile:124) [Main.class:?]
	at sun.reflect.NativeMethodAccessorImpl.invoke0(Native Method) ~[?:1.8.0_51]
	at sun.reflect.NativeMethodAccessorImpl.invoke(NativeMethodAccessorImpl.java:62) ~[?:1.8.0_51]
	at sun.reflect.DelegatingMethodAccessorImpl.invoke(DelegatingMethodAccessorImpl.java:43) ~[?:1.8.0_51]
	at java.lang.reflect.Method.invoke(Method.java:497) ~[?:1.8.0_51]
	at net.minecraft.launchwrapper.Launch.launch(Launch.java:135) [launchwrapper-1.12.jar:?]
	at net.minecraft.launchwrapper.Launch.main(Launch.java:28) [launchwrapper-1.12.jar:?]
Caused by: net.minecraft.client.renderer.block.model.ModelBlockDefinition$MissingVariantException
	at net.minecraft.client.renderer.block.model.ModelBlockDefinition.func_188004_c(ModelBlockDefinition.java:78) ~[bpe.class:?]
	at net.minecraftforge.client.model.ModelLoader$VariantLoader.loadModel(ModelLoader.java:1195) ~[ModelLoader$VariantLoader.class:?]
	at net.minecraftforge.client.model.ModelLoaderRegistry.getModel(ModelLoaderRegistry.java:149) ~[ModelLoaderRegistry.class:?]
	... 14 more
[10:21:54] [Client thread/ERROR]: Exception loading model for variant tconstruct:fluid_block#quartzenrichediron
net.minecraftforge.client.model.ModelLoaderRegistry$LoaderException: Exception loading model tconstruct:fluid_block#quartzenrichediron with loader VariantLoader.INSTANCE, skipping
	at net.minecraftforge.client.model.ModelLoaderRegistry.getModel(ModelLoaderRegistry.java:153) ~[ModelLoaderRegistry.class:?]
	at net.minecraftforge.client.model.ModelLoader.func_177569_a(ModelLoader.java:252) ~[ModelLoader.class:?]
	at net.minecraft.client.renderer.block.model.ModelBakery.loadBlock(ModelBakery.java:145) ~[byo.class:?]
	at net.minecraftforge.client.model.ModelLoader.func_188640_b(ModelLoader.java:240) ~[ModelLoader.class:?]
	at net.minecraftforge.client.model.ModelLoader.func_177570_a(ModelLoader.java:71) ~[ModelLoader.class:?]
	at net.minecraft.client.renderer.block.model.ModelManager.func_110549_a(ModelManager.java:28) [byp.class:?]
	at net.minecraft.client.resources.SimpleReloadableResourceManager.func_110542_a(SimpleReloadableResourceManager.java:122) [bxi.class:?]
	at net.minecraft.client.Minecraft.func_71384_a(Minecraft.java:499) [bcx.class:?]
	at net.minecraft.client.Minecraft.func_99999_d(Minecraft.java:351) [bcx.class:?]
	at net.minecraft.client.main.Main.main(SourceFile:124) [Main.class:?]
	at sun.reflect.NativeMethodAccessorImpl.invoke0(Native Method) ~[?:1.8.0_51]
	at sun.reflect.NativeMethodAccessorImpl.invoke(NativeMethodAccessorImpl.java:62) ~[?:1.8.0_51]
	at sun.reflect.DelegatingMethodAccessorImpl.invoke(DelegatingMethodAccessorImpl.java:43) ~[?:1.8.0_51]
	at java.lang.reflect.Method.invoke(Method.java:497) ~[?:1.8.0_51]
	at net.minecraft.launchwrapper.Launch.launch(Launch.java:135) [launchwrapper-1.12.jar:?]
	at net.minecraft.launchwrapper.Launch.main(Launch.java:28) [launchwrapper-1.12.jar:?]
Caused by: net.minecraft.client.renderer.block.model.ModelBlockDefinition$MissingVariantException
	at net.minecraft.client.renderer.block.model.ModelBlockDefinition.func_188004_c(ModelBlockDefinition.java:78) ~[bpe.class:?]
	at net.minecraftforge.client.model.ModelLoader$VariantLoader.loadModel(ModelLoader.java:1195) ~[ModelLoader$VariantLoader.class:?]
	at net.minecraftforge.client.model.ModelLoaderRegistry.getModel(ModelLoaderRegistry.java:149) ~[ModelLoaderRegistry.class:?]
	... 15 more
[10:21:54] [Client thread/ERROR]: Exception loading model for variant avaritia:infinity_sword#inventory, normal location exception: 
net.minecraftforge.client.model.ModelLoaderRegistry$LoaderException: Exception loading model avaritia:item/infinity_sword with loader VanillaLoader.INSTANCE, skipping
	at net.minecraftforge.client.model.ModelLoaderRegistry.getModel(ModelLoaderRegistry.java:153) ~[ModelLoaderRegistry.class:?]
	at net.minecraftforge.client.model.ModelLoader.func_177590_d(ModelLoader.java:328) ~[ModelLoader.class:?]
	at net.minecraft.client.renderer.block.model.ModelBakery.func_177577_b(ModelBakery.java:170) ~[byo.class:?]
	at net.minecraftforge.client.model.ModelLoader.func_177570_a(ModelLoader.java:72) ~[ModelLoader.class:?]
	at net.minecraft.client.renderer.block.model.ModelManager.func_110549_a(ModelManager.java:28) [byp.class:?]
	at net.minecraft.client.resources.SimpleReloadableResourceManager.func_110542_a(SimpleReloadableResourceManager.java:122) [bxi.class:?]
	at net.minecraft.client.Minecraft.func_71384_a(Minecraft.java:499) [bcx.class:?]
	at net.minecraft.client.Minecraft.func_99999_d(Minecraft.java:351) [bcx.class:?]
	at net.minecraft.client.main.Main.main(SourceFile:124) [Main.class:?]
	at sun.reflect.NativeMethodAccessorImpl.invoke0(Native Method) ~[?:1.8.0_51]
	at sun.reflect.NativeMethodAccessorImpl.invoke(NativeMethodAccessorImpl.java:62) ~[?:1.8.0_51]
	at sun.reflect.DelegatingMethodAccessorImpl.invoke(DelegatingMethodAccessorImpl.java:43) ~[?:1.8.0_51]
	at java.lang.reflect.Method.invoke(Method.java:497) ~[?:1.8.0_51]
	at net.minecraft.launchwrapper.Launch.launch(Launch.java:135) [launchwrapper-1.12.jar:?]
	at net.minecraft.launchwrapper.Launch.main(Launch.java:28) [launchwrapper-1.12.jar:?]
Caused by: java.io.FileNotFoundException: avaritia:models/item/infinity_sword.json
	at net.minecraft.client.resources.FallbackResourceManager.func_110536_a(FallbackResourceManager.java:68) ~[bww.class:?]
	at net.minecraft.client.resources.SimpleReloadableResourceManager.func_110536_a(SimpleReloadableResourceManager.java:65) ~[bxi.class:?]
	at net.minecraft.client.renderer.block.model.ModelBakery.func_177594_c(ModelBakery.java:311) ~[byo.class:?]
	at net.minecraftforge.client.model.ModelLoader.access$1100(ModelLoader.java:118) ~[ModelLoader.class:?]
	at net.minecraftforge.client.model.ModelLoader$VanillaLoader.loadModel(ModelLoader.java:879) ~[ModelLoader$VanillaLoader.class:?]
	at net.minecraftforge.client.model.ModelLoaderRegistry.getModel(ModelLoaderRegistry.java:149) ~[ModelLoaderRegistry.class:?]
	... 14 more
[10:21:54] [Client thread/ERROR]: Exception loading model for variant avaritia:infinity_sword#inventory, blockstate location exception: 
net.minecraftforge.client.model.ModelLoaderRegistry$LoaderException: Exception loading model avaritia:infinity_sword#inventory with loader VariantLoader.INSTANCE, skipping
	at net.minecraftforge.client.model.ModelLoaderRegistry.getModel(ModelLoaderRegistry.java:153) ~[ModelLoaderRegistry.class:?]
	at net.minecraftforge.client.model.ModelLoader.func_177590_d(ModelLoader.java:336) ~[ModelLoader.class:?]
	at net.minecraft.client.renderer.block.model.ModelBakery.func_177577_b(ModelBakery.java:170) ~[byo.class:?]
	at net.minecraftforge.client.model.ModelLoader.func_177570_a(ModelLoader.java:72) ~[ModelLoader.class:?]
	at net.minecraft.client.renderer.block.model.ModelManager.func_110549_a(ModelManager.java:28) [byp.class:?]
	at net.minecraft.client.resources.SimpleReloadableResourceManager.func_110542_a(SimpleReloadableResourceManager.java:122) [bxi.class:?]
	at net.minecraft.client.Minecraft.func_71384_a(Minecraft.java:499) [bcx.class:?]
	at net.minecraft.client.Minecraft.func_99999_d(Minecraft.java:351) [bcx.class:?]
	at net.minecraft.client.main.Main.main(SourceFile:124) [Main.class:?]
	at sun.reflect.NativeMethodAccessorImpl.invoke0(Native Method) ~[?:1.8.0_51]
	at sun.reflect.NativeMethodAccessorImpl.invoke(NativeMethodAccessorImpl.java:62) ~[?:1.8.0_51]
	at sun.reflect.DelegatingMethodAccessorImpl.invoke(DelegatingMethodAccessorImpl.java:43) ~[?:1.8.0_51]
	at java.lang.reflect.Method.invoke(Method.java:497) ~[?:1.8.0_51]
	at net.minecraft.launchwrapper.Launch.launch(Launch.java:135) [launchwrapper-1.12.jar:?]
	at net.minecraft.launchwrapper.Launch.main(Launch.java:28) [launchwrapper-1.12.jar:?]
Caused by: net.minecraft.client.renderer.block.model.ModelBlockDefinition$MissingVariantException
	at net.minecraft.client.renderer.block.model.ModelBlockDefinition.func_188004_c(ModelBlockDefinition.java:78) ~[bpe.class:?]
	at net.minecraftforge.client.model.ModelLoader$VariantLoader.loadModel(ModelLoader.java:1195) ~[ModelLoader$VariantLoader.class:?]
	at net.minecraftforge.client.model.ModelLoaderRegistry.getModel(ModelLoaderRegistry.java:149) ~[ModelLoaderRegistry.class:?]
	... 14 more
[10:21:54] [Client thread/ERROR]: Exception loading model for variant avaritia:block_resource#inventory, normal location exception: 
net.minecraftforge.client.model.ModelLoaderRegistry$LoaderException: Exception loading model avaritia:item/block_resource with loader VanillaLoader.INSTANCE, skipping
	at net.minecraftforge.client.model.ModelLoaderRegistry.getModel(ModelLoaderRegistry.java:153) ~[ModelLoaderRegistry.class:?]
	at net.minecraftforge.client.model.ModelLoader.func_177590_d(ModelLoader.java:328) ~[ModelLoader.class:?]
	at net.minecraft.client.renderer.block.model.ModelBakery.func_177577_b(ModelBakery.java:170) ~[byo.class:?]
	at net.minecraftforge.client.model.ModelLoader.func_177570_a(ModelLoader.java:72) ~[ModelLoader.class:?]
	at net.minecraft.client.renderer.block.model.ModelManager.func_110549_a(ModelManager.java:28) [byp.class:?]
	at net.minecraft.client.resources.SimpleReloadableResourceManager.func_110542_a(SimpleReloadableResourceManager.java:122) [bxi.class:?]
	at net.minecraft.client.Minecraft.func_71384_a(Minecraft.java:499) [bcx.class:?]
	at net.minecraft.client.Minecraft.func_99999_d(Minecraft.java:351) [bcx.class:?]
	at net.minecraft.client.main.Main.main(SourceFile:124) [Main.class:?]
	at sun.reflect.NativeMethodAccessorImpl.invoke0(Native Method) ~[?:1.8.0_51]
	at sun.reflect.NativeMethodAccessorImpl.invoke(NativeMethodAccessorImpl.java:62) ~[?:1.8.0_51]
	at sun.reflect.DelegatingMethodAccessorImpl.invoke(DelegatingMethodAccessorImpl.java:43) ~[?:1.8.0_51]
	at java.lang.reflect.Method.invoke(Method.java:497) ~[?:1.8.0_51]
	at net.minecraft.launchwrapper.Launch.launch(Launch.java:135) [launchwrapper-1.12.jar:?]
	at net.minecraft.launchwrapper.Launch.main(Launch.java:28) [launchwrapper-1.12.jar:?]
Caused by: java.io.FileNotFoundException: avaritia:models/item/block_resource.json
	at net.minecraft.client.resources.FallbackResourceManager.func_110536_a(FallbackResourceManager.java:68) ~[bww.class:?]
	at net.minecraft.client.resources.SimpleReloadableResourceManager.func_110536_a(SimpleReloadableResourceManager.java:65) ~[bxi.class:?]
	at net.minecraft.client.renderer.block.model.ModelBakery.func_177594_c(ModelBakery.java:311) ~[byo.class:?]
	at net.minecraftforge.client.model.ModelLoader.access$1100(ModelLoader.java:118) ~[ModelLoader.class:?]
	at net.minecraftforge.client.model.ModelLoader$VanillaLoader.loadModel(ModelLoader.java:879) ~[ModelLoader$VanillaLoader.class:?]
	at net.minecraftforge.client.model.ModelLoaderRegistry.getModel(ModelLoaderRegistry.java:149) ~[ModelLoaderRegistry.class:?]
	... 14 more
[10:21:54] [Client thread/ERROR]: Exception loading model for variant avaritia:block_resource#inventory, blockstate location exception: 
net.minecraftforge.client.model.ModelLoaderRegistry$LoaderException: Exception loading model avaritia:block_resource#inventory with loader VariantLoader.INSTANCE, skipping
	at net.minecraftforge.client.model.ModelLoaderRegistry.getModel(ModelLoaderRegistry.java:153) ~[ModelLoaderRegistry.class:?]
	at net.minecraftforge.client.model.ModelLoader.func_177590_d(ModelLoader.java:336) ~[ModelLoader.class:?]
	at net.minecraft.client.renderer.block.model.ModelBakery.func_177577_b(ModelBakery.java:170) ~[byo.class:?]
	at net.minecraftforge.client.model.ModelLoader.func_177570_a(ModelLoader.java:72) ~[ModelLoader.class:?]
	at net.minecraft.client.renderer.block.model.ModelManager.func_110549_a(ModelManager.java:28) [byp.class:?]
	at net.minecraft.client.resources.SimpleReloadableResourceManager.func_110542_a(SimpleReloadableResourceManager.java:122) [bxi.class:?]
	at net.minecraft.client.Minecraft.func_71384_a(Minecraft.java:499) [bcx.class:?]
	at net.minecraft.client.Minecraft.func_99999_d(Minecraft.java:351) [bcx.class:?]
	at net.minecraft.client.main.Main.main(SourceFile:124) [Main.class:?]
	at sun.reflect.NativeMethodAccessorImpl.invoke0(Native Method) ~[?:1.8.0_51]
	at sun.reflect.NativeMethodAccessorImpl.invoke(NativeMethodAccessorImpl.java:62) ~[?:1.8.0_51]
	at sun.reflect.DelegatingMethodAccessorImpl.invoke(DelegatingMethodAccessorImpl.java:43) ~[?:1.8.0_51]
	at java.lang.reflect.Method.invoke(Method.java:497) ~[?:1.8.0_51]
	at net.minecraft.launchwrapper.Launch.launch(Launch.java:135) [launchwrapper-1.12.jar:?]
	at net.minecraft.launchwrapper.Launch.main(Launch.java:28) [launchwrapper-1.12.jar:?]
Caused by: net.minecraft.client.renderer.block.model.ModelBlockDefinition$MissingVariantException
	at net.minecraft.client.renderer.block.model.ModelBlockDefinition.func_188004_c(ModelBlockDefinition.java:78) ~[bpe.class:?]
	at net.minecraftforge.client.model.ModelLoader$VariantLoader.loadModel(ModelLoader.java:1195) ~[ModelLoader$VariantLoader.class:?]
	at net.minecraftforge.client.model.ModelLoaderRegistry.getModel(ModelLoaderRegistry.java:149) ~[ModelLoaderRegistry.class:?]
	... 14 more
[10:21:54] [Client thread/ERROR]: Suppressed additional 235 model loading errors for domain harvestcraft
[10:21:54] [Client thread/ERROR]: Suppressed additional 21 model loading errors for domain immersiveengineering
[10:21:54] [Client thread/ERROR]: Suppressed additional 97 model loading errors for domain extrautils2
[10:21:54] [Client thread/ERROR]: Suppressed additional 85 model loading errors for domain openmodularturrets
[10:21:54] [Client thread/ERROR]: Suppressed additional 1 model loading errors for domain storagedrawersextra
[10:21:55] [Client thread/INFO]: Finished Initialization.
[10:21:55] [Client thread/INFO]: Starting Initialization Phase...
[10:21:55] [Client thread/INFO]: Initializing OreDictionary Entries...
[10:21:55] [Client thread/INFO]: Initializing Achievements...
[10:21:55] [Client thread/INFO]: Initializing GuiHandler...
[10:21:55] [Client thread/INFO]: Registering World Generator...
[10:21:55] [Client thread/INFO]: Registering TileEntities...
[10:21:55] [Client thread/INFO]: Initializing Crafting Recipes...
[10:21:55] [Client thread/INFO]: Initializing Entities...
[10:21:55] [Client thread/INFO]: Initializing ClientProxy...
[10:21:55] [Client thread/INFO]: Initialization Finished.
[10:21:55] [Aroma1997Core-InitThread/ERROR]: Failed to initialize Client Stuff.
java.net.UnknownHostException: a.aroma1997.org
	at java.net.AbstractPlainSocketImpl.connect(AbstractPlainSocketImpl.java:184) ~[?:1.8.0_51]
	at java.net.PlainSocketImpl.connect(PlainSocketImpl.java:172) ~[?:1.8.0_51]
	at java.net.SocksSocketImpl.connect(SocksSocketImpl.java:392) ~[?:1.8.0_51]
	at java.net.Socket.connect(Socket.java:589) ~[?:1.8.0_51]
	at java.net.Socket.connect(Socket.java:538) ~[?:1.8.0_51]
	at sun.net.NetworkClient.doConnect(NetworkClient.java:180) ~[?:1.8.0_51]
	at sun.net.www.http.HttpClient.openServer(HttpClient.java:432) ~[?:1.8.0_51]
	at sun.net.www.http.HttpClient.openServer(HttpClient.java:527) ~[?:1.8.0_51]
	at sun.net.www.http.HttpClient.<init>(HttpClient.java:211) ~[?:1.8.0_51]
	at sun.net.www.http.HttpClient.New(HttpClient.java:308) ~[?:1.8.0_51]
	at sun.net.www.http.HttpClient.New(HttpClient.java:326) ~[?:1.8.0_51]
	at sun.net.www.protocol.http.HttpURLConnection.getNewHttpClient(HttpURLConnection.java:1168) ~[?:1.8.0_51]
	at sun.net.www.protocol.http.HttpURLConnection.plainConnect0(HttpURLConnection.java:1104) ~[?:1.8.0_51]
	at sun.net.www.protocol.http.HttpURLConnection$6.run(HttpURLConnection.java:988) ~[?:1.8.0_51]
	at sun.net.www.protocol.http.HttpURLConnection$6.run(HttpURLConnection.java:986) ~[?:1.8.0_51]
	at java.security.AccessController.doPrivileged(Native Method) ~[?:1.8.0_51]
	at java.security.AccessController.doPrivileged(AccessController.java:713) ~[?:1.8.0_51]
	at sun.net.www.protocol.http.HttpURLConnection.plainConnect(HttpURLConnection.java:985) ~[?:1.8.0_51]
	at sun.net.www.protocol.http.HttpURLConnection.connect(HttpURLConnection.java:932) ~[?:1.8.0_51]
	at sun.net.www.protocol.http.HttpURLConnection.getInputStream0(HttpURLConnection.java:1512) ~[?:1.8.0_51]
	at sun.net.www.protocol.http.HttpURLConnection.access$200(HttpURLConnection.java:90) ~[?:1.8.0_51]
	at sun.net.www.protocol.http.HttpURLConnection$9.run(HttpURLConnection.java:1432) ~[?:1.8.0_51]
	at sun.net.www.protocol.http.HttpURLConnection$9.run(HttpURLConnection.java:1430) ~[?:1.8.0_51]
	at java.security.AccessController.doPrivileged(Native Method) ~[?:1.8.0_51]
	at java.security.AccessController.doPrivileged(AccessController.java:713) ~[?:1.8.0_51]
	at sun.net.www.protocol.http.HttpURLConnection.getInputStream(HttpURLConnection.java:1429) ~[?:1.8.0_51]
	at java.net.URL.openStream(URL.java:1038) ~[?:1.8.0_51]
	at aroma1997.core.client.MiscStuff.load(MiscStuff.java:28) [MiscStuff.class:?]
	at aroma1997.core.client.MiscStuff.access$100(MiscStuff.java:17) [MiscStuff.class:?]
	at aroma1997.core.client.MiscStuff$Load.run(MiscStuff.java:79) [MiscStuff$Load.class:?]
	at java.lang.Thread.run(Thread.java:745) [?:1.8.0_51]
[10:21:55] [Client thread/WARN]: Error blackListing biome id "104", a biome with that ID does not exist!
[10:21:55] [Client thread/WARN]: Error registering high pressure biome id "109", a biome with that ID does not exist!
[10:21:55] [Client thread/WARN]: Error registering high pressure biome id "107", a biome with that ID does not exist!
[10:21:55] [Client thread/WARN]: Error registering single biome id "109", a biome with that ID does not exist!
[10:21:55] [Client thread/WARN]: Error registering single biome id "108", a biome with that ID does not exist!
[10:21:55] [Client thread/WARN]: Error registering single biome id "104", a biome with that ID does not exist!
[10:21:55] [Client thread/INFO]: Overwriting recipe true
[10:21:55] [Client thread/INFO]: Overwriting recipe true
[10:21:55] [Client thread/INFO]: Overwriting recipe true
[10:21:55] [Client thread/INFO]: Overwriting recipe true
[10:21:55] [Client thread/INFO]: Initialization ( started )
[10:21:55] [Client thread/INFO]: Starting AE2 CSV Export
[10:21:55] [AE2 CSV Export/INFO]: Cache is enabled. Checking for new mod configurations.
[10:21:55] [AE2 CSV Export/INFO]: Same mod configuration was found. Not updating CSV content.
[10:21:55] [Client thread/WARN]: Recipe Error 'Invalid crafting type: grindfz' near line:1 in processing/factorization.recipe with: [ae2:material.FluixCrystal, ->, ae2:material.FluixDust]
[10:21:55] [Client thread/WARN]: Recipe Error 'Invalid crafting type: grindfz' near line:2 in processing/factorization.recipe with: [ae2:sky_stone_block:0, ->, ae2:material.SkyDust]
[10:21:55] [Client thread/WARN]: Recipe Error 'Invalid crafting type: grindfz' near line:4 in processing/factorization.recipe with: [mc:ender_pearl, ->, ae2:material.EnderDust]
[10:21:55] [Client thread/WARN]: Recipe Error 'Invalid crafting type: grindfz' near line:5 in processing/factorization.recipe with: [ae2:material.CertusQuartzCrystalCharged, ->, ae2:material.CertusQuartzDust]
[10:21:55] [Client thread/WARN]: Recipe Error 'Invalid crafting type: grindfz' near line:7 in processing/factorization.recipe with: [ae2:material.CertusQuartzCrystal, ->, ae2:material.CertusQuartzDust]
[10:21:55] [Client thread/WARN]: Recipe Error 'Invalid crafting type: grindfz' near line:8 in processing/factorization.recipe with: [ae2:quartz_ore, ->, 2, ae2:material.CertusQuartzDust]
[10:21:55] [Client thread/WARN]: Recipe Error 'Invalid crafting type: grindfz' near line:9 in processing/factorization.recipe with: [ae2:charged_quartz_ore, ->, 2, ae2:material.CertusQuartzDust]
[10:21:56] [Client thread/WARN]: Unable to register a recipe:Unable to find item: appliedenergistics2:material.WoodenGear:0
[10:21:56] [Client thread/WARN]: Unable to register a recipe:Unable to find item: appliedenergistics2:material.IronNugget:0
[10:21:56] [Client thread/WARN]: Unable to register a recipe:Unable to find item: appliedenergistics2:material.EnderDust:0
[10:21:56] [Client thread/WARN]: Unable to register a recipe:Unable to find item: appliedenergistics2:material.Flour:0
[10:21:56] [Client thread/WARN]: Unable to register a recipe:Unable to find item: appliedenergistics2:material.EnderDust:0
[10:21:56] [Client thread/WARN]: Unable to register a recipe:Unable to find item: appliedenergistics2:material.EnderDust:0
[10:21:56] [Client thread/WARN]: Unable to register a recipe:Unable to find item: appliedenergistics2:material.Flour:0
[10:21:56] [Client thread/WARN]: Unable to register a recipe:Unable to find item: appliedenergistics2:material.EnderDust:0
[10:21:56] [Client thread/WARN]: Unable to register a recipe:Unable to find item: appliedenergistics2:material.Flour:0
[10:21:56] [Client thread/WARN]: Unable to register a recipe:Unable to find item: appliedenergistics2:material.GoldDust:0
[10:21:56] [Client thread/WARN]: Unable to register a recipe:Unable to find item: appliedenergistics2:material.IronDust:0
[10:21:56] [Client thread/WARN]: Unable to register a recipe:Unable to find item: appliedenergistics2:material.Flour:0
[10:21:56] [Client thread/WARN]: Unable to register a recipe:Unable to find item: appliedenergistics2:material.Silicon:0
[10:21:56] [Client thread/WARN]: Unable to register a recipe:Unable to find item: appliedenergistics2:material.Silicon:0
[10:21:56] [Client thread/INFO]: Recipes Loading: Pulverizer: 7 loaded.
[10:21:56] [Client thread/INFO]: Recipes Loading: OreRegistration: 16 loaded.
[10:21:56] [Client thread/INFO]: Recipes Loading: HCCrusher: 7 loaded.
[10:21:56] [Client thread/INFO]: Recipes Loading: MekEnrichment: 2 loaded.
[10:21:56] [Client thread/INFO]: Recipes Loading: Inscribe: 8 loaded.
[10:21:56] [Client thread/INFO]: Recipes Loading: Press: 3 loaded.
[10:21:56] [Client thread/INFO]: Recipes Loading: Shapeless: 56 loaded.
[10:21:56] [Client thread/INFO]: Recipes Loading: Crusher: 7 loaded.
[10:21:56] [Client thread/INFO]: Recipes Loading: Macerator: 7 loaded.
[10:21:56] [Client thread/INFO]: Recipes Loading: MekCrusher: 3 loaded.
[10:21:56] [Client thread/INFO]: Recipes Loading: Grind: 4 loaded.
[10:21:56] [Client thread/INFO]: Recipes Loading: Shaped: 210 loaded.
[10:21:56] [Client thread/INFO]: Recipes Loading: Smelt: 1 loaded.
[10:21:56] [Client thread/INFO]: Initialization ( ended after 532ms )
[10:21:56] [Client thread/INFO]: Adding delayed color handlers
[10:21:56] [Client thread/INFO]: Initialized network channel 'bdew.ae2stuff' for mod 'ae2stuff'
[10:21:56] [Client thread/INFO]: Postloading 0 modules.
[10:21:56] [Client thread/INFO]: Done postloading plugins.
[10:21:56] [Client thread/INFO]: Using Dimension Blacklist with  0 entries.
[10:21:56] [Client thread/INFO]: rawMeats: []
[10:21:56] [Client thread/INFO]: knownMeats: [1xitem.beefRaw@0, 1xitem.chickenRaw@0, 1xitem.porkchopRaw@0, 1xitem.rabbitRaw@0, 1xitem.fish@0]
[10:21:56] [Client thread/INFO]: Loading Default Recipes...
[10:21:56] [Client thread/INFO]: Finished Initialization
[10:21:57] [Client thread/INFO]: [stanhebben.zenscript.type.natives.JavaMethod:<init>:49]: All optionals need to be placed at the end of the method declaration: public static void betterwithmods.integration.minetweaker.Cauldron.add(minetweaker.api.item.IItemStack,minetweaker.api.item.IItemStack,minetweaker.api.item.IIngredient[])! Setting last parameters to optional
[10:21:57] [Client thread/INFO]: [stanhebben.zenscript.type.natives.JavaMethod:<init>:49]: All optionals need to be placed at the end of the method declaration: public static void betterwithmods.integration.minetweaker.StokedCauldron.add(minetweaker.api.item.IItemStack,minetweaker.api.item.IItemStack,minetweaker.api.item.IIngredient[])! Setting last parameters to optional
[10:21:57] [Client thread/INFO]: [stanhebben.zenscript.type.natives.JavaMethod:<init>:49]: All optionals need to be placed at the end of the method declaration: public static void betterwithmods.integration.minetweaker.Crucible.add(minetweaker.api.item.IItemStack,minetweaker.api.item.IItemStack,minetweaker.api.item.IIngredient[])! Setting last parameters to optional
[10:21:57] [Client thread/INFO]: [stanhebben.zenscript.type.natives.JavaMethod:<init>:49]: All optionals need to be placed at the end of the method declaration: public static void betterwithmods.integration.minetweaker.StokedCrucible.add(minetweaker.api.item.IItemStack,minetweaker.api.item.IItemStack,minetweaker.api.item.IIngredient[])! Setting last parameters to optional
[10:21:57] [Client thread/INFO]: [stanhebben.zenscript.type.natives.JavaMethod:<init>:49]: All optionals need to be placed at the end of the method declaration: public static void betterwithmods.integration.minetweaker.Mill.add(minetweaker.api.item.IItemStack,minetweaker.api.item.IItemStack,minetweaker.api.item.IIngredient[])! Setting last parameters to optional
[10:21:57] [Client thread/INFO]: [stanhebben.zenscript.type.natives.JavaMethod:<init>:49]: All optionals need to be placed at the end of the method declaration: public static void betterwithmods.integration.minetweaker.ChopRecipe.add(minetweaker.api.item.IItemStack,minetweaker.api.item.IItemStack,minetweaker.api.item.IItemStack,minetweaker.api.item.IIngredient)! Setting last parameters to optional
[10:21:57] [Client thread/INFO]: Starting init...
[10:21:57] [Client thread/INFO]: Loading recipes...
[10:21:57] [Client thread/INFO]: 71 Feature's recipes loaded.
[10:21:57] [Client thread/INFO]: Init finished.
[10:21:58] [Client thread/INFO]: Cyclops Core is outdated, version 0.10.9 can be found at http://bit.ly/2wQK6hq.
[10:21:58] [Client thread/INFO]: CommonCapabilities is outdated, version 1.3.4 can be found at http://bit.ly/2fejnXO.
[10:21:58] [Client thread/INFO]: Integrated Dynamics is up-to-date!
[10:21:59] [Client thread/INFO]: Integrated Tunnels is up-to-date!
[10:21:59] [Client thread/INFO]: Successfully loaded 326 out of 326 recipes for shaped recipes
[10:21:59] [Client thread/INFO]: Successfully loaded 73 out of 73 recipes for shapeless recipes
[10:21:59] [Client thread/INFO]: Successfully loaded 5 out of 5 recipes for blast furnace recipes
[10:21:59] [Client thread/INFO]: Successfully loaded 17 out of 17 recipes for block cutter recipes
[10:21:59] [Client thread/INFO]: Successfully loaded 48 out of 48 recipes for compressor recipes
[10:21:59] [Client thread/INFO]: Successfully loaded 12 out of 12 recipes for extractor recipes
[10:21:59] [Client thread/INFO]: Successfully loaded 74 out of 74 recipes for macerator recipes
[10:21:59] [Client thread/INFO]: Successfully loaded 5 out of 5 recipes for metal former cutting recipes
[10:21:59] [Client thread/INFO]: Successfully loaded 9 out of 9 recipes for metal former extruding recipes
[10:21:59] [Client thread/INFO]: Successfully loaded 14 out of 14 recipes for metal former rolling recipes
[10:21:59] [Client thread/INFO]: Successfully loaded 8 out of 8 recipes for ore washing recipes
[10:21:59] [Client thread/INFO]: Successfully loaded 25 out of 25 recipes for thermal centrifuge recipes
[10:21:59] [Client thread/INFO]: [Handlers] Registering handler FluidSpawnHandler to busses: [FORGE, FML]
[10:21:59] [Client thread/ERROR]: [Handlers] com.enderio.core.common.handlers.FluidSpawnHandler threw an error on load, skipping...
[10:21:59] [Client thread/INFO]: [com.enderio.core.common.Handlers:register:255]: java.lang.RuntimeException: Could not instantiate @Handler class com.enderio.core.common.handlers.FluidSpawnHandler or access INSTANCE field or instance() method.
[10:21:59] [Client thread/INFO]: [com.enderio.core.common.Handlers:register:255]: 	at com.enderio.core.common.Handlers.tryInit(Handlers.java:360)
[10:21:59] [Client thread/INFO]: [com.enderio.core.common.Handlers:register:255]: 	at com.enderio.core.common.Handlers.registerHandler(Handlers.java:292)
[10:21:59] [Client thread/INFO]: [com.enderio.core.common.Handlers:register:255]: 	at com.enderio.core.common.Handlers.register(Handlers.java:251)
[10:21:59] [Client thread/INFO]: [com.enderio.core.common.Handlers:register:255]: 	at com.enderio.core.EnderCore.init(EnderCore.java:130)
[10:21:59] [Client thread/INFO]: [com.enderio.core.common.Handlers:register:255]: 	at sun.reflect.NativeMethodAccessorImpl.invoke0(Native Method)
[10:21:59] [Client thread/INFO]: [com.enderio.core.common.Handlers:register:255]: 	at sun.reflect.NativeMethodAccessorImpl.invoke(NativeMethodAccessorImpl.java:62)
[10:21:59] [Client thread/INFO]: [com.enderio.core.common.Handlers:register:255]: 	at sun.reflect.DelegatingMethodAccessorImpl.invoke(DelegatingMethodAccessorImpl.java:43)
[10:21:59] [Client thread/INFO]: [com.enderio.core.common.Handlers:register:255]: 	at java.lang.reflect.Method.invoke(Method.java:497)
[10:21:59] [Client thread/INFO]: [com.enderio.core.common.Handlers:register:255]: 	at net.minecraftforge.fml.common.FMLModContainer.handleModStateEvent(FMLModContainer.java:616)
[10:21:59] [Client thread/INFO]: [com.enderio.core.common.Handlers:register:255]: 	at sun.reflect.GeneratedMethodAccessor2.invoke(Unknown Source)
[10:21:59] [Client thread/INFO]: [com.enderio.core.common.Handlers:register:255]: 	at sun.reflect.DelegatingMethodAccessorImpl.invoke(DelegatingMethodAccessorImpl.java:43)
[10:21:59] [Client thread/INFO]: [com.enderio.core.common.Handlers:register:255]: 	at java.lang.reflect.Method.invoke(Method.java:497)
[10:21:59] [Client thread/INFO]: [com.enderio.core.common.Handlers:register:255]: 	at com.google.common.eventbus.EventSubscriber.handleEvent(EventSubscriber.java:74)
[10:21:59] [Client thread/INFO]: [com.enderio.core.common.Handlers:register:255]: 	at com.google.common.eventbus.SynchronizedEventSubscriber.handleEvent(SynchronizedEventSubscriber.java:47)
[10:21:59] [Client thread/INFO]: [com.enderio.core.common.Handlers:register:255]: 	at com.google.common.eventbus.EventBus.dispatch(EventBus.java:322)
[10:21:59] [Client thread/INFO]: [com.enderio.core.common.Handlers:register:255]: 	at com.google.common.eventbus.EventBus.dispatchQueuedEvents(EventBus.java:304)
[10:21:59] [Client thread/INFO]: [com.enderio.core.common.Handlers:register:255]: 	at com.google.common.eventbus.EventBus.post(EventBus.java:275)
[10:21:59] [Client thread/INFO]: [com.enderio.core.common.Handlers:register:255]: 	at net.minecraftforge.fml.common.LoadController.sendEventToModContainer(LoadController.java:243)
[10:21:59] [Client thread/INFO]: [com.enderio.core.common.Handlers:register:255]: 	at net.minecraftforge.fml.common.LoadController.propogateStateMessage(LoadController.java:221)
[10:21:59] [Client thread/INFO]: [com.enderio.core.common.Handlers:register:255]: 	at sun.reflect.NativeMethodAccessorImpl.invoke0(Native Method)
[10:21:59] [Client thread/INFO]: [com.enderio.core.common.Handlers:register:255]: 	at sun.reflect.NativeMethodAccessorImpl.invoke(NativeMethodAccessorImpl.java:62)
[10:21:59] [Client thread/INFO]: [com.enderio.core.common.Handlers:register:255]: 	at sun.reflect.DelegatingMethodAccessorImpl.invoke(DelegatingMethodAccessorImpl.java:43)
[10:21:59] [Client thread/INFO]: [com.enderio.core.common.Handlers:register:255]: 	at java.lang.reflect.Method.invoke(Method.java:497)
[10:21:59] [Client thread/INFO]: [com.enderio.core.common.Handlers:register:255]: 	at com.google.common.eventbus.EventSubscriber.handleEvent(EventSubscriber.java:74)
[10:21:59] [Client thread/INFO]: [com.enderio.core.common.Handlers:register:255]: 	at com.google.common.eventbus.SynchronizedEventSubscriber.handleEvent(SynchronizedEventSubscriber.java:47)
[10:21:59] [Client thread/INFO]: [com.enderio.core.common.Handlers:register:255]: 	at com.google.common.eventbus.EventBus.dispatch(EventBus.java:322)
[10:21:59] [Client thread/INFO]: [com.enderio.core.common.Handlers:register:255]: 	at com.google.common.eventbus.EventBus.dispatchQueuedEvents(EventBus.java:304)
[10:21:59] [Client thread/INFO]: [com.enderio.core.common.Handlers:register:255]: 	at com.google.common.eventbus.EventBus.post(EventBus.java:275)
[10:21:59] [Client thread/INFO]: [com.enderio.core.common.Handlers:register:255]: 	at net.minecraftforge.fml.common.LoadController.distributeStateMessage(LoadController.java:145)
[10:21:59] [Client thread/INFO]: [com.enderio.core.common.Handlers:register:255]: 	at net.minecraftforge.fml.common.Loader.initializeMods(Loader.java:805)
[10:21:59] [Client thread/INFO]: [com.enderio.core.common.Handlers:register:255]: 	at net.minecraftforge.fml.client.FMLClientHandler.finishMinecraftLoading(FMLClientHandler.java:334)
[10:21:59] [Client thread/INFO]: [com.enderio.core.common.Handlers:register:255]: 	at net.minecraft.client.Minecraft.func_71384_a(Minecraft.java:520)
[10:21:59] [Client thread/INFO]: [com.enderio.core.common.Handlers:register:255]: 	at net.minecraft.client.Minecraft.func_99999_d(Minecraft.java:351)
[10:21:59] [Client thread/INFO]: [com.enderio.core.common.Handlers:register:255]: 	at net.minecraft.client.main.Main.main(SourceFile:124)
[10:21:59] [Client thread/INFO]: [com.enderio.core.common.Handlers:register:255]: 	at sun.reflect.NativeMethodAccessorImpl.invoke0(Native Method)
[10:21:59] [Client thread/INFO]: [com.enderio.core.common.Handlers:register:255]: 	at sun.reflect.NativeMethodAccessorImpl.invoke(NativeMethodAccessorImpl.java:62)
[10:21:59] [Client thread/INFO]: [com.enderio.core.common.Handlers:register:255]: 	at sun.reflect.DelegatingMethodAccessorImpl.invoke(DelegatingMethodAccessorImpl.java:43)
[10:21:59] [Client thread/INFO]: [com.enderio.core.common.Handlers:register:255]: 	at java.lang.reflect.Method.invoke(Method.java:497)
[10:21:59] [Client thread/INFO]: [com.enderio.core.common.Handlers:register:255]: 	at net.minecraft.launchwrapper.Launch.launch(Launch.java:135)
[10:21:59] [Client thread/INFO]: [com.enderio.core.common.Handlers:register:255]: 	at net.minecraft.launchwrapper.Launch.main(Launch.java:28)
[10:22:00] [Client thread/INFO]: [Handlers] Registering handler EnchantTooltipHandler to busses: [FORGE, FML]
[10:22:00] [Client thread/INFO]: [Handlers] Registering handler FireworkHandler to busses: [FORGE, FML]
[10:22:00] [Client thread/INFO]: [Handlers] Registering handler ClientHandler to busses: [FORGE, FML]
[10:22:00] [Client thread/INFO]: [Handlers] Registering handler FluidVisualsHandler to busses: [FORGE, FML]
[10:22:00] [Client thread/ERROR]: [Handlers] com.enderio.core.client.handlers.FluidVisualsHandler threw an error on load, skipping...
[10:22:00] [Client thread/INFO]: [com.enderio.core.common.Handlers:register:255]: java.lang.RuntimeException: Could not instantiate @Handler class com.enderio.core.client.handlers.FluidVisualsHandler or access INSTANCE field or instance() method.
[10:22:00] [Client thread/INFO]: [com.enderio.core.common.Handlers:register:255]: 	at com.enderio.core.common.Handlers.tryInit(Handlers.java:360)
[10:22:00] [Client thread/INFO]: [com.enderio.core.common.Handlers:register:255]: 	at com.enderio.core.common.Handlers.registerHandler(Handlers.java:292)
[10:22:00] [Client thread/INFO]: [com.enderio.core.common.Handlers:register:255]: 	at com.enderio.core.common.Handlers.register(Handlers.java:251)
[10:22:00] [Client thread/INFO]: [com.enderio.core.common.Handlers:register:255]: 	at com.enderio.core.EnderCore.init(EnderCore.java:130)
[10:22:00] [Client thread/INFO]: [com.enderio.core.common.Handlers:register:255]: 	at sun.reflect.NativeMethodAccessorImpl.invoke0(Native Method)
[10:22:00] [Client thread/INFO]: [com.enderio.core.common.Handlers:register:255]: 	at sun.reflect.NativeMethodAccessorImpl.invoke(NativeMethodAccessorImpl.java:62)
[10:22:00] [Client thread/INFO]: [com.enderio.core.common.Handlers:register:255]: 	at sun.reflect.DelegatingMethodAccessorImpl.invoke(DelegatingMethodAccessorImpl.java:43)
[10:22:00] [Client thread/INFO]: [com.enderio.core.common.Handlers:register:255]: 	at java.lang.reflect.Method.invoke(Method.java:497)
[10:22:00] [Client thread/INFO]: [com.enderio.core.common.Handlers:register:255]: 	at net.minecraftforge.fml.common.FMLModContainer.handleModStateEvent(FMLModContainer.java:616)
[10:22:00] [Client thread/INFO]: [com.enderio.core.common.Handlers:register:255]: 	at sun.reflect.GeneratedMethodAccessor2.invoke(Unknown Source)
[10:22:00] [Client thread/INFO]: [com.enderio.core.common.Handlers:register:255]: 	at sun.reflect.DelegatingMethodAccessorImpl.invoke(DelegatingMethodAccessorImpl.java:43)
[10:22:00] [Client thread/INFO]: [com.enderio.core.common.Handlers:register:255]: 	at java.lang.reflect.Method.invoke(Method.java:497)
[10:22:00] [Client thread/INFO]: [com.enderio.core.common.Handlers:register:255]: 	at com.google.common.eventbus.EventSubscriber.handleEvent(EventSubscriber.java:74)
[10:22:00] [Client thread/INFO]: [com.enderio.core.common.Handlers:register:255]: 	at com.google.common.eventbus.SynchronizedEventSubscriber.handleEvent(SynchronizedEventSubscriber.java:47)
[10:22:00] [Client thread/INFO]: [com.enderio.core.common.Handlers:register:255]: 	at com.google.common.eventbus.EventBus.dispatch(EventBus.java:322)
[10:22:00] [Client thread/INFO]: [com.enderio.core.common.Handlers:register:255]: 	at com.google.common.eventbus.EventBus.dispatchQueuedEvents(EventBus.java:304)
[10:22:00] [Client thread/INFO]: [com.enderio.core.common.Handlers:register:255]: 	at com.google.common.eventbus.EventBus.post(EventBus.java:275)
[10:22:00] [Client thread/INFO]: [com.enderio.core.common.Handlers:register:255]: 	at net.minecraftforge.fml.common.LoadController.sendEventToModContainer(LoadController.java:243)
[10:22:00] [Client thread/INFO]: [com.enderio.core.common.Handlers:register:255]: 	at net.minecraftforge.fml.common.LoadController.propogateStateMessage(LoadController.java:221)
[10:22:00] [Client thread/INFO]: [com.enderio.core.common.Handlers:register:255]: 	at sun.reflect.NativeMethodAccessorImpl.invoke0(Native Method)
[10:22:00] [Client thread/INFO]: [com.enderio.core.common.Handlers:register:255]: 	at sun.reflect.NativeMethodAccessorImpl.invoke(NativeMethodAccessorImpl.java:62)
[10:22:00] [Client thread/INFO]: [com.enderio.core.common.Handlers:register:255]: 	at sun.reflect.DelegatingMethodAccessorImpl.invoke(DelegatingMethodAccessorImpl.java:43)
[10:22:00] [Client thread/INFO]: [com.enderio.core.common.Handlers:register:255]: 	at java.lang.reflect.Method.invoke(Method.java:497)
[10:22:00] [Client thread/INFO]: [com.enderio.core.common.Handlers:register:255]: 	at com.google.common.eventbus.EventSubscriber.handleEvent(EventSubscriber.java:74)
[10:22:00] [Client thread/INFO]: [com.enderio.core.common.Handlers:register:255]: 	at com.google.common.eventbus.SynchronizedEventSubscriber.handleEvent(SynchronizedEventSubscriber.java:47)
[10:22:00] [Client thread/INFO]: [com.enderio.core.common.Handlers:register:255]: 	at com.google.common.eventbus.EventBus.dispatch(EventBus.java:322)
[10:22:00] [Client thread/INFO]: [com.enderio.core.common.Handlers:register:255]: 	at com.google.common.eventbus.EventBus.dispatchQueuedEvents(EventBus.java:304)
[10:22:00] [Client thread/INFO]: [com.enderio.core.common.Handlers:register:255]: 	at com.google.common.eventbus.EventBus.post(EventBus.java:275)
[10:22:00] [Client thread/INFO]: [com.enderio.core.common.Handlers:register:255]: 	at net.minecraftforge.fml.common.LoadController.distributeStateMessage(LoadController.java:145)
[10:22:00] [Client thread/INFO]: [com.enderio.core.common.Handlers:register:255]: 	at net.minecraftforge.fml.common.Loader.initializeMods(Loader.java:805)
[10:22:00] [Client thread/INFO]: [com.enderio.core.common.Handlers:register:255]: 	at net.minecraftforge.fml.client.FMLClientHandler.finishMinecraftLoading(FMLClientHandler.java:334)
[10:22:00] [Client thread/INFO]: [com.enderio.core.common.Handlers:register:255]: 	at net.minecraft.client.Minecraft.func_71384_a(Minecraft.java:520)
[10:22:00] [Client thread/INFO]: [com.enderio.core.common.Handlers:register:255]: 	at net.minecraft.client.Minecraft.func_99999_d(Minecraft.java:351)
[10:22:00] [Client thread/INFO]: [com.enderio.core.common.Handlers:register:255]: 	at net.minecraft.client.main.Main.main(SourceFile:124)
[10:22:00] [Client thread/INFO]: [com.enderio.core.common.Handlers:register:255]: 	at sun.reflect.NativeMethodAccessorImpl.invoke0(Native Method)
[10:22:00] [Client thread/INFO]: [com.enderio.core.common.Handlers:register:255]: 	at sun.reflect.NativeMethodAccessorImpl.invoke(NativeMethodAccessorImpl.java:62)
[10:22:00] [Client thread/INFO]: [com.enderio.core.common.Handlers:register:255]: 	at sun.reflect.DelegatingMethodAccessorImpl.invoke(DelegatingMethodAccessorImpl.java:43)
[10:22:00] [Client thread/INFO]: [com.enderio.core.common.Handlers:register:255]: 	at java.lang.reflect.Method.invoke(Method.java:497)
[10:22:00] [Client thread/INFO]: [com.enderio.core.common.Handlers:register:255]: 	at net.minecraft.launchwrapper.Launch.launch(Launch.java:135)
[10:22:00] [Client thread/INFO]: [com.enderio.core.common.Handlers:register:255]: 	at net.minecraft.launchwrapper.Launch.main(Launch.java:28)
[10:22:00] [Client thread/INFO]: [Handlers] Registering handler XPBoostHandler to busses: [FORGE, FML]
[10:22:00] [Client thread/INFO]: [Handlers] Registering handler RightClickCropHandler to busses: [FORGE, FML]
[10:22:00] [Client thread/INFO]: [Handlers] Registering handler Scheduler to busses: [FORGE, FML]
[10:22:00] [Client thread/INFO]: [Handlers] Registering handler OreDictTooltipHandler to busses: [FORGE, FML]
[10:22:00] [Client thread/INFO]: [Handlers] Registering handler AutoSmeltHandler to busses: [FORGE, FML]
[10:22:00] [Client thread/INFO]: [Handlers] Registering handler SpecialTooltipHandler to busses: [FORGE, FML]
[10:22:00] [Client thread/INFO]: [Handlers] Registering handler JoinMessageHandler to busses: [FORGE, FML]
[10:22:00] [Client thread/INFO]: Sending dummy event to all mods
[10:22:00] [Client thread/INFO]: Loading configuration
[10:22:00] [Client thread/INFO]: Reloading ingame configs for modid: endercore
[10:22:00] [Client thread/INFO]: Updating config...
[10:22:00] [Client thread/INFO]: Loading configuration files
[10:22:00] [Client thread/INFO]: Loaded configs...
[10:22:00] [Client thread/ERROR]: Error parsing JSON: Invalid Item: {"name":"mysticalagriculture:prosperity_shard","meta":0}
[10:22:00] [Client thread/ERROR]: This may result in crashing or other undefined behavior
[10:22:00] [Client thread/ERROR]: Error parsing JSON: Invalid Item: {"name":"tp:QuartzDust","meta":0}
[10:22:00] [Client thread/ERROR]: This may result in crashing or other undefined behavior
[10:22:00] [Client thread/ERROR]: Error parsing JSON: Invalid Item: {"name":"mysticalagriculture:prosperity_shard","meta":0}
[10:22:00] [Client thread/ERROR]: This may result in crashing or other undefined behavior
[10:22:00] [Client thread/ERROR]: Error parsing JSON: Invalid Item: {"name":"tp:QuartzDust","meta":0}
[10:22:00] [Client thread/ERROR]: This may result in crashing or other undefined behavior
[10:22:00] [Client thread/ERROR]: Error parsing JSON: Invalid Item: {"name":"harvestcraft:whitemushroomseedItem","meta":0}
[10:22:00] [Client thread/ERROR]: This may result in crashing or other undefined behavior
[10:22:00] [Client thread/ERROR]: Error parsing JSON: Invalid Item: {"name":"harvestcraft:saltItem","meta":0}
[10:22:00] [Client thread/ERROR]: This may result in crashing or other undefined behavior
[10:22:00] [Client thread/ERROR]: Error parsing JSON: Invalid Item: {"name":"advancedrocketry:productdus","meta":0}
[10:22:00] [Client thread/ERROR]: This may result in crashing or other undefined behavior
[10:22:00] [Client thread/ERROR]: Error parsing JSON: Invalid Item: {"name":"advancedrocketry:productdus","meta":0}
[10:22:00] [Client thread/ERROR]: This may result in crashing or other undefined behavior
[10:22:00] [Client thread/ERROR]: Error parsing JSON: Invalid Item: {"name":"advancedrocketry:productdus","meta":0}
[10:22:00] [Client thread/ERROR]: This may result in crashing or other undefined behavior
[10:22:00] [Client thread/ERROR]: Error parsing JSON: Invalid Block: {"name":"tp:FleshBlock","meta":0}
[10:22:00] [Client thread/ERROR]: This may result in crashing or other undefined behavior
[10:22:00] [Client thread/ERROR]: Duplicate entry for net.blay09.mods.excompressum.registry.RegistryKey@31bb2a53 in WoodenCrucible, overwriting...
[10:22:00] [Client thread/ERROR]: Tried to generate Heavy Sieve rewards from a null reward entry: minecraft:sand
[10:22:00] [Client thread/ERROR]: Tried to generate Heavy Sieve rewards from a null reward entry: minecraft:sand
[10:22:00] [Client thread/ERROR]: Tried to generate Heavy Sieve rewards from a null reward entry: minecraft:sand
[10:22:00] [Client thread/ERROR]: Tried to generate Heavy Sieve rewards from a null reward entry: minecraft:sand
[10:22:00] [Client thread/ERROR]: Tried to generate Heavy Sieve rewards from a null reward entry: exnihiloadscensio:blockEndstoneCrushed
[10:22:00] [Client thread/ERROR]: Tried to generate Heavy Sieve rewards from a null reward entry: exnihiloadscensio:blockEndstoneCrushed
[10:22:00] [Client thread/ERROR]: Tried to generate Heavy Sieve rewards from a null reward entry: exnihiloadscensio:blockEndstoneCrushed
[10:22:00] [Client thread/ERROR]: Tried to generate Heavy Sieve rewards from a null reward entry: minecraft:sand
[10:22:00] [Client thread/ERROR]: Tried to generate Heavy Sieve rewards from a null reward entry: minecraft:sand
[10:22:00] [Client thread/ERROR]: Tried to generate Heavy Sieve rewards from a null reward entry: minecraft:sand
[10:22:00] [Client thread/ERROR]: Tried to generate Heavy Sieve rewards from a null reward entry: minecraft:sand
[10:22:00] [Client thread/INFO]: Recipes Loading: Shapeless: 45 loaded.
[10:22:00] [Client thread/INFO]: Recipes Loading: Shaped: 54 loaded.
[10:22:01] [Client thread/WARN]: Overriding existing radiation moderator data for <redstone>
[10:22:01] [Client thread/WARN]: Overriding existing radiation moderator data for <glowstone>
[10:22:01] [Client thread/WARN]: Overriding existing radiation moderator data for <ender>
[10:22:01] [Client thread/INFO]: Created: 16x16 textures-atlas
[10:22:01] [Client thread/INFO]: [stanhebben.zenscript.type.natives.JavaMethod:<init>:49]: All optionals need to be placed at the end of the method declaration: public static void org.cyclops.integrateddynamics.modcompat.minetweaker.handlers.DryingBasinHandler.removeRecipe(minetweaker.api.item.IItemStack,minetweaker.api.liquid.ILiquidStack,minetweaker.api.item.IItemStack,minetweaker.api.liquid.ILiquidStack,int)! Setting last parameters to optional
[10:22:01] [Client thread/INFO]: [stanhebben.zenscript.type.natives.JavaMethod:<init>:49]: All optionals need to be placed at the end of the method declaration: public static void org.cyclops.integrateddynamics.modcompat.minetweaker.handlers.DryingBasinHandler.addRecipe(minetweaker.api.item.IItemStack,minetweaker.api.liquid.ILiquidStack,minetweaker.api.item.IItemStack,minetweaker.api.liquid.ILiquidStack,int)! Setting last parameters to optional
[10:22:01] [Client thread/INFO]: Registered packet handler.
[10:22:02] [Client thread/INFO]: InvTweaks: Configuration loaded.
[10:22:02] [Client thread/INFO]: Mod initialized
[10:22:02] [Client thread/INFO]: Added Layer Backpack
[10:22:02] [Client thread/ERROR]: Couldn't locate icons for flat: D:\Legacy%20Launcher\Forever%20Stranded\mods\journeymap-1.10.2-5.5.2.jar\assets\journeymap\theme\flat
[10:22:02] [Client thread/ERROR]: Default theme not found in D:\Legacy Launcher\Forever Stranded\journeymap\icon\theme\flat\OceanMonument.theme2.json: OceanMonument (SUPPRESSED)
[10:22:02] [Client thread/INFO]: core (FirstLoaded) Setting config file to version "5.5.2": journeymap.core.config
[10:22:02] [Client thread/INFO]: core (Valid) Creating config file: D:\Legacy Launcher\Forever Stranded\journeymap\config\5.5\journeymap.core.config
[10:22:02] [Client thread/INFO]: fullmap (FirstLoaded) Setting config file to version "5.5.2": journeymap.fullmap.config
[10:22:02] [Client thread/INFO]: fullmap (Valid) Creating config file: D:\Legacy Launcher\Forever Stranded\journeymap\config\5.5\journeymap.fullmap.config
[10:22:02] [Client thread/INFO]: minimap (Initialized) Setting config file to version "5.5.2": journeymap.minimap.config
[10:22:02] [Client thread/INFO]: minimap (Valid) Creating config file: D:\Legacy Launcher\Forever Stranded\journeymap\config\5.5\journeymap.minimap.config
[10:22:02] [Client thread/INFO]: minimap2 (FirstLoaded) Setting config file to version "5.5.2": journeymap.minimap2.config
[10:22:02] [Client thread/INFO]: minimap2 (Valid) Creating config file: D:\Legacy Launcher\Forever Stranded\journeymap\config\5.5\journeymap.minimap2.config
[10:22:02] [Client thread/INFO]: topo (FirstLoaded) Setting config file to version "5.5.2": journeymap.topo.config
[10:22:02] [Client thread/INFO]: topo (Valid) Creating config file: D:\Legacy Launcher\Forever Stranded\journeymap\config\5.5\journeymap.topo.config
[10:22:03] [Client thread/INFO]: webmap (FirstLoaded) Setting config file to version "5.5.2": journeymap.webmap.config
[10:22:03] [Client thread/INFO]: webmap (Valid) Creating config file: D:\Legacy Launcher\Forever Stranded\journeymap\config\5.5\journeymap.webmap.config
[10:22:03] [Client thread/INFO]: waypoint (FirstLoaded) Setting config file to version "5.5.2": journeymap.waypoint.config
[10:22:03] [Client thread/INFO]: waypoint (Valid) Creating config file: D:\Legacy Launcher\Forever Stranded\journeymap\config\5.5\journeymap.waypoint.config
[10:22:03] [Client thread/INFO]: JourneyMap log initialized.
[10:22:03] [Client thread/INFO]: initialize ENTER
[10:22:03] [Client thread/WARN]: core (Initialized) Bad configField entry during updateFrom(): optionsManagerViewed=null
[10:22:03] [Client thread/WARN]: core (Initialized) Bad configField entry during updateFrom(): splashViewed=null
[10:22:03] [Client thread/INFO]: [ClientAPI] built with JourneyMap API 1.4
[10:22:03] [Client thread/INFO]: Initializing plugins with Client API: journeymap.client.api.impl.ClientAPI
[10:22:03] [Client thread/INFO]: initialize EXIT, elapsed count 0 avg �ms
[10:22:03] [Client thread/WARN]: Waila detected. It also adds the Mod Name to the Tooltip. Deactivating ModNameTooltip.
[10:22:03] [Client thread/INFO]: Starting Initialization for modtweaker
[10:22:03] [Client thread/INFO]: [yalter.mousetweaks.Logger:Log:6]: [Mouse Tweaks] A call to initialize, entry point: FORGE.
[10:22:03] [Client thread/INFO]: [yalter.mousetweaks.Logger:Log:6]: [Mouse Tweaks] Reflecting GuiContainer...
[10:22:03] [Client thread/INFO]: [yalter.mousetweaks.Logger:Log:6]: [Mouse Tweaks] Detected obfuscation: FORGE.
[10:22:03] [Client thread/INFO]: [yalter.mousetweaks.Logger:Log:6]: [Mouse Tweaks] Success.
[10:22:03] [Client thread/INFO]: [yalter.mousetweaks.Logger:Log:6]: [Mouse Tweaks] Minecraft Forge is installed.
[10:22:03] [Client thread/INFO]: [yalter.mousetweaks.Logger:Log:6]: [Mouse Tweaks] LiteLoader is not installed.
[10:22:03] [Client thread/INFO]: [yalter.mousetweaks.Logger:Log:6]: [Mouse Tweaks] Using Forge for the mod operation.
[10:22:03] [Client thread/INFO]: [yalter.mousetweaks.Logger:Log:6]: [Mouse Tweaks] Mouse Tweaks has been initialized.
[10:22:03] [Client thread/INFO]: File load successful.
[10:22:03] [Client thread/INFO]: File load successful.
[10:22:03] [Client thread/INFO]: Initializing...
[10:22:03] [Client thread/INFO]: [gr8pefish.openglider.client.renderer.LayerGlider:addLayer:73]: added layer
[10:22:03] [Client thread/INFO]: Initialized network channel 'bdew.pressure' for mod 'pressure'
[10:22:03] [Client thread/INFO]: betterwithmods Loaded
[10:22:03] [Client thread/INFO]: immersiveengineering Loaded
[10:22:03] [Client thread/INFO]: harvestcraft Loaded
[10:22:03] [Client thread/INFO]: MFR Loaded
[10:22:03] [Client thread/INFO]: TiCon Loaded
[10:22:03] [Client thread/INFO]: agricraft not found, not loading
[10:22:03] [Client thread/INFO]: IC2 Loaded
[10:22:03] [Client thread/INFO]: RightClickPlants Loaded
[10:22:03] [Client thread/INFO]: Vanilla Loaded
[10:22:03] [Client thread/INFO]: Found 468 ores
[10:22:04] [Client thread/INFO]: Registering handlers
[10:22:04] [Client thread/INFO]: Transforming Class [net.minecraft.client.gui.GuiRepair], Method [func_146979_b]
[10:22:04] [Client thread/INFO]: Transforming net.minecraft.client.gui.GuiRepair Finished.
[10:22:04] [Client thread/INFO]: Registering network messages
[10:22:04] [Client thread/INFO]: Stealing Ender IO's items
[10:22:04] [Client thread/INFO]: Stealing Thermal Expansion's items
[10:22:04] [Client thread/INFO]: Stealing Thermal Dynamics's items
[10:22:04] [Client thread/INFO]: Doing intermod communication
[10:22:04] [Client thread/INFO]: Registering EIO Alloy Smelter recipe
[10:22:04] [Client thread/INFO]: Registering EIO Alloy Smelter recipe
[10:22:04] [Client thread/INFO]: Registering EIO Alloy Smelter recipe
[10:22:04] [Client thread/INFO]: Registering EIO Alloy Smelter recipe
[10:22:04] [Client thread/INFO]: Registering EIO Soul Binder recipe
[10:22:04] [Client thread/INFO]: Registering Sounds...
[10:22:04] [Client thread/INFO]: Recipes added!
[10:22:04] [Client thread/INFO]: Registering enchantments...
[10:22:04] [Client thread/INFO]: Registering entities!
[10:22:04] [Client thread/INFO]: Registering recipes for Tipped Bolts!
[10:22:04] [Client thread/INFO]: Recipes added!
[10:22:04] [Client thread/ERROR]: Failed to find item harvestcraft:freshmilkItem
[10:22:04] [Client thread/ERROR]: Failed to find item harvestcraft:freshwaterItem
[10:22:04] [Client thread/ERROR]: Failed to find items from Actual additions required to register slime ball recipe
[10:22:05] [CodeChicken Update Checker/ERROR]: Failed to check update for Translocator returned: Err: Unknown mod/version
[10:22:05] [Client thread/WARN]: Mod immersiveengineering is using deprecated IMC variation:add! This IMC type may be removed soon, please notify the author of this mod.
[10:22:05] [Client thread/INFO]: Received 9 IMC messages from mod immersiveengineering.
[10:22:05] [Client thread/INFO]: Receiving registration request from [ tconstruct ] for method slimeknights.tconstruct.plugin.waila.WailaRegistrar.wailaCallback
[10:22:05] [Client thread/INFO]: Receiving registration request from [ dimensionaledibles ] for method jackyy.dimensionaledibles.compat.WailaCompat.load
[10:22:05] [Client thread/INFO]: Receiving registration request from [ EnderIO ] for method crazypants.enderio.integration.waila.WailaCompat.load
[10:22:05] [Client thread/INFO]: Receiving registration request from [ harvestcraft ] for method com.pam.harvestcraft.addons.WailaPamHandler.callbackRegister
[10:22:05] [Client thread/INFO]: Receiving registration request from [ harvestcraft ] for method com.pam.harvestcraft.addons.WailaVanillaHandler.callbackRegister
[10:22:05] [Client thread/INFO]: Receiving registration request from [ wawla ] for method net.darkhax.wawla.engine.waila.EntityProvider.register
[10:22:05] [Client thread/INFO]: Receiving registration request from [ wawla ] for method net.darkhax.wawla.engine.waila.TileProvider.register
[10:22:05] [Client thread/INFO]: Receiving registration request from [ Woot ] for method ipsis.woot.plugins.waila.WailaDataProviderWoot.callbackRegister
[10:22:05] [Client thread/INFO]: Receiving registration request from [ appliedenergistics2 ] for method appeng.integration.modules.waila.WailaModule.register
[10:22:05] [Client thread/INFO]: Receiving registration request from [ ae2stuff ] for method net.bdew.ae2stuff.waila.WailaHandler.loadCallback
[10:22:05] [Client thread/INFO]: Receiving registration request from [ immersiveengineering ] for method blusunrize.immersiveengineering.common.util.compat.waila.IEWailaDataProvider.callbackRegister
[10:22:05] [Client thread/INFO]: Receiving registration request from [ cm2 ] for method org.dave.cm2.misc.WailaProvider.register
[10:22:05] [Client thread/INFO]: Receiving registration request from [ cyclopscore ] for method org.cyclops.cyclopscore.modcompat.waila.Waila.callbackRegister
[10:22:05] [Client thread/INFO]: Receiving registration request from [ cookingforblockheads ] for method net.blay09.mods.cookingforblockheads.compat.WailaProvider.register
[10:22:05] [Client thread/INFO]: Receiving registration request from [ darkutils ] for method net.darkhax.darkutils.addons.waila.DarkUtilsTileProvider.registerAddon
[10:22:05] [Client thread/INFO]: Receiving registration request from [ exnihiloadscensio ] for method exnihiloadscensio.compatibility.CompatWaila.callbackRegister
[10:22:05] [Client thread/INFO]: Receiving registration request from [ excompressum ] for method net.blay09.mods.excompressum.compat.waila.WailaProvider.register
[10:22:05] [Client thread/INFO]: Receiving registration request from [ extracells ] for method extracells.integration.waila.Waila.register
[10:22:05] [Client thread/INFO]: Receiving registration request from [ StorageDrawers ] for method com.jaquadro.minecraft.storagedrawers.integration.Waila.registerProvider
[10:22:05] [Client thread/INFO]: Receiving registration request from [ integrateddynamics ] for method org.cyclops.integrateddynamics.modcompat.waila.Waila.callbackRegister
[10:22:05] [Client thread/INFO]: Receiving registration request from [ openmodularturrets ] for method omtteam.openmodularturrets.compatibility.hwyla.WailaDataProvider.register
[10:22:05] [Client thread/INFO]: Receiving registration request from [ pressure ] for method net.bdew.pressure.waila.WailaHandler.loadCallback
[10:22:05] [Client thread/INFO]: Receiving registration request from [ quantumstorage ] for method QuantumStorage.compat.waila.CompatModuleWaila.callbackRegister
[10:22:05] [Client thread/INFO]: Receiving registration request from [ soulshardstow ] for method com.whammich.sstow.compat.waila.WailaCallbackHandler.callbackRegister
[10:22:05] [Client thread/INFO]: Receiving registration request from [ WailaHarvestability ] for method squeek.wailaharvestability.WailaHandler.callbackRegister
[10:22:05] [Client thread/WARN]: RecipeParser:  Root element not specified before element recipeGroup.
[10:22:05] [Client thread/WARN]: RecipeParser:  Root element not specified before element recipeGroup.
[10:22:05] [Client thread/WARN]: RecipeParser:  Root element not specified before element recipeGroup.
[10:22:05] [Client thread/WARN]: RecipeParser:  Root element not specified before element recipeGroup.
[10:22:05] [Client thread/WARN]: RecipeParser:  Root element not specified before element recipeGroup.
[10:22:05] [Client thread/WARN]: Could not find enchantment with name enchantment.soulStealer when parsing enchanter recipes.
[10:22:05] [Client thread/INFO]: Injecting itemstacks
[10:22:05] [Client thread/INFO]: Itemstack injection complete
[10:22:05] [Client thread/INFO]: Using a beta-version of the mod: Aroma1997Core not registering VersionChecker.
[10:22:05] [Client thread/INFO]: Finished Post-Initialization.
[10:22:05] [Client thread/INFO]: Starting PostInitialization Phase...
[10:22:05] [Client thread/INFO]: Initializing Village Addons...
[10:22:05] [Client thread/INFO]: Initializing Crusher Recipes...
[10:22:05] [Client thread/INFO]: Added 587 Crusher Recipes automatically: [1xtile.oreGold@0 -> 2xitem.dust@2, 1xtile.oreGold@0 -> 2xitem.immersiveengineering.metal@19, 1xtile.oreGold@0 -> 2xitem.thermalfoundation.material@1, 1xtile.oreGold@0 -> 2xic2.dust@7, 1xtile.oreGold@0 -> 2xitem.itemPowderIngot@2, 1xtile.oreGold@0 -> 2xitem.actuallyadditions.itemDust@1, 1xtile.oreGold@0 -> 2xitem.exnihiloadscensio.ore.gold@2, 1xitem.exnihiloadscensio.ore.gold@1 -> 2xitem.dust@2, 1xitem.exnihiloadscensio.ore.gold@1 -> 2xitem.immersiveengineering.metal@19, 1xitem.exnihiloadscensio.ore.gold@1 -> 2xitem.thermalfoundation.material@1, 1xitem.exnihiloadscensio.ore.gold@1 -> 2xic2.dust@7, 1xitem.exnihiloadscensio.ore.gold@1 -> 2xitem.itemPowderIngot@2, 1xitem.exnihiloadscensio.ore.gold@1 -> 2xitem.actuallyadditions.itemDust@1, 1xitem.exnihiloadscensio.ore.gold@1 -> 2xitem.exnihiloadscensio.ore.gold@2, 1xtile.oreDiamond@0 -> 2xic2.dust@5, 1xtile.oreDiamond@0 -> 2xitem.actuallyadditions.itemDust@2, 1xtile.oreDiamond@0 -> 2xitem.gem_dust@0, 1xtile.railcraft.ore@2 -> 2xic2.dust@5, 1xtile.railcraft.ore@2 -> 2xitem.actuallyadditions.itemDust@2, 1xtile.railcraft.ore@2 -> 2xitem.gem_dust@0, 1xtile.oreEmerald@0 -> 2xitem.actuallyadditions.itemDust@3, 1xtile.railcraft.ore@3 -> 2xitem.actuallyadditions.itemDust@3, 1xitem.ingotIron@0 -> 1xitem.dust@1, 1xitem.ingotIron@0 -> 1xitem.immersiveengineering.metal@18, 1xitem.ingotIron@0 -> 1xitem.thermalfoundation.material@0, 1xitem.ingotIron@0 -> 1xic2.dust@8, 1xitem.ingotIron@0 -> 1xitem.itemPowderIngot@1, 1xitem.ingotIron@0 -> 1xitem.actuallyadditions.itemDust@0, 1xitem.ingotIron@0 -> 1xitem.exnihiloadscensio.ore.iron@2, 1xitem.ingotGold@0 -> 1xitem.dust@2, 1xitem.ingotGold@0 -> 1xitem.immersiveengineering.metal@19, 1xitem.ingotGold@0 -> 1xitem.thermalfoundation.material@1, 1xitem.ingotGold@0 -> 1xic2.dust@7, 1xitem.ingotGold@0 -> 1xitem.itemPowderIngot@2, 1xitem.ingotGold@0 -> 1xitem.actuallyadditions.itemDust@1, 1xitem.ingotGold@0 -> 1xitem.exnihiloadscensio.ore.gold@2, 1xitem.diamond@0 -> 1xic2.dust@5, 1xitem.diamond@0 -> 1xitem.actuallyadditions.itemDust@2, 1xitem.diamond@0 -> 1xitem.gem_dust@0, 1xic2.crafting@19 -> 1xic2.dust@5, 1xic2.crafting@19 -> 1xitem.actuallyadditions.itemDust@2, 1xic2.crafting@19 -> 1xitem.gem_dust@0, 1xitem.emerald@0 -> 1xitem.actuallyadditions.itemDust@3, 1xitem.netherquartz@0 -> 1xitem.actuallyadditions.itemDust@5, 1xitem.netherquartz@0 -> 1xitem.gem_dust@2, 1xitem.prismarineShard@0 -> 1xitem.prismarineCrystals@0, 1xitem.dyePowder@4 -> 1xic2.dust@9, 1xitem.dyePowder@4 -> 1xitem.actuallyadditions.itemDust@4, 1xtile.bigreactors:brore@0 -> 2xitem.bigreactors:dustmetals@0, 1xitem.bigreactors:ingotmetals@0 -> 1xitem.bigreactors:dustmetals@0, 1xitem.bigreactors:ingotmetals@1 -> 1xitem.bigreactors:dustmetals@1, 1xitem.bigreactors:ingotmetals@2 -> 1xitem.bigreactors:dustmetals@2, 1xitem.bigreactors:ingotmetals@2 -> 1xitem.dust@8, 1xitem.ingot@8 -> 1xitem.bigreactors:dustmetals@2, 1xitem.ingot@8 -> 1xitem.dust@8, 1xitem.bigreactors:ingotmetals@3 -> 1xitem.bigreactors:dustmetals@3, 1xitem.bigreactors:ingotmetals@4 -> 1xitem.bigreactors:dustmetals@4, 1xitem.bigreactors:ingotmetals@5 -> 1xitem.bigreactors:dustmetals@5, 1xitem.bigreactors:ingotmetals@5 -> 1xitem.dust@6, 1xitem.bigreactors:ingotmetals@5 -> 1xitem.immersiveengineering.metal@17, 1xitem.bigreactors:ingotmetals@5 -> 1xitem.thermalfoundation.material@96, 1xitem.ingot@6 -> 1xitem.bigreactors:dustmetals@5, 1xitem.ingot@6 -> 1xitem.dust@6, 1xitem.ingot@6 -> 1xitem.immersiveengineering.metal@17, 1xitem.ingot@6 -> 1xitem.thermalfoundation.material@96, 1xitem.immersiveengineering.metal@8 -> 1xitem.bigreactors:dustmetals@5, 1xitem.immersiveengineering.metal@8 -> 1xitem.dust@6, 1xitem.immersiveengineering.metal@8 -> 1xitem.immersiveengineering.metal@17, 1xitem.immersiveengineering.metal@8 -> 1xitem.thermalfoundation.material@96, 1xitem.thermalfoundation.material@160 -> 1xitem.bigreactors:dustmetals@5, 1xitem.thermalfoundation.material@160 -> 1xitem.dust@6, 1xitem.thermalfoundation.material@160 -> 1xitem.immersiveengineering.metal@17, 1xitem.thermalfoundation.material@160 -> 1xitem.thermalfoundation.material@96, 1xic2.ingot@5 -> 1xitem.bigreactors:dustmetals@5, 1xic2.ingot@5 -> 1xitem.dust@6, 1xic2.ingot@5 -> 1xitem.immersiveengineering.metal@17, 1xic2.ingot@5 -> 1xitem.thermalfoundation.material@96, 1xitem.railcraft.ingot@0 -> 1xitem.bigreactors:dustmetals@5, 1xitem.railcraft.ingot@0 -> 1xitem.dust@6, 1xitem.railcraft.ingot@0 -> 1xitem.immersiveengineering.metal@17, 1xitem.railcraft.ingot@0 -> 1xitem.thermalfoundation.material@96, 1xitem.alloy@5 -> 1xitem.bigreactors:dustmetals@5, 1xitem.alloy@5 -> 1xitem.dust@6, 1xitem.alloy@5 -> 1xitem.immersiveengineering.metal@17, 1xitem.alloy@5 -> 1xitem.thermalfoundation.material@96, 1xitem.immersiveengineering.metal@5 -> 1xitem.bigreactors:dustmetals@0, 1xitem.immersiveengineering.metal@5 -> 1xitem.immersiveengineering.metal@14, 1xitem.immersiveengineering.metal@5 -> 1xitem.dust@4, 1xitem.ingot@4 -> 1xitem.bigreactors:dustmetals@0, 1xitem.ingot@4 -> 1xitem.immersiveengineering.metal@14, 1xitem.ingot@4 -> 1xitem.dust@4, 1xtile.ore@0 -> 2xitem.dust@0, 1xitem.ingot@3 -> 1xitem.dust@3, 1xitem.ingot@4 -> 1xitem.dust@4, 1xitem.ingot@4 -> 1xitem.immersiveengineering.metal@9, 1xitem.ingot@4 -> 1xitem.thermalfoundation.material@64, 1xitem.ingot@4 -> 1xic2.dust@4, 1xitem.ingot@4 -> 1xitem.itemPowderIngot@3, 1xitem.ingot@4 -> 1xitem.exnihiloadscensio.ore.copper@2, 1xitem.ingot@4 -> 1xitem.dust@0, 1xitem.immersiveengineering.metal@0 -> 1xitem.dust@4, 1xitem.immersiveengineering.metal@0 -> 1xitem.immersiveengineering.metal@9, 1xitem.immersiveengineering.metal@0 -> 1xitem.thermalfoundation.material@64, 1xitem.immersiveengineering.metal@0 -> 1xic2.dust@4, 1xitem.immersiveengineering.metal@0 -> 1xitem.itemPowderIngot@3, 1xitem.immersiveengineering.metal@0 -> 1xitem.exnihiloadscensio.ore.copper@2, 1xitem.immersiveengineering.metal@0 -> 1xitem.dust@0, 1xitem.thermalfoundation.material@128 -> 1xitem.dust@4, 1xitem.thermalfoundation.material@128 -> 1xitem.immersiveengineering.metal@9, 1xitem.thermalfoundation.material@128 -> 1xitem.thermalfoundation.material@64, 1xitem.thermalfoundation.material@128 -> 1xic2.dust@4, 1xitem.thermalfoundation.material@128 -> 1xitem.itemPowderIngot@3, 1xitem.thermalfoundation.material@128 -> 1xitem.exnihiloadscensio.ore.copper@2, 1xitem.thermalfoundation.material@128 -> 1xitem.dust@0, 1xic2.ingot@2 -> 1xitem.dust@4, 1xic2.ingot@2 -> 1xitem.immersiveengineering.metal@9, 1xic2.ingot@2 -> 1xitem.thermalfoundation.material@64, 1xic2.ingot@2 -> 1xic2.dust@4, 1xic2.ingot@2 -> 1xitem.itemPowderIngot@3, 1xic2.ingot@2 -> 1xitem.exnihiloadscensio.ore.copper@2, 1xic2.ingot@2 -> 1xitem.dust@0, 1xitem.for.ingotCopper@0 -> 1xitem.dust@4, 1xitem.for.ingotCopper@0 -> 1xitem.immersiveengineering.metal@9, 1xitem.for.ingotCopper@0 -> 1xitem.thermalfoundation.material@64, 1xitem.for.ingotCopper@0 -> 1xic2.dust@4, 1xitem.for.ingotCopper@0 -> 1xitem.itemPowderIngot@3, 1xitem.for.ingotCopper@0 -> 1xitem.exnihiloadscensio.ore.copper@2, 1xitem.for.ingotCopper@0 -> 1xitem.dust@0, 1xitem.railcraft.ingot@1 -> 1xitem.dust@4, 1xitem.railcraft.ingot@1 -> 1xitem.immersiveengineering.metal@9, 1xitem.railcraft.ingot@1 -> 1xitem.thermalfoundation.material@64, 1xitem.railcraft.ingot@1 -> 1xic2.dust@4, 1xitem.railcraft.ingot@1 -> 1xitem.itemPowderIngot@3, 1xitem.railcraft.ingot@1 -> 1xitem.exnihiloadscensio.ore.copper@2, 1xitem.railcraft.ingot@1 -> 1xitem.dust@0, 1xitem.exnihiloadscensio.ore.copper@3 -> 1xitem.dust@4, 1xitem.exnihiloadscensio.ore.copper@3 -> 1xitem.immersiveengineering.metal@9, 1xitem.exnihiloadscensio.ore.copper@3 -> 1xitem.thermalfoundation.material@64, 1xitem.exnihiloadscensio.ore.copper@3 -> 1xic2.dust@4, 1xitem.exnihiloadscensio.ore.copper@3 -> 1xitem.itemPowderIngot@3, 1xitem.exnihiloadscensio.ore.copper@3 -> 1xitem.exnihiloadscensio.ore.copper@2, 1xitem.exnihiloadscensio.ore.copper@3 -> 1xitem.dust@0, 1xitem.ingot@0 -> 1xitem.dust@4, 1xitem.ingot@0 -> 1xitem.immersiveengineering.metal@9, 1xitem.ingot@0 -> 1xitem.thermalfoundation.material@64, 1xitem.ingot@0 -> 1xic2.dust@4, 1xitem.ingot@0 -> 1xitem.itemPowderIngot@3, 1xitem.ingot@0 -> 1xitem.exnihiloadscensio.ore.copper@2, 1xitem.ingot@0 -> 1xitem.dust@0, 1xtile.ore@4 -> 2xitem.dust@4, 1xtile.ore@4 -> 2xitem.immersiveengineering.metal@9, 1xtile.ore@4 -> 2xitem.thermalfoundation.material@64, 1xtile.ore@4 -> 2xic2.dust@4, 1xtile.ore@4 -> 2xitem.itemPowderIngot@3, 1xtile.ore@4 -> 2xitem.exnihiloadscensio.ore.copper@2, 1xtile.ore@4 -> 2xitem.dust@0, 1xtile.immersiveengineering.ore@0 -> 2xitem.dust@4, 1xtile.immersiveengineering.ore@0 -> 2xitem.immersiveengineering.metal@9, 1xtile.immersiveengineering.ore@0 -> 2xitem.thermalfoundation.material@64, 1xtile.immersiveengineering.ore@0 -> 2xic2.dust@4, 1xtile.immersiveengineering.ore@0 -> 2xitem.itemPowderIngot@3, 1xtile.immersiveengineering.ore@0 -> 2xitem.exnihiloadscensio.ore.copper@2, 1xtile.immersiveengineering.ore@0 -> 2xitem.dust@0, 1xtile.thermalfoundation.ore@0 -> 2xitem.dust@4, 1xtile.thermalfoundation.ore@0 -> 2xitem.immersiveengineering.metal@9, 1xtile.thermalfoundation.ore@0 -> 2xitem.thermalfoundation.material@64, 1xtile.thermalfoundation.ore@0 -> 2xic2.dust@4, 1xtile.thermalfoundation.ore@0 -> 2xitem.itemPowderIngot@3, 1xtile.thermalfoundation.ore@0 -> 2xitem.exnihiloadscensio.ore.copper@2, 1xtile.thermalfoundation.ore@0 -> 2xitem.dust@0, 1xic2.resource@1 -> 2xitem.dust@4, 1xic2.resource@1 -> 2xitem.immersiveengineering.metal@9, 1xic2.resource@1 -> 2xitem.thermalfoundation.material@64, 1xic2.resource@1 -> 2xic2.dust@4, 1xic2.resource@1 -> 2xitem.itemPowderIngot@3, 1xic2.resource@1 -> 2xitem.exnihiloadscensio.ore.copper@2, 1xic2.resource@1 -> 2xitem.dust@0, 1xtile.for.resources@1 -> 2xitem.dust@4, 1xtile.for.resources@1 -> 2xitem.immersiveengineering.metal@9, 1xtile.for.resources@1 -> 2xitem.thermalfoundation.material@64, 1xtile.for.resources@1 -> 2xic2.dust@4, 1xtile.for.resources@1 -> 2xitem.itemPowderIngot@3, 1xtile.for.resources@1 -> 2xitem.exnihiloadscensio.ore.copper@2, 1xtile.for.resources@1 -> 2xitem.dust@0, 1xtile.railcraft.ore@11 -> 2xitem.dust@4, 1xtile.railcraft.ore@11 -> 2xitem.immersiveengineering.metal@9, 1xtile.railcraft.ore@11 -> 2xitem.thermalfoundation.material@64, 1xtile.railcraft.ore@11 -> 2xic2.dust@4, 1xtile.railcraft.ore@11 -> 2xitem.itemPowderIngot@3, 1xtile.railcraft.ore@11 -> 2xitem.exnihiloadscensio.ore.copper@2, 1xtile.railcraft.ore@11 -> 2xitem.dust@0, 1xtile.railcraft.ore.metal@0 -> 2xitem.dust@4, 1xtile.railcraft.ore.metal@0 -> 2xitem.immersiveengineering.metal@9, 1xtile.railcraft.ore.metal@0 -> 2xitem.thermalfoundation.material@64, 1xtile.railcraft.ore.metal@0 -> 2xic2.dust@4, 1xtile.railcraft.ore.metal@0 -> 2xitem.itemPowderIngot@3, 1xtile.railcraft.ore.metal@0 -> 2xitem.exnihiloadscensio.ore.copper@2, 1xtile.railcraft.ore.metal@0 -> 2xitem.dust@0, 1xitem.exnihiloadscensio.ore.copper@1 -> 2xitem.dust@4, 1xitem.exnihiloadscensio.ore.copper@1 -> 2xitem.immersiveengineering.metal@9, 1xitem.exnihiloadscensio.ore.copper@1 -> 2xitem.thermalfoundation.material@64, 1xitem.exnihiloadscensio.ore.copper@1 -> 2xic2.dust@4, 1xitem.exnihiloadscensio.ore.copper@1 -> 2xitem.itemPowderIngot@3, 1xitem.exnihiloadscensio.ore.copper@1 -> 2xitem.exnihiloadscensio.ore.copper@2, 1xitem.exnihiloadscensio.ore.copper@1 -> 2xitem.dust@0, 1xtile.ore@0 -> 2xitem.dust@4, 1xtile.ore@0 -> 2xitem.immersiveengineering.metal@9, 1xtile.ore@0 -> 2xitem.thermalfoundation.material@64, 1xtile.ore@0 -> 2xic2.dust@4, 1xtile.ore@0 -> 2xitem.itemPowderIngot@3, 1xtile.ore@0 -> 2xitem.exnihiloadscensio.ore.copper@2, 1xtile.ore@0 -> 2xitem.dust@0, 1xitem.ingot@5 -> 1xitem.dust@5, 1xitem.ingot@5 -> 1xitem.thermalfoundation.material@65, 1xitem.ingot@5 -> 1xic2.dust@17, 1xitem.ingot@5 -> 1xitem.itemPowderIngot@4, 1xitem.ingot@5 -> 1xitem.exnihiloadscensio.ore.tin@2, 1xitem.ingot@5 -> 1xitem.dust@1, 1xitem.thermalfoundation.material@129 -> 1xitem.dust@5, 1xitem.thermalfoundation.material@129 -> 1xitem.thermalfoundation.material@65, 1xitem.thermalfoundation.material@129 -> 1xic2.dust@17, 1xitem.thermalfoundation.material@129 -> 1xitem.itemPowderIngot@4, 1xitem.thermalfoundation.material@129 -> 1xitem.exnihiloadscensio.ore.tin@2, 1xitem.thermalfoundation.material@129 -> 1xitem.dust@1, 1xic2.ingot@6 -> 1xitem.dust@5, 1xic2.ingot@6 -> 1xitem.thermalfoundation.material@65, 1xic2.ingot@6 -> 1xic2.dust@17, 1xic2.ingot@6 -> 1xitem.itemPowderIngot@4, 1xic2.ingot@6 -> 1xitem.exnihiloadscensio.ore.tin@2, 1xic2.ingot@6 -> 1xitem.dust@1, 1xitem.for.ingotTin@0 -> 1xitem.dust@5, 1xitem.for.ingotTin@0 -> 1xitem.thermalfoundation.material@65, 1xitem.for.ingotTin@0 -> 1xic2.dust@17, 1xitem.for.ingotTin@0 -> 1xitem.itemPowderIngot@4, 1xitem.for.ingotTin@0 -> 1xitem.exnihiloadscensio.ore.tin@2, 1xitem.for.ingotTin@0 -> 1xitem.dust@1, 1xitem.railcraft.ingot@2 -> 1xitem.dust@5, 1xitem.railcraft.ingot@2 -> 1xitem.thermalfoundation.material@65, 1xitem.railcraft.ingot@2 -> 1xic2.dust@17, 1xitem.railcraft.ingot@2 -> 1xitem.itemPowderIngot@4, 1xitem.railcraft.ingot@2 -> 1xitem.exnihiloadscensio.ore.tin@2, 1xitem.railcraft.ingot@2 -> 1xitem.dust@1, 1xitem.exnihiloadscensio.ore.tin@3 -> 1xitem.dust@5, 1xitem.exnihiloadscensio.ore.tin@3 -> 1xitem.thermalfoundation.material@65, 1xitem.exnihiloadscensio.ore.tin@3 -> 1xic2.dust@17, 1xitem.exnihiloadscensio.ore.tin@3 -> 1xitem.itemPowderIngot@4, 1xitem.exnihiloadscensio.ore.tin@3 -> 1xitem.exnihiloadscensio.ore.tin@2, 1xitem.exnihiloadscensio.ore.tin@3 -> 1xitem.dust@1, 1xitem.ingot@1 -> 1xitem.dust@5, 1xitem.ingot@1 -> 1xitem.thermalfoundation.material@65, 1xitem.ingot@1 -> 1xic2.dust@17, 1xitem.ingot@1 -> 1xitem.itemPowderIngot@4, 1xitem.ingot@1 -> 1xitem.exnihiloadscensio.ore.tin@2, 1xitem.ingot@1 -> 1xitem.dust@1, 1xtile.ore@5 -> 2xitem.dust@5, 1xtile.ore@5 -> 2xitem.thermalfoundation.material@65, 1xtile.ore@5 -> 2xic2.dust@17, 1xtile.ore@5 -> 2xitem.itemPowderIngot@4, 1xtile.ore@5 -> 2xitem.exnihiloadscensio.ore.tin@2, 1xtile.ore@5 -> 2xitem.dust@1, 1xtile.thermalfoundation.ore@1 -> 2xitem.dust@5, 1xtile.thermalfoundation.ore@1 -> 2xitem.thermalfoundation.material@65, 1xtile.thermalfoundation.ore@1 -> 2xic2.dust@17, 1xtile.thermalfoundation.ore@1 -> 2xitem.itemPowderIngot@4, 1xtile.thermalfoundation.ore@1 -> 2xitem.exnihiloadscensio.ore.tin@2, 1xtile.thermalfoundation.ore@1 -> 2xitem.dust@1, 1xic2.resource@3 -> 2xitem.dust@5, 1xic2.resource@3 -> 2xitem.thermalfoundation.material@65, 1xic2.resource@3 -> 2xic2.dust@17, 1xic2.resource@3 -> 2xitem.itemPowderIngot@4, 1xic2.resource@3 -> 2xitem.exnihiloadscensio.ore.tin@2, 1xic2.resource@3 -> 2xitem.dust@1, 1xtile.for.resources@2 -> 2xitem.dust@5, 1xtile.for.resources@2 -> 2xitem.thermalfoundation.material@65, 1xtile.for.resources@2 -> 2xic2.dust@17, 1xtile.for.resources@2 -> 2xitem.itemPowderIngot@4, 1xtile.for.resources@2 -> 2xitem.exnihiloadscensio.ore.tin@2, 1xtile.for.resources@2 -> 2xitem.dust@1, 1xtile.railcraft.ore@12 -> 2xitem.dust@5, 1xtile.railcraft.ore@12 -> 2xitem.thermalfoundation.material@65, 1xtile.railcraft.ore@12 -> 2xic2.dust@17, 1xtile.railcraft.ore@12 -> 2xitem.itemPowderIngot@4, 1xtile.railcraft.ore@12 -> 2xitem.exnihiloadscensio.ore.tin@2, 1xtile.railcraft.ore@12 -> 2xitem.dust@1, 1xtile.railcraft.ore.metal@1 -> 2xitem.dust@5, 1xtile.railcraft.ore.metal@1 -> 2xitem.thermalfoundation.material@65, 1xtile.railcraft.ore.metal@1 -> 2xic2.dust@17, 1xtile.railcraft.ore.metal@1 -> 2xitem.itemPowderIngot@4, 1xtile.railcraft.ore.metal@1 -> 2xitem.exnihiloadscensio.ore.tin@2, 1xtile.railcraft.ore.metal@1 -> 2xitem.dust@1, 1xitem.exnihiloadscensio.ore.tin@1 -> 2xitem.dust@5, 1xitem.exnihiloadscensio.ore.tin@1 -> 2xitem.thermalfoundation.material@65, 1xitem.exnihiloadscensio.ore.tin@1 -> 2xic2.dust@17, 1xitem.exnihiloadscensio.ore.tin@1 -> 2xitem.itemPowderIngot@4, 1xitem.exnihiloadscensio.ore.tin@1 -> 2xitem.exnihiloadscensio.ore.tin@2, 1xitem.exnihiloadscensio.ore.tin@1 -> 2xitem.dust@1, 1xtile.ore@1 -> 2xitem.dust@5, 1xtile.ore@1 -> 2xitem.thermalfoundation.material@65, 1xtile.ore@1 -> 2xic2.dust@17, 1xtile.ore@1 -> 2xitem.itemPowderIngot@4, 1xtile.ore@1 -> 2xitem.exnihiloadscensio.ore.tin@2, 1xtile.ore@1 -> 2xitem.dust@1, 1xitem.ingot@7 -> 1xitem.dust@7, 1xtile.ore@8 -> 2xitem.dust@7, 1xitem.ingot@9 -> 1xitem.dust@9, 1xitem.ingot@9 -> 1xitem.immersiveengineering.metal@10, 1xitem.ingot@9 -> 1xitem.thermalfoundation.material@68, 1xitem.immersiveengineering.metal@1 -> 1xitem.dust@9, 1xitem.immersiveengineering.metal@1 -> 1xitem.immersiveengineering.metal@10, 1xitem.immersiveengineering.metal@1 -> 1xitem.thermalfoundation.material@68, 1xitem.thermalfoundation.material@132 -> 1xitem.dust@9, 1xitem.thermalfoundation.material@132 -> 1xitem.immersiveengineering.metal@10, 1xitem.thermalfoundation.material@132 -> 1xitem.thermalfoundation.material@68, 1xitem.exnihiloadscensio.ore.aluminium@3 -> 1xitem.dust@9, 1xitem.exnihiloadscensio.ore.aluminium@3 -> 1xitem.immersiveengineering.metal@10, 1xitem.exnihiloadscensio.ore.aluminium@3 -> 1xitem.thermalfoundation.material@68, 1xtile.ore@9 -> 2xitem.dust@9, 1xtile.ore@9 -> 2xitem.immersiveengineering.metal@10, 1xtile.ore@9 -> 2xitem.thermalfoundation.material@68, 1xtile.immersiveengineering.ore@1 -> 2xitem.dust@9, 1xtile.immersiveengineering.ore@1 -> 2xitem.immersiveengineering.metal@10, 1xtile.immersiveengineering.ore@1 -> 2xitem.thermalfoundation.material@68, 1xtile.thermalfoundation.ore@4 -> 2xitem.dust@9, 1xtile.thermalfoundation.ore@4 -> 2xitem.immersiveengineering.metal@10, 1xtile.thermalfoundation.ore@4 -> 2xitem.thermalfoundation.material@68, 1xitem.ingot@10 -> 1xitem.dust@10, 1xitem.ingot@10 -> 1xitem.thermalfoundation.material@71, 1xitem.thermalfoundation.material@135 -> 1xitem.dust@10, 1xitem.thermalfoundation.material@135 -> 1xitem.thermalfoundation.material@71, 1xtile.ore@10 -> 2xitem.dust@10, 1xtile.ore@10 -> 2xitem.thermalfoundation.material@71, 1xtile.thermalfoundation.ore@7 -> 2xitem.dust@10, 1xtile.thermalfoundation.ore@7 -> 2xitem.thermalfoundation.material@71, 1xitem.ingot@0 -> 1xitem.dust@0, 1xitem.ingot@1 -> 1xitem.dust@1, 1xitem.tconstruct.ingots@0 -> 1xitem.itemPowderIngot@10, 1xitem.tconstruct.ingots@0 -> 1xitem.exnihiloadscensio.ore.cobalt@2, 1xitem.exnihiloadscensio.ore.cobalt@3 -> 1xitem.itemPowderIngot@10, 1xitem.exnihiloadscensio.ore.cobalt@3 -> 1xitem.exnihiloadscensio.ore.cobalt@2, 1xitem.tconstruct.ingots@1 -> 1xitem.itemPowderIngot@9, 1xitem.tconstruct.ingots@1 -> 1xitem.exnihiloadscensio.ore.ardite@2, 1xitem.exnihiloadscensio.ore.ardite@3 -> 1xitem.itemPowderIngot@9, 1xitem.exnihiloadscensio.ore.ardite@3 -> 1xitem.exnihiloadscensio.ore.ardite@2, 1xtile.tconstruct.ore@0 -> 2xitem.itemPowderIngot@10, 1xtile.tconstruct.ore@0 -> 2xitem.exnihiloadscensio.ore.cobalt@2, 1xitem.exnihiloadscensio.ore.cobalt@1 -> 2xitem.itemPowderIngot@10, 1xitem.exnihiloadscensio.ore.cobalt@1 -> 2xitem.exnihiloadscensio.ore.cobalt@2, 1xtile.tconstruct.ore@1 -> 2xitem.itemPowderIngot@9, 1xtile.tconstruct.ore@1 -> 2xitem.exnihiloadscensio.ore.ardite@2, 1xitem.exnihiloadscensio.ore.ardite@1 -> 2xitem.itemPowderIngot@9, 1xitem.exnihiloadscensio.ore.ardite@1 -> 2xitem.exnihiloadscensio.ore.ardite@2, 1xtile.immersiveengineering.ore@2 -> 2xitem.immersiveengineering.metal@11, 1xtile.immersiveengineering.ore@2 -> 2xitem.thermalfoundation.material@67, 1xtile.immersiveengineering.ore@2 -> 2xic2.dust@10, 1xtile.immersiveengineering.ore@2 -> 2xitem.exnihiloadscensio.ore.lead@2, 1xtile.immersiveengineering.ore@2 -> 2xitem.dust@2, 1xtile.thermalfoundation.ore@3 -> 2xitem.immersiveengineering.metal@11, 1xtile.thermalfoundation.ore@3 -> 2xitem.thermalfoundation.material@67, 1xtile.thermalfoundation.ore@3 -> 2xic2.dust@10, 1xtile.thermalfoundation.ore@3 -> 2xitem.exnihiloadscensio.ore.lead@2, 1xtile.thermalfoundation.ore@3 -> 2xitem.dust@2, 1xic2.resource@2 -> 2xitem.immersiveengineering.metal@11, 1xic2.resource@2 -> 2xitem.thermalfoundation.material@67, 1xic2.resource@2 -> 2xic2.dust@10, 1xic2.resource@2 -> 2xitem.exnihiloadscensio.ore.lead@2, 1xic2.resource@2 -> 2xitem.dust@2, 1xtile.railcraft.ore@13 -> 2xitem.immersiveengineering.metal@11, 1xtile.railcraft.ore@13 -> 2xitem.thermalfoundation.material@67, 1xtile.railcraft.ore@13 -> 2xic2.dust@10, 1xtile.railcraft.ore@13 -> 2xitem.exnihiloadscensio.ore.lead@2, 1xtile.railcraft.ore@13 -> 2xitem.dust@2, 1xtile.railcraft.ore.metal@2 -> 2xitem.immersiveengineering.metal@11, 1xtile.railcraft.ore.metal@2 -> 2xitem.thermalfoundation.material@67, 1xtile.railcraft.ore.metal@2 -> 2xic2.dust@10, 1xtile.railcraft.ore.metal@2 -> 2xitem.exnihiloadscensio.ore.lead@2, 1xtile.railcraft.ore.metal@2 -> 2xitem.dust@2, 1xitem.exnihiloadscensio.ore.lead@1 -> 2xitem.immersiveengineering.metal@11, 1xitem.exnihiloadscensio.ore.lead@1 -> 2xitem.thermalfoundation.material@67, 1xitem.exnihiloadscensio.ore.lead@1 -> 2xic2.dust@10, 1xitem.exnihiloadscensio.ore.lead@1 -> 2xitem.exnihiloadscensio.ore.lead@2, 1xitem.exnihiloadscensio.ore.lead@1 -> 2xitem.dust@2, 1xtile.ore@2 -> 2xitem.immersiveengineering.metal@11, 1xtile.ore@2 -> 2xitem.thermalfoundation.material@67, 1xtile.ore@2 -> 2xic2.dust@10, 1xtile.ore@2 -> 2xitem.exnihiloadscensio.ore.lead@2, 1xtile.ore@2 -> 2xitem.dust@2, 1xtile.immersiveengineering.ore@3 -> 2xitem.immersiveengineering.metal@12, 1xtile.immersiveengineering.ore@3 -> 2xitem.thermalfoundation.material@66, 1xtile.immersiveengineering.ore@3 -> 2xic2.dust@14, 1xtile.immersiveengineering.ore@3 -> 2xitem.exnihiloadscensio.ore.silver@2, 1xtile.thermalfoundation.ore@2 -> 2xitem.immersiveengineering.metal@12, 1xtile.thermalfoundation.ore@2 -> 2xitem.thermalfoundation.material@66, 1xtile.thermalfoundation.ore@2 -> 2xic2.dust@14, 1xtile.thermalfoundation.ore@2 -> 2xitem.exnihiloadscensio.ore.silver@2, 1xtile.railcraft.ore@14 -> 2xitem.immersiveengineering.metal@12, 1xtile.railcraft.ore@14 -> 2xitem.thermalfoundation.material@66, 1xtile.railcraft.ore@14 -> 2xic2.dust@14, 1xtile.railcraft.ore@14 -> 2xitem.exnihiloadscensio.ore.silver@2, 1xtile.railcraft.ore.metal@3 -> 2xitem.immersiveengineering.metal@12, 1xtile.railcraft.ore.metal@3 -> 2xitem.thermalfoundation.material@66, 1xtile.railcraft.ore.metal@3 -> 2xic2.dust@14, 1xtile.railcraft.ore.metal@3 -> 2xitem.exnihiloadscensio.ore.silver@2, 1xitem.exnihiloadscensio.ore.silver@1 -> 2xitem.immersiveengineering.metal@12, 1xitem.exnihiloadscensio.ore.silver@1 -> 2xitem.thermalfoundation.material@66, 1xitem.exnihiloadscensio.ore.silver@1 -> 2xic2.dust@14, 1xitem.exnihiloadscensio.ore.silver@1 -> 2xitem.exnihiloadscensio.ore.silver@2, 1xtile.immersiveengineering.ore@5 -> 2xitem.bigreactors:dustmetals@0, 1xtile.immersiveengineering.ore@5 -> 2xitem.immersiveengineering.metal@14, 1xtile.immersiveengineering.ore@5 -> 2xitem.dust@4, 1xic2.resource@4 -> 2xitem.bigreactors:dustmetals@0, 1xic2.resource@4 -> 2xitem.immersiveengineering.metal@14, 1xic2.resource@4 -> 2xitem.dust@4, 1xtile.ore@4 -> 2xitem.bigreactors:dustmetals@0, 1xtile.ore@4 -> 2xitem.immersiveengineering.metal@14, 1xtile.ore@4 -> 2xitem.dust@4, 1xitem.immersiveengineering.metal@2 -> 1xitem.immersiveengineering.metal@11, 1xitem.immersiveengineering.metal@2 -> 1xitem.thermalfoundation.material@67, 1xitem.immersiveengineering.metal@2 -> 1xic2.dust@10, 1xitem.immersiveengineering.metal@2 -> 1xitem.exnihiloadscensio.ore.lead@2, 1xitem.immersiveengineering.metal@2 -> 1xitem.dust@2, 1xitem.thermalfoundation.material@131 -> 1xitem.immersiveengineering.metal@11, 1xitem.thermalfoundation.material@131 -> 1xitem.thermalfoundation.material@67, 1xitem.thermalfoundation.material@131 -> 1xic2.dust@10, 1xitem.thermalfoundation.material@131 -> 1xitem.exnihiloadscensio.ore.lead@2, 1xitem.thermalfoundation.material@131 -> 1xitem.dust@2, 1xic2.ingot@3 -> 1xitem.immersiveengineering.metal@11, 1xic2.ingot@3 -> 1xitem.thermalfoundation.material@67, 1xic2.ingot@3 -> 1xic2.dust@10, 1xic2.ingot@3 -> 1xitem.exnihiloadscensio.ore.lead@2, 1xic2.ingot@3 -> 1xitem.dust@2, 1xitem.railcraft.ingot@3 -> 1xitem.immersiveengineering.metal@11, 1xitem.railcraft.ingot@3 -> 1xitem.thermalfoundation.material@67, 1xitem.railcraft.ingot@3 -> 1xic2.dust@10, 1xitem.railcraft.ingot@3 -> 1xitem.exnihiloadscensio.ore.lead@2, 1xitem.railcraft.ingot@3 -> 1xitem.dust@2, 1xitem.exnihiloadscensio.ore.lead@3 -> 1xitem.immersiveengineering.metal@11, 1xitem.exnihiloadscensio.ore.lead@3 -> 1xitem.thermalfoundation.material@67, 1xitem.exnihiloadscensio.ore.lead@3 -> 1xic2.dust@10, 1xitem.exnihiloadscensio.ore.lead@3 -> 1xitem.exnihiloadscensio.ore.lead@2, 1xitem.exnihiloadscensio.ore.lead@3 -> 1xitem.dust@2, 1xitem.ingot@2 -> 1xitem.immersiveengineering.metal@11, 1xitem.ingot@2 -> 1xitem.thermalfoundation.material@67, 1xitem.ingot@2 -> 1xic2.dust@10, 1xitem.ingot@2 -> 1xitem.exnihiloadscensio.ore.lead@2, 1xitem.ingot@2 -> 1xitem.dust@2, 1xitem.immersiveengineering.metal@3 -> 1xitem.immersiveengineering.metal@12, 1xitem.immersiveengineering.metal@3 -> 1xitem.thermalfoundation.material@66, 1xitem.immersiveengineering.metal@3 -> 1xic2.dust@14, 1xitem.immersiveengineering.metal@3 -> 1xitem.exnihiloadscensio.ore.silver@2, 1xitem.thermalfoundation.material@130 -> 1xitem.immersiveengineering.metal@12, 1xitem.thermalfoundation.material@130 -> 1xitem.thermalfoundation.material@66, 1xitem.thermalfoundation.material@130 -> 1xic2.dust@14, 1xitem.thermalfoundation.material@130 -> 1xitem.exnihiloadscensio.ore.silver@2, 1xic2.ingot@4 -> 1xitem.immersiveengineering.metal@12, 1xic2.ingot@4 -> 1xitem.thermalfoundation.material@66, 1xic2.ingot@4 -> 1xic2.dust@14, 1xic2.ingot@4 -> 1xitem.exnihiloadscensio.ore.silver@2, 1xitem.railcraft.ingot@4 -> 1xitem.immersiveengineering.metal@12, 1xitem.railcraft.ingot@4 -> 1xitem.thermalfoundation.material@66, 1xitem.railcraft.ingot@4 -> 1xic2.dust@14, 1xitem.railcraft.ingot@4 -> 1xitem.exnihiloadscensio.ore.silver@2, 1xitem.exnihiloadscensio.ore.silver@3 -> 1xitem.immersiveengineering.metal@12, 1xitem.exnihiloadscensio.ore.silver@3 -> 1xitem.thermalfoundation.material@66, 1xitem.exnihiloadscensio.ore.silver@3 -> 1xic2.dust@14, 1xitem.exnihiloadscensio.ore.silver@3 -> 1xitem.exnihiloadscensio.ore.silver@2, 1xitem.immersiveengineering.metal@4 -> 1xitem.immersiveengineering.metal@13, 1xitem.immersiveengineering.metal@4 -> 1xitem.thermalfoundation.material@69, 1xitem.immersiveengineering.metal@4 -> 1xitem.exnihiloadscensio.ore.nickel@2, 1xitem.thermalfoundation.material@133 -> 1xitem.immersiveengineering.metal@13, 1xitem.thermalfoundation.material@133 -> 1xitem.thermalfoundation.material@69, 1xitem.thermalfoundation.material@133 -> 1xitem.exnihiloadscensio.ore.nickel@2, 1xitem.railcraft.ingot@6 -> 1xitem.immersiveengineering.metal@13, 1xitem.railcraft.ingot@6 -> 1xitem.thermalfoundation.material@69, 1xitem.railcraft.ingot@6 -> 1xitem.exnihiloadscensio.ore.nickel@2, 1xitem.exnihiloadscensio.ore.nickel@3 -> 1xitem.immersiveengineering.metal@13, 1xitem.exnihiloadscensio.ore.nickel@3 -> 1xitem.thermalfoundation.material@69, 1xitem.exnihiloadscensio.ore.nickel@3 -> 1xitem.exnihiloadscensio.ore.nickel@2, 1xitem.immersiveengineering.metal@6 -> 1xitem.immersiveengineering.metal@15, 1xitem.immersiveengineering.metal@6 -> 1xitem.thermalfoundation.material@100, 1xitem.thermalfoundation.material@164 -> 1xitem.immersiveengineering.metal@15, 1xitem.thermalfoundation.material@164 -> 1xitem.thermalfoundation.material@100, 1xitem.immersiveengineering.metal@7 -> 1xitem.immersiveengineering.metal@16, 1xitem.immersiveengineering.metal@7 -> 1xitem.thermalfoundation.material@97, 1xitem.thermalfoundation.material@161 -> 1xitem.immersiveengineering.metal@16, 1xitem.thermalfoundation.material@161 -> 1xitem.thermalfoundation.material@97, 1xitem.immersiveengineering.material@19 -> 1xitem.immersiveengineering.material@18, 1xtile.thermalfoundation.ore@6 -> 2xitem.thermalfoundation.material@70, 1xtile.thermalfoundation.ore@8 -> 2xitem.thermalfoundation.material@72, 1xitem.thermalfoundation.material@134 -> 1xitem.thermalfoundation.material@70, 1xitem.thermalfoundation.material@136 -> 1xitem.thermalfoundation.material@72, 1xitem.thermalfoundation.material@162 -> 1xitem.thermalfoundation.material@98, 1xitem.railcraft.ingot@7 -> 1xitem.thermalfoundation.material@98, 1xitem.thermalfoundation.material@163 -> 1xitem.thermalfoundation.material@99, 1xitem.thermalfoundation.material@163 -> 1xic2.dust@0, 1xic2.ingot@1 -> 1xitem.thermalfoundation.material@99, 1xic2.ingot@1 -> 1xic2.dust@0, 1xitem.for.ingotBronze@0 -> 1xitem.thermalfoundation.material@99, 1xitem.for.ingotBronze@0 -> 1xic2.dust@0, 1xitem.railcraft.ingot@5 -> 1xitem.thermalfoundation.material@99, 1xitem.railcraft.ingot@5 -> 1xic2.dust@0, 1xitem.alloy@0 -> 1xitem.thermalfoundation.material@99, 1xitem.alloy@0 -> 1xic2.dust@0, 1xitem.thermalfoundation.material@165 -> 1xitem.thermalfoundation.material@101, 1xitem.thermalfoundation.material@166 -> 1xitem.thermalfoundation.material@102, 1xitem.thermalfoundation.material@167 -> 1xitem.thermalfoundation.material@103, 1xtile.draconicevolution:draconium_ore@0 -> 2xitem.draconicevolution:draconium_dust@0, 1xitem.draconicevolution:draconium_ingot@0 -> 1xitem.draconicevolution:draconium_dust@0, 1xitem.bwm:material@17 -> 1xitem.bwm:material@16, 1xitem.extrautils2:ingredients@0 -> 1xitem.redstone@0, 1xtile.for.resources@0 -> 2xitem.for.apatite@0, 1xitem.redstonearsenal.material@32 -> 1xitem.redstonearsenal.material@0, 1xtile.railcraft.ore@0 -> 2xitem.thermalfoundation.material@771, 1xtile.railcraft.ore@0 -> 2xitem.bwm:material@25, 1xtile.railcraft.ore@0 -> 2xic2.dust@16, 1xtile.railcraft.ore@0 -> 2xitem.railcraft.dust@1, 1xtile.railcraft.ore@0 -> 2xitem.gem_dust@6, 1xtile.railcraft.ore@1 -> 2xitem.thermalfoundation.material@772, 1xtile.railcraft.ore@1 -> 2xitem.bwm:material@26, 1xtile.railcraft.ore@1 -> 2xitem.railcraft.dust@2, 1xtile.railcraft.ore@5 -> 4xitem.immersiveengineering.metal@29, 1xtile.railcraft.ore@5 -> 4xitem.bwm:material@30, 1xtile.railcraft.ore@5 -> 4xitem.railcraft.nugget@0, 1xtile.railcraft.ore.metal.poor@0 -> 4xitem.immersiveengineering.metal@29, 1xtile.railcraft.ore.metal.poor@0 -> 4xitem.bwm:material@30, 1xtile.railcraft.ore.metal.poor@0 -> 4xitem.railcraft.nugget@0, 1xtile.railcraft.ore@6 -> 4xitem.goldNugget@0, 1xtile.railcraft.ore.metal.poor@1 -> 4xitem.goldNugget@0, 1xtile.railcraft.ore@7 -> 4xitem.nugget@4, 1xtile.railcraft.ore@7 -> 4xitem.immersiveengineering.metal@20, 1xtile.railcraft.ore@7 -> 4xitem.thermalfoundation.material@192, 1xtile.railcraft.ore@7 -> 4xitem.railcraft.nugget@2, 1xtile.railcraft.ore.metal.poor@2 -> 4xitem.nugget@4, 1xtile.railcraft.ore.metal.poor@2 -> 4xitem.immersiveengineering.metal@20, 1xtile.railcraft.ore.metal.poor@2 -> 4xitem.thermalfoundation.material@192, 1xtile.railcraft.ore.metal.poor@2 -> 4xitem.railcraft.nugget@2, 1xtile.railcraft.ore@8 -> 4xitem.nugget@5, 1xtile.railcraft.ore@8 -> 4xitem.thermalfoundation.material@193, 1xtile.railcraft.ore@8 -> 4xitem.railcraft.nugget@3, 1xtile.railcraft.ore.metal.poor@3 -> 4xitem.nugget@5, 1xtile.railcraft.ore.metal.poor@3 -> 4xitem.thermalfoundation.material@193, 1xtile.railcraft.ore.metal.poor@3 -> 4xitem.railcraft.nugget@3, 1xtile.railcraft.ore@9 -> 4xitem.immersiveengineering.metal@22, 1xtile.railcraft.ore@9 -> 4xitem.thermalfoundation.material@195, 1xtile.railcraft.ore@9 -> 4xitem.railcraft.nugget@4, 1xtile.railcraft.ore.metal.poor@4 -> 4xitem.immersiveengineering.metal@22, 1xtile.railcraft.ore.metal.poor@4 -> 4xitem.thermalfoundation.material@195, 1xtile.railcraft.ore.metal.poor@4 -> 4xitem.railcraft.nugget@4, 1xtile.railcraft.ore@10 -> 4xitem.immersiveengineering.metal@23, 1xtile.railcraft.ore@10 -> 4xitem.thermalfoundation.material@194, 1xtile.railcraft.ore@10 -> 4xitem.railcraft.nugget@5, 1xtile.railcraft.ore.metal.poor@5 -> 4xitem.immersiveengineering.metal@23, 1xtile.railcraft.ore.metal.poor@5 -> 4xitem.thermalfoundation.material@194, 1xtile.railcraft.ore.metal.poor@5 -> 4xitem.railcraft.nugget@5, 1xtile.railcraft.ore.metal.poor@6 -> 4xitem.immersiveengineering.metal@24, 1xtile.railcraft.ore.metal.poor@6 -> 4xitem.thermalfoundation.material@197, 1xtile.railcraft.ore.metal.poor@6 -> 4xitem.railcraft.nugget@7, 1xtile.railcraft.ore.metal.poor@7 -> 4xitem.railcraft.nugget@9, 1xitem.soulshardstow.material.@0 -> 1xitem.soulshardstow.material.@1, 1xitem.reinforced_obsidian_ingot@0 -> 1xitem.thermalfoundation.material@770, 1xitem.reinforced_obsidian_ingot@0 -> 1xic2.dust@12, 1xitem.reinforced_obsidian_ingot@0 -> 1xitem.itemPowderIngot@7, 1xitem.reinforced_obsidian_ingot@0 -> 1xitem.railcraft.dust@0, 1xitem.reinforced_obsidian_ingot@0 -> 1xitem.gem_dust@3, 1xtile.actuallyadditions.blockMisc@3 -> 2xitem.actuallyadditions.itemDust@7, 1xitem.actuallyadditions.itemMisc@5 -> 1xitem.actuallyadditions.itemDust@7, 1xtile.appliedenergistics2.quartz_ore@0 -> 2xitem.appliedenergistics2.material@2, 1xitem.exnihiloadscensio.ore.oreYellorite@1 -> 2xitem.exnihiloadscensio.ore.oreYellorite@2, 1xitem.exnihiloadscensio.ore.aluminium@1 -> 2xitem.exnihiloadscensio.ore.aluminium@2, 1xitem.ingot@7 -> 1xitem.dust@7, 1xitem.ingot@10 -> 1xitem.dust@10, 1xitem.ingot@5 -> 1xitem.dust@5, 1xitem.ingot@9 -> 1xitem.dust@9, 1xitem.gem@1 -> 1xitem.gem_dust@4, 1xtile.ore@3 -> 2xitem.dust@3, 1xtile.ore@5 -> 2xitem.dust@5, 1xtile.ore@6 -> 2xic2.dust@11, 1xtile.ore@6 -> 2xitem.dust@6, 1xtile.ore@7 -> 2xitem.dust@7, 1xitem.ingot@3 -> 1xitem.dust@3, 1xitem.ingot@6 -> 1xic2.dust@11, 1xitem.ingot@6 -> 1xitem.dust@6, 1xitem.ingot_oxide@0 -> 1xitem.dust_oxide@0, 1xitem.ingot_oxide@1 -> 1xitem.dust_oxide@1, 1xitem.ingot_oxide@2 -> 1xitem.dust_oxide@2, 1xitem.ingot_oxide@3 -> 1xitem.dust_oxide@3, 1xitem.gem@0 -> 1xitem.gem_dust@1, 1xitem.gem@2 -> 1xitem.gem_dust@5]
[10:22:05] [Client thread/WARN]: Couldn't add 386 Crusher Recipes automatically, either because the inputs were missing outputs, or because they exist already: [oreGold, oreIron, oreLapis, oreDiamond, oreRedstone, oreEmerald, oreQuartz, oreCoal, oreYellorite, oreYellorium, oreAnglesite, oreBenitoite, ingotPlutonium, oreDilithium, oreCopper, oreTin, oreRutile, oreTitanium, oreAluminum, oreIridium, ingotCarbon, gemEnderBiotite, ingotManyullyn, ingotKnightslime, ingotPigiron, ingotAlubrass, ingotBrickSeared, oreCobalt, oreArdite, oreLead, oreSilver, oreNickel, oreUranium, orePlatinum, oreMithril, oreFluidCrudeOilSand, oreFluidCrudeOilShale, oreFluidRedstone, oreFluidGlowstone, oreFluidEnder, oreDraconium, ingotDraconiumAwakened, ingotSoulforgedSteel, gemPearl, ingotElectricalSteel, ingotEnergeticAlloy, ingotVibrantAlloy, ingotRedstoneAlloy, ingotConductiveIron, ingotPulsatingIron, ingotDarkSteel, ingotSoularium, ingotUnstable, gemMoon, ingotDemonicMetal, ingotEnchantedMetal, ingotEvilMetal, gemApatite, oreApatite, ingotRefinedIron, ingotBrass, ingotZinc, ingotRefinedObsidian, ingotRefinedGlowstone, ingotOsmium, ingotManasteel, ingotTerrasteel, ingotElvenElementium, ingotPsi, gemPsi, ingotIvoryPsi, ingotEbonyPsi, ingotTungsten, ingotTungstensteel, ingotChrome, ingotAdvancedAlloy, gemRuby, gemSapphire, gemPeridot, gemYellowGarnet, gemRedGarnet, oreSalt, oreSulfur, oreSaltpeter, orePoorIron, orePoorGold, orePoorCopper, orePoorTin, orePoorLead, orePoorSilver, oreZinc, orePoorNickel, orePoorZinc, oreFirestone, gemCrystalFlux, ingotDarkSoularium, oreQuartzBlack, oreCertusQuartz, oreChargedCertusQuartz, ingotCrystalMatrix, ingotCosmicNeutronium, ingotInfinity, oreNetherIron, denseoreIron, orePigiron, oreNetherPigiron, denseorePigiron, orePoorPigiron, oreKnightslime, oreNetherKnightslime, denseoreKnightslime, orePoorKnightslime, oreAlubrass, oreNetherAlubrass, denseoreAlubrass, orePoorAlubrass, oreNetherCobalt, denseoreCobalt, orePoorCobalt, oreNetherArdite, denseoreArdite, orePoorArdite, oreManyullyn, oreNetherManyullyn, denseoreManyullyn, orePoorManyullyn, oreNetherCopper, denseoreCopper, oreBronze, oreNetherBronze, denseoreBronze, orePoorBronze, oreNetherLead, denseoreLead, oreNetherSilver, denseoreSilver, oreElectrum, oreNetherElectrum, denseoreElectrum, orePoorElectrum, oreSteel, oreNetherSteel, denseoreSteel, orePoorSteel, oreNetherGold, denseoreGold, oreBrass, oreNetherBrass, denseoreBrass, orePoorBrass, oreNetherTin, denseoreTin, oreNetherNickel, denseoreNickel, oreNetherZinc, denseoreZinc, oreNetherAluminum, denseoreAluminum, orePoorAluminum, oreConstantan, oreNetherConstantan, denseoreConstantan, orePoorConstantan, oreEnderium, oreNetherEnderium, denseoreEnderium, orePoorEnderium, oreNetherPlatinum, denseorePlatinum, orePoorPlatinum, oreNetherIridium, denseoreIridium, orePoorIridium, oreNetherMithril, denseoreMithril, orePoorMithril, oreSignalum, oreNetherSignalum, denseoreSignalum, orePoorSignalum, oreLumium, oreNetherLumium, denseoreLumium, orePoorLumium, oreInvar, oreNetherInvar, denseoreInvar, orePoorInvar, oreRefinedObsidian, oreNetherRefinedObsidian, denseoreRefinedObsidian, orePoorRefinedObsidian, oreRefinedGlowstone, oreNetherRefinedGlowstone, denseoreRefinedGlowstone, orePoorRefinedGlowstone, oreOsmium, oreNetherOsmium, denseoreOsmium, orePoorOsmium, oreManasteel, oreNetherManasteel, denseoreManasteel, orePoorManasteel, oreTerrasteel, oreNetherTerrasteel, denseoreTerrasteel, orePoorTerrasteel, oreElvenElementium, oreNetherElvenElementium, denseoreElvenElementium, orePoorElvenElementium, oreElectricalSteel, oreNetherElectricalSteel, denseoreElectricalSteel, orePoorElectricalSteel, oreEnergeticAlloy, oreNetherEnergeticAlloy, denseoreEnergeticAlloy, orePoorEnergeticAlloy, oreVibrantAlloy, oreNetherVibrantAlloy, denseoreVibrantAlloy, orePoorVibrantAlloy, oreRedstoneAlloy, oreNetherRedstoneAlloy, denseoreRedstoneAlloy, orePoorRedstoneAlloy, oreConductiveIron, oreNetherConductiveIron, denseoreConductiveIron, orePoorConductiveIron, orePulsatingIron, oreNetherPulsatingIron, denseorePulsatingIron, orePoorPulsatingIron, oreDarkSteel, oreNetherDarkSteel, denseoreDarkSteel, orePoorDarkSteel, oreSoularium, oreNetherSoularium, denseoreSoularium, orePoorSoularium, oreNetherYellorium, denseoreYellorium, orePoorYellorium, oreCyanite, oreNetherCyanite, denseoreCyanite, orePoorCyanite, oreBlutonium, oreNetherBlutonium, denseoreBlutonium, orePoorBlutonium, oreLudicrite, oreNetherLudicrite, denseoreLudicrite, orePoorLudicrite, oreEnchantedMetal, oreNetherEnchantedMetal, denseoreEnchantedMetal, orePoorEnchantedMetal, orePsi, oreNetherPsi, denseorePsi, orePoorPsi, oreIvoryPsi, oreNetherIvoryPsi, denseoreIvoryPsi, orePoorIvoryPsi, oreEbonyPsi, oreNetherEbonyPsi, denseoreEbonyPsi, orePoorEbonyPsi, oreElectrumFlux, oreNetherElectrumFlux, denseoreElectrumFlux, orePoorElectrumFlux, oreRefinedIron, oreNetherRefinedIron, denseoreRefinedIron, orePoorRefinedIron, oreTungsten, oreNetherTungsten, denseoreTungsten, orePoorTungsten, oreTungstensteel, oreNetherTungstensteel, denseoreTungstensteel, orePoorTungstensteel, oreNetherTitanium, denseoreTitanium, orePoorTitanium, oreChrome, oreNetherChrome, denseoreChrome, orePoorChrome, oreAdvancedAlloy, oreNetherAdvancedAlloy, denseoreAdvancedAlloy, orePoorAdvancedAlloy, oreNetherUranium, denseoreUranium, orePoorUranium, ingotEnderiumBase, oreOreYellorite, oreAluminium, ingotAluminium, oreDemonicMetal, oreNetherDemonicMetal, denseoreDemonicMetal, orePoorDemonicMetal, ingotTough, ingotThorium230, ingotUranium238, ingotFerroboron, ingotPlutonium238, ingotAmericium241, ingotCalifornium250, ingotMagnesiumDiboride, ingotHardCarbon, ingotThorium232, ingotThorium232Oxide, ingotPlutonium239Oxide, ingotPlutonium241Oxide, ingotThorium230Oxide, ingotUranium233, ingotUranium233Oxide, ingotUranium235, ingotUranium235Oxide, ingotUranium238Oxide, ingotNeptunium236, ingotNeptunium236Oxide, ingotNeptunium237, ingotNeptunium237Oxide, ingotPlutonium238Oxide, ingotPlutonium239, ingotPlutonium241, ingotPlutonium242, ingotPlutonium242Oxide, ingotAmericium241Oxide, ingotAmericium242, ingotAmericium242Oxide, ingotAmericium243, ingotAmericium243Oxide, ingotCurium243, ingotCurium243Oxide, ingotCurium245, ingotCurium245Oxide, ingotCurium246, ingotCurium246Oxide, ingotCurium247, ingotCurium247Oxide, ingotBerkelium247, ingotBerkelium247Oxide, ingotBerkelium248, ingotBerkelium248Oxide, ingotCalifornium249, ingotCalifornium249Oxide, ingotCalifornium250Oxide, ingotCalifornium251, ingotCalifornium251Oxide, ingotCalifornium252, ingotCalifornium252Oxide, ingotBoron10, ingotBoron11, ingotLithium6, ingotLithium7, oreThorium, oreBoron, oreLithium, oreMagnesium, ingotLithiumManganeseDioxide, ingotThorium230Base, ingotUranium238Base, ingotNeptunium237Base, ingotPlutonium238Base, ingotPlutonium242Base, ingotAmericium241Base, ingotAmericium243Base, ingotCurium246Base, ingotBerkelium247Base, ingotCalifornium250Base, ingotCalifornium252Base, gemCoal]
[10:22:05] [Client thread/INFO]: Registered a total of 87 booklet chapters, where 292 out of 387 booklet pages contain information about items or fluids!
[10:22:05] [Client thread/INFO]: PostInitializing ClientProxy...
[10:22:05] [Actually Additions Special Fetcher/INFO]: Fetching Special People Stuff...
[10:22:05] [Client thread/INFO]: PostInitialization Finished.
[10:22:05] [Client thread/INFO]: GC IGalacticraftWorldProvider not found
[10:22:05] [Client thread/INFO]: Start registering liquid rocket fuels
[10:22:05] [Client thread/INFO]: Registering fluid rocketfuel as rocket fuel
[10:22:05] [Client thread/INFO]: Finished registering liquid rocket fuels
[10:22:05] [Client thread/INFO]: Start registering sealable blocks
[10:22:05] [Client thread/INFO]: End registering sealable blocks
[10:22:05] [Client thread/INFO]: Start registering torch blocks
[10:22:05] [Client thread/INFO]: End registering torch blocks
[10:22:05] [Client thread/INFO]: Start registering rocket blacklist blocks
[10:22:05] [Client thread/INFO]: End registering rocket blacklist blocks
[10:22:05] [Client thread/INFO]: Start registering Harvestable Gasses
[10:22:05] [Client thread/INFO]: End registering Harvestable Gasses
[10:22:05] [Client thread/INFO]: Start registering entity atmosphere bypass
[10:22:05] [Client thread/INFO]: Registering net.minecraft.entity.monster.EntityZombie for atmosphere bypass
[10:22:05] [Client thread/INFO]: End registering entity atmosphere bypass
[10:22:05] [Client thread/INFO]: Overwriting recipe true
[10:22:05] [Client thread/INFO]: Sucessfully added recipe to zmaster587.advancedRocketry.block.BlockPress for [oreDilithiumx1] -> [2xitem.dust@0]
[10:22:05] [Client thread/INFO]: Overwriting recipe true
[10:22:05] [Client thread/INFO]: Sucessfully added recipe to zmaster587.advancedRocketry.block.BlockPress for [blockIronx1] -> [4xitem.plate@1]
[10:22:05] [Client thread/INFO]: Sucessfully added recipe to zmaster587.advancedRocketry.block.BlockPress for [oreIronx1] -> [2xitem.dust@1]
[10:22:05] [Client thread/INFO]: Overwriting recipe true
[10:22:05] [Client thread/INFO]: Sucessfully added recipe to zmaster587.advancedRocketry.block.BlockPress for [blockGoldx1] -> [4xitem.plate@2]
[10:22:05] [Client thread/INFO]: Sucessfully added recipe to zmaster587.advancedRocketry.block.BlockPress for [oreGoldx1] -> [2xitem.dust@2]
[10:22:05] [Client thread/INFO]: Sucessfully added recipe to zmaster587.advancedRocketry.block.BlockPress for [blockCopperx1] -> [4xitem.plate@4]
[10:22:05] [Client thread/INFO]: Sucessfully added recipe to zmaster587.advancedRocketry.block.BlockPress for [oreCopperx1] -> [2xitem.dust@4]
[10:22:05] [Client thread/INFO]: Sucessfully added recipe to zmaster587.advancedRocketry.block.BlockPress for [blockTinx1] -> [4xitem.plate@5]
[10:22:05] [Client thread/INFO]: Sucessfully added recipe to zmaster587.advancedRocketry.block.BlockPress for [oreTinx1] -> [2xitem.dust@5]
[10:22:05] [Client thread/INFO]: Sucessfully added recipe to zmaster587.advancedRocketry.block.BlockPress for [blockSteelx1] -> [4xitem.plate@6]
[10:22:05] [Client thread/INFO]: Overwriting recipe true
[10:22:05] [Client thread/INFO]: Sucessfully added recipe to zmaster587.advancedRocketry.block.BlockPress for [blockTitaniumx1] -> [4xitem.plate@7]
[10:22:05] [Client thread/INFO]: Overwriting recipe true
[10:22:05] [Client thread/INFO]: Sucessfully added recipe to zmaster587.advancedRocketry.block.BlockPress for [blockAluminumx1] -> [4xitem.plate@9]
[10:22:05] [Client thread/INFO]: Overwriting recipe true
[10:22:05] [Client thread/INFO]: Sucessfully added recipe to zmaster587.advancedRocketry.block.BlockPress for [oreAluminumx1] -> [2xitem.dust@9]
[10:22:05] [Client thread/INFO]: Overwriting recipe true
[10:22:05] [Client thread/INFO]: Sucessfully added recipe to zmaster587.advancedRocketry.block.BlockPress for [blockIridiumx1] -> [4xitem.plate@10]
[10:22:05] [Client thread/INFO]: Overwriting recipe true
[10:22:05] [Client thread/INFO]: Sucessfully added recipe to zmaster587.advancedRocketry.block.BlockPress for [oreIridiumx1] -> [2xitem.dust@10]
[10:22:05] [Client thread/INFO]: Overwriting recipe true
[10:22:05] [Client thread/INFO]: Sucessfully added recipe to zmaster587.advancedRocketry.block.BlockPress for [blockTitaniumAluminidex1] -> [4xitem.plate@0]
[10:22:05] [Client thread/INFO]: Overwriting recipe true
[10:22:05] [Client thread/INFO]: Sucessfully added recipe to zmaster587.advancedRocketry.block.BlockPress for [blockTitaniumIridiumx1] -> [4xitem.plate@1]
[10:22:05] [Client thread/INFO]: Post Initialization ( started )
[10:22:05] [Client thread/INFO]: Layer: appeng/parts/layers/LayerIEnergySource_TileCableBus loaded successfully - 4000 bytes
[10:22:05] [Client thread/INFO]: Layer: appeng/parts/layers/LayerIEnergySink_LayerIEnergySource_TileCableBus loaded successfully - 4215 bytes
[10:22:05] [Client thread/INFO]: Layer: appeng/parts/layers/LayerIEnergySource_TileCableBusTESR loaded successfully - 4012 bytes
[10:22:05] [Client thread/INFO]: Layer: appeng/parts/layers/LayerIEnergySink_LayerIEnergySource_TileCableBusTESR loaded successfully - 4227 bytes
[10:22:05] [Client thread/INFO]: Industrial Craft 2 - Integration Enable
[10:22:05] [Client thread/INFO]: RedstoneFlux Power - Tiles - Integration Enable
[10:22:05] [Client thread/INFO]: RedstoneFlux Power - Items - Integration Enable
[10:22:05] [Client thread/INFO]: Waila - Integration Enable
[10:22:05] [Client thread/INFO]: Just Enough Items - Integration Enable
[10:22:05] [Client thread/INFO]: TheOneProbe - Integration Disabled
[10:22:06] [Actually Additions Special Fetcher/INFO]: Fetching Special People Stuff done!
[10:22:06] [Client thread/INFO]: Post Initialization ( ended after 353ms )
[10:22:06] [Client thread/INFO]: [atomicstryker.battletowers.common.TowerStageItemManager:<init>:73]: Battletowers parsed Item/Block/ChestGenHook net.minecraft.item.Item@4b511e61
[10:22:06] [Client thread/INFO]: [atomicstryker.battletowers.common.TowerStageItemManager:<init>:73]: Battletowers parsed Item/Block/ChestGenHook net.minecraft.item.ItemSeeds@32069394
[10:22:06] [Client thread/INFO]: [atomicstryker.battletowers.common.TowerStageItemManager:<init>:73]: Battletowers parsed Item/Block/ChestGenHook net.minecraft.item.ItemMultiTexture@21e702b8
[10:22:06] [Client thread/INFO]: [atomicstryker.battletowers.common.TowerStageItemManager:<init>:73]: Battletowers parsed Item/Block/ChestGenHook net.minecraft.item.ItemBlockSpecial@5ac0bf84
[10:22:06] [Client thread/INFO]: [atomicstryker.battletowers.common.TowerStageItemManager:<init>:73]: Battletowers parsed Item/Block/ChestGenHook net.minecraft.item.ItemPickaxe@3cf70afa
[10:22:06] [Client thread/INFO]: [atomicstryker.battletowers.common.TowerStageItemManager:<init>:73]: Battletowers parsed Item/Block/ChestGenHook net.minecraft.item.ItemAxe@66dd04e2
[10:22:06] [Client thread/INFO]: [atomicstryker.battletowers.common.TowerStageItemManager:<init>:73]: Battletowers parsed Item/Block/ChestGenHook net.minecraft.item.ItemBlock@534fc1f7
[10:22:06] [Client thread/INFO]: [atomicstryker.battletowers.common.TowerStageItemManager:<init>:73]: Battletowers parsed Item/Block/ChestGenHook net.minecraft.item.ItemBlock@d3d5094
[10:22:06] [Client thread/INFO]: [atomicstryker.battletowers.common.TowerStageItemManager:<init>:73]: Battletowers parsed Item/Block/ChestGenHook net.minecraft.item.Item@74a74070
[10:22:06] [Client thread/INFO]: [atomicstryker.battletowers.common.TowerStageItemManager:<init>:73]: Battletowers parsed Item/Block/ChestGenHook net.minecraft.item.ItemCoal@575d48db
[10:22:06] [Client thread/INFO]: [atomicstryker.battletowers.common.TowerStageItemManager:<init>:73]: Battletowers parsed Item/Block/ChestGenHook net.minecraft.item.ItemRedstone@23358740
[10:22:06] [Client thread/INFO]: [atomicstryker.battletowers.common.TowerStageItemManager:<init>:73]: Battletowers parsed Item/Block/ChestGenHook net.minecraft.item.ItemBlockSpecial@215a0264
[10:22:06] [Client thread/INFO]: [atomicstryker.battletowers.common.TowerStageItemManager:<init>:73]: Battletowers parsed Item/Block/ChestGenHook net.minecraft.item.ItemCloth@12e3f4ae
[10:22:06] [Client thread/INFO]: [atomicstryker.battletowers.common.TowerStageItemManager:<init>:73]: Battletowers parsed Item/Block/ChestGenHook net.minecraft.item.ItemBlock@4c79ca55
[10:22:06] [Client thread/INFO]: [atomicstryker.battletowers.common.TowerStageItemManager:<init>:73]: Battletowers parsed Item/Block/ChestGenHook net.minecraft.item.Item@45832b85
[10:22:06] [Client thread/INFO]: [atomicstryker.battletowers.common.TowerStageItemManager:<init>:73]: Battletowers parsed Item/Block/ChestGenHook net.minecraft.item.ItemFood@5dba3fdc
[10:22:06] [Client thread/INFO]: [atomicstryker.battletowers.common.TowerStageItemManager:<init>:73]: Battletowers parsed Item/Block/ChestGenHook net.minecraft.item.ItemFood@4feec184
[10:22:06] [Client thread/INFO]: [atomicstryker.battletowers.common.TowerStageItemManager:<init>:73]: Battletowers parsed Item/Block/ChestGenHook net.minecraft.item.ItemBlock@1d8dbf10
[10:22:06] [Client thread/INFO]: [atomicstryker.battletowers.common.TowerStageItemManager:<init>:73]: Battletowers parsed Item/Block/ChestGenHook net.minecraft.item.ItemBlock@e171f93
[10:22:06] [Client thread/INFO]: [atomicstryker.battletowers.common.TowerStageItemManager:<init>:73]: Battletowers parsed Item/Block/ChestGenHook net.minecraft.item.ItemMultiTexture@5c9e3d01
[10:22:06] [Client thread/INFO]: [atomicstryker.battletowers.common.TowerStageItemManager:<init>:73]: Battletowers parsed Item/Block/ChestGenHook net.minecraft.item.Item@70421a08
[10:22:06] [Client thread/INFO]: [atomicstryker.battletowers.common.TowerStageItemManager:<init>:73]: Battletowers parsed Item/Block/ChestGenHook net.minecraft.item.ItemSign@2c0a3826
[10:22:06] [Client thread/INFO]: [atomicstryker.battletowers.common.TowerStageItemManager:<init>:73]: Battletowers parsed Item/Block/ChestGenHook net.minecraft.item.ItemFishingRod@4d0b7fd5
[10:22:06] [Client thread/INFO]: [atomicstryker.battletowers.common.TowerStageItemManager:<init>:73]: Battletowers parsed Item/Block/ChestGenHook net.minecraft.item.ItemSeeds@713e49c3
[10:22:06] [Client thread/INFO]: [atomicstryker.battletowers.common.TowerStageItemManager:<init>:73]: Battletowers parsed Item/Block/ChestGenHook net.minecraft.item.ItemSeeds@13d5606c
[10:22:06] [Client thread/INFO]: [atomicstryker.battletowers.common.TowerStageItemManager:<init>:73]: Battletowers parsed Item/Block/ChestGenHook de.ellpeck.actuallyadditions.mod.items.ItemCrystal@633d117a
[10:22:06] [Client thread/INFO]: [atomicstryker.battletowers.common.TowerStageItemManager:<init>:73]: Battletowers parsed Item/Block/ChestGenHook net.minecraft.item.ItemSword@18dbc1b
[10:22:06] [Client thread/INFO]: [atomicstryker.battletowers.common.TowerStageItemManager:<init>:73]: Battletowers parsed Item/Block/ChestGenHook net.minecraft.item.ItemBlock@6585df70
[10:22:06] [Client thread/INFO]: [atomicstryker.battletowers.common.TowerStageItemManager:<init>:73]: Battletowers parsed Item/Block/ChestGenHook net.minecraft.item.Item@103478b8
[10:22:06] [Client thread/INFO]: [atomicstryker.battletowers.common.TowerStageItemManager:<init>:73]: Battletowers parsed Item/Block/ChestGenHook net.minecraft.item.Item@2052f095
[10:22:06] [Client thread/INFO]: [atomicstryker.battletowers.common.TowerStageItemManager:<init>:73]: Battletowers parsed Item/Block/ChestGenHook net.minecraft.item.ItemFishFood@67b3960b
[10:22:06] [Client thread/INFO]: [atomicstryker.battletowers.common.TowerStageItemManager:<init>:73]: Battletowers parsed Item/Block/ChestGenHook net.minecraft.item.ItemDye@11ce9319
[10:22:06] [Client thread/INFO]: [atomicstryker.battletowers.common.TowerStageItemManager:<init>:73]: Battletowers parsed Item/Block/ChestGenHook net.minecraft.item.ItemArmor@3856d0cb
[10:22:06] [Client thread/INFO]: [atomicstryker.battletowers.common.TowerStageItemManager:<init>:73]: Battletowers parsed Item/Block/ChestGenHook net.minecraft.item.ItemArmor@2125535d
[10:22:06] [Client thread/INFO]: [atomicstryker.battletowers.common.TowerStageItemManager:<init>:73]: Battletowers parsed Item/Block/ChestGenHook net.minecraft.item.ItemArmor@d190639
[10:22:06] [Client thread/INFO]: [atomicstryker.battletowers.common.TowerStageItemManager:<init>:73]: Battletowers parsed Item/Block/ChestGenHook net.minecraft.item.ItemArmor@5f82209e
[10:22:06] [Client thread/INFO]: [atomicstryker.battletowers.common.TowerStageItemManager:<init>:73]: Battletowers parsed Item/Block/ChestGenHook ChestGenHook:dungeonChest:3
[10:22:06] [Client thread/INFO]: [atomicstryker.battletowers.common.TowerStageItemManager:<init>:73]: Battletowers parsed Item/Block/ChestGenHook net.minecraft.item.ItemBlock@924f3f1
[10:22:06] [Client thread/INFO]: [atomicstryker.battletowers.common.TowerStageItemManager:<init>:73]: Battletowers parsed Item/Block/ChestGenHook net.minecraft.item.ItemBlock@646d58cd
[10:22:06] [Client thread/INFO]: [atomicstryker.battletowers.common.TowerStageItemManager:<init>:73]: Battletowers parsed Item/Block/ChestGenHook net.minecraft.item.ItemLilyPad@351e86b2
[10:22:06] [Client thread/INFO]: [atomicstryker.battletowers.common.TowerStageItemManager:<init>:73]: Battletowers parsed Item/Block/ChestGenHook net.minecraft.item.ItemBlockSpecial@7ef9c8a5
[10:22:06] [Client thread/INFO]: [atomicstryker.battletowers.common.TowerStageItemManager:<init>:73]: Battletowers parsed Item/Block/ChestGenHook ChestGenHook:dungeonChest:5
[10:22:06] [Client thread/INFO]: [atomicstryker.battletowers.common.TowerStageItemManager:<init>:73]: Battletowers parsed Item/Block/ChestGenHook net.minecraft.item.ItemEnderPearl@5b74902c
[10:22:06] [Client thread/INFO]: [atomicstryker.battletowers.common.TowerStageItemManager:<init>:73]: Battletowers parsed Item/Block/ChestGenHook net.minecraft.item.Item@1b36d248
[10:22:06] [Client thread/INFO]: [atomicstryker.battletowers.common.TowerStageItemManager:<init>:73]: Battletowers parsed Item/Block/ChestGenHook net.minecraft.item.ItemRedstone@23358740
[10:22:06] [Client thread/INFO]: [atomicstryker.battletowers.common.TowerStageItemManager:<init>:73]: Battletowers parsed Item/Block/ChestGenHook ic2.core.item.ItemMulti@4000acfa
[10:22:06] [Client thread/INFO]: [atomicstryker.battletowers.common.TowerStageItemManager:<init>:73]: Battletowers parsed Item/Block/ChestGenHook com.kashdeya.tinyprogressions.items.apple.GoldenApple@60ab871b
[10:22:06] [Client thread/INFO]: [atomicstryker.battletowers.common.TowerStageItemManager:<init>:73]: Battletowers parsed Item/Block/ChestGenHook ChestGenHook:dungeonChest:7
[10:22:10] [Immersive Engineering Contributors Thread/INFO]: Attempting to download special revolvers from GitHub
[10:22:10] [Client thread/INFO]: [blusunrize.immersiveengineering.common.util.compat.RailcraftHelper:postInit:78]: java.lang.ClassCastException: mods.railcraft.client.render.models.programmatic.carts.ModelMinecartRailcraft cannot be cast to net.minecraft.client.model.ModelMinecart
[10:22:10] [Client thread/INFO]: [blusunrize.immersiveengineering.common.util.compat.RailcraftHelper:postInit:78]: 	at blusunrize.immersiveengineering.common.util.compat.RailcraftHelper.postInit(RailcraftHelper.java:65)
[10:22:10] [Client thread/INFO]: [blusunrize.immersiveengineering.common.util.compat.RailcraftHelper:postInit:78]: 	at blusunrize.immersiveengineering.common.util.compat.IECompatModule.doModulesPostInit(IECompatModule.java:102)
[10:22:10] [Client thread/INFO]: [blusunrize.immersiveengineering.common.util.compat.RailcraftHelper:postInit:78]: 	at blusunrize.immersiveengineering.ImmersiveEngineering.postInit(ImmersiveEngineering.java:148)
[10:22:10] [Client thread/INFO]: [blusunrize.immersiveengineering.common.util.compat.RailcraftHelper:postInit:78]: 	at sun.reflect.NativeMethodAccessorImpl.invoke0(Native Method)
[10:22:10] [Client thread/INFO]: [blusunrize.immersiveengineering.common.util.compat.RailcraftHelper:postInit:78]: 	at sun.reflect.NativeMethodAccessorImpl.invoke(NativeMethodAccessorImpl.java:62)
[10:22:10] [Client thread/INFO]: [blusunrize.immersiveengineering.common.util.compat.RailcraftHelper:postInit:78]: 	at sun.reflect.DelegatingMethodAccessorImpl.invoke(DelegatingMethodAccessorImpl.java:43)
[10:22:10] [Client thread/INFO]: [blusunrize.immersiveengineering.common.util.compat.RailcraftHelper:postInit:78]: 	at java.lang.reflect.Method.invoke(Method.java:497)
[10:22:10] [Client thread/INFO]: [blusunrize.immersiveengineering.common.util.compat.RailcraftHelper:postInit:78]: 	at net.minecraftforge.fml.common.FMLModContainer.handleModStateEvent(FMLModContainer.java:616)
[10:22:10] [Client thread/INFO]: [blusunrize.immersiveengineering.common.util.compat.RailcraftHelper:postInit:78]: 	at sun.reflect.GeneratedMethodAccessor2.invoke(Unknown Source)
[10:22:10] [Client thread/INFO]: [blusunrize.immersiveengineering.common.util.compat.RailcraftHelper:postInit:78]: 	at sun.reflect.DelegatingMethodAccessorImpl.invoke(DelegatingMethodAccessorImpl.java:43)
[10:22:10] [Client thread/INFO]: [blusunrize.immersiveengineering.common.util.compat.RailcraftHelper:postInit:78]: 	at java.lang.reflect.Method.invoke(Method.java:497)
[10:22:10] [Client thread/INFO]: [blusunrize.immersiveengineering.common.util.compat.RailcraftHelper:postInit:78]: 	at com.google.common.eventbus.EventSubscriber.handleEvent(EventSubscriber.java:74)
[10:22:10] [Client thread/INFO]: [blusunrize.immersiveengineering.common.util.compat.RailcraftHelper:postInit:78]: 	at com.google.common.eventbus.SynchronizedEventSubscriber.handleEvent(SynchronizedEventSubscriber.java:47)
[10:22:10] [Client thread/INFO]: [blusunrize.immersiveengineering.common.util.compat.RailcraftHelper:postInit:78]: 	at com.google.common.eventbus.EventBus.dispatch(EventBus.java:322)
[10:22:10] [Client thread/INFO]: [blusunrize.immersiveengineering.common.util.compat.RailcraftHelper:postInit:78]: 	at com.google.common.eventbus.EventBus.dispatchQueuedEvents(EventBus.java:304)
[10:22:10] [Client thread/INFO]: [blusunrize.immersiveengineering.common.util.compat.RailcraftHelper:postInit:78]: 	at com.google.common.eventbus.EventBus.post(EventBus.java:275)
[10:22:10] [Client thread/INFO]: [blusunrize.immersiveengineering.common.util.compat.RailcraftHelper:postInit:78]: 	at net.minecraftforge.fml.common.LoadController.sendEventToModContainer(LoadController.java:243)
[10:22:10] [Client thread/INFO]: [blusunrize.immersiveengineering.common.util.compat.RailcraftHelper:postInit:78]: 	at net.minecraftforge.fml.common.LoadController.propogateStateMessage(LoadController.java:221)
[10:22:10] [Client thread/INFO]: [blusunrize.immersiveengineering.common.util.compat.RailcraftHelper:postInit:78]: 	at sun.reflect.NativeMethodAccessorImpl.invoke0(Native Method)
[10:22:10] [Client thread/INFO]: [blusunrize.immersiveengineering.common.util.compat.RailcraftHelper:postInit:78]: 	at sun.reflect.NativeMethodAccessorImpl.invoke(NativeMethodAccessorImpl.java:62)
[10:22:10] [Client thread/INFO]: [blusunrize.immersiveengineering.common.util.compat.RailcraftHelper:postInit:78]: 	at sun.reflect.DelegatingMethodAccessorImpl.invoke(DelegatingMethodAccessorImpl.java:43)
[10:22:10] [Client thread/INFO]: [blusunrize.immersiveengineering.common.util.compat.RailcraftHelper:postInit:78]: 	at java.lang.reflect.Method.invoke(Method.java:497)
[10:22:10] [Client thread/INFO]: [blusunrize.immersiveengineering.common.util.compat.RailcraftHelper:postInit:78]: 	at com.google.common.eventbus.EventSubscriber.handleEvent(EventSubscriber.java:74)
[10:22:10] [Client thread/INFO]: [blusunrize.immersiveengineering.common.util.compat.RailcraftHelper:postInit:78]: 	at com.google.common.eventbus.SynchronizedEventSubscriber.handleEvent(SynchronizedEventSubscriber.java:47)
[10:22:10] [Client thread/INFO]: [blusunrize.immersiveengineering.common.util.compat.RailcraftHelper:postInit:78]: 	at com.google.common.eventbus.EventBus.dispatch(EventBus.java:322)
[10:22:10] [Client thread/INFO]: [blusunrize.immersiveengineering.common.util.compat.RailcraftHelper:postInit:78]: 	at com.google.common.eventbus.EventBus.dispatchQueuedEvents(EventBus.java:304)
[10:22:10] [Client thread/INFO]: [blusunrize.immersiveengineering.common.util.compat.RailcraftHelper:postInit:78]: 	at com.google.common.eventbus.EventBus.post(EventBus.java:275)
[10:22:10] [Client thread/INFO]: [blusunrize.immersiveengineering.common.util.compat.RailcraftHelper:postInit:78]: 	at net.minecraftforge.fml.common.LoadController.distributeStateMessage(LoadController.java:145)
[10:22:10] [Client thread/INFO]: [blusunrize.immersiveengineering.common.util.compat.RailcraftHelper:postInit:78]: 	at net.minecraftforge.fml.common.Loader.initializeMods(Loader.java:810)
[10:22:10] [Client thread/INFO]: [blusunrize.immersiveengineering.common.util.compat.RailcraftHelper:postInit:78]: 	at net.minecraftforge.fml.client.FMLClientHandler.finishMinecraftLoading(FMLClientHandler.java:334)
[10:22:10] [Client thread/INFO]: [blusunrize.immersiveengineering.common.util.compat.RailcraftHelper:postInit:78]: 	at net.minecraft.client.Minecraft.func_71384_a(Minecraft.java:520)
[10:22:10] [Client thread/INFO]: [blusunrize.immersiveengineering.common.util.compat.RailcraftHelper:postInit:78]: 	at net.minecraft.client.Minecraft.func_99999_d(Minecraft.java:351)
[10:22:10] [Client thread/INFO]: [blusunrize.immersiveengineering.common.util.compat.RailcraftHelper:postInit:78]: 	at net.minecraft.client.main.Main.main(SourceFile:124)
[10:22:10] [Client thread/INFO]: [blusunrize.immersiveengineering.common.util.compat.RailcraftHelper:postInit:78]: 	at sun.reflect.NativeMethodAccessorImpl.invoke0(Native Method)
[10:22:10] [Client thread/INFO]: [blusunrize.immersiveengineering.common.util.compat.RailcraftHelper:postInit:78]: 	at sun.reflect.NativeMethodAccessorImpl.invoke(NativeMethodAccessorImpl.java:62)
[10:22:10] [Client thread/INFO]: [blusunrize.immersiveengineering.common.util.compat.RailcraftHelper:postInit:78]: 	at sun.reflect.DelegatingMethodAccessorImpl.invoke(DelegatingMethodAccessorImpl.java:43)
[10:22:10] [Client thread/INFO]: [blusunrize.immersiveengineering.common.util.compat.RailcraftHelper:postInit:78]: 	at java.lang.reflect.Method.invoke(Method.java:497)
[10:22:10] [Client thread/INFO]: [blusunrize.immersiveengineering.common.util.compat.RailcraftHelper:postInit:78]: 	at net.minecraft.launchwrapper.Launch.launch(Launch.java:135)
[10:22:10] [Client thread/INFO]: [blusunrize.immersiveengineering.common.util.compat.RailcraftHelper:postInit:78]: 	at net.minecraft.launchwrapper.Launch.main(Launch.java:28)
[10:22:10] [Client thread/INFO]: Finished PostInitialization
[10:22:10] [Client thread/INFO]: Thermal Expansion: Forestry Plugin Enabled.
[10:22:10] [Client thread/INFO]: Thermal Expansion: HarvestCraft Plugin Enabled.
[10:22:10] [Client thread/INFO]: Thermal Expansion: Tinkers' Construct Plugin Enabled.
[10:22:12] [Client thread/INFO]: Added 'minecraft:lapis_ore/0=>1*minecraft:lapis_ore/4=>minecraft:lapis_ore/0' to mapping
[10:22:12] [Client thread/INFO]: Added 'minecraft:lit_redstone_ore/0=>1*minecraft:redstone_ore/0=>minecraft:lit_redstone_ore/0' to mapping
[10:22:12] [Client thread/INFO]: Added 'minecraft:grass/0=>1*minecraft:grass/0=>minecraft:grass/0' to mapping
[10:22:12] [Client thread/INFO]: Added 'minecraft:grass/0=>1*minecraft:dirt/0=>minecraft:dirt/0' to mapping
[10:22:12] [Client thread/INFO]: Added 'minecraft:dirt/1=>1*minecraft:dirt/1=>minecraft:dirt/1' to mapping
[10:22:12] [Client thread/INFO]: Added 'minecraft:dirt/1=>1*minecraft:dirt/0=>minecraft:dirt/0' to mapping
[10:22:12] [Client thread/INFO]: Added 'minecraft:dirt/2=>1*minecraft:dirt/2=>minecraft:dirt/2' to mapping
[10:22:12] [Client thread/INFO]: Added 'minecraft:dirt/2=>1*minecraft:dirt/0=>minecraft:dirt/0' to mapping
[10:22:12] [Client thread/INFO]: Loading predefined UU world scan values, run /ic2 uu-world-scan <small|medium|large> to calibrate them for your world.
[10:22:12] [Client thread/INFO]: IC2 version 2.6.252-ex110 loaded.
[10:22:13] [Client thread/INFO]: [jaredbgreat.dldungeons.themes.ThemeReader:readNBT:182]: [DLDUNGEONS] Loading custom NBT tags (nbt.cfg)
[10:22:13] [Client thread/INFO]: [jaredbgreat.dldungeons.nbt.tags.Tags:makeITag:24]: HEALTH1, Potion, healing
[10:22:13] [Client thread/INFO]: [jaredbgreat.dldungeons.nbt.tags.Tags:makeITag:24]: HEALTH2, Potion, strong_healing
[10:22:13] [Client thread/INFO]: [jaredbgreat.dldungeons.nbt.tags.Tags:makeITag:24]: REGEN1, Potion, regeneration
[10:22:13] [Client thread/INFO]: [jaredbgreat.dldungeons.nbt.tags.Tags:makeITag:24]: REGEN2, Potion, strong_regeneration
[10:22:13] [Client thread/INFO]: [jaredbgreat.dldungeons.nbt.tags.Tags:makeITag:24]: REGENX, Potion, long_regeneration
[10:22:13] [Client thread/INFO]: [jaredbgreat.dldungeons.nbt.tags.Tags:makeITag:24]: SHARP, id, 16
[10:22:13] [Client thread/INFO]: [jaredbgreat.dldungeons.nbt.tags.Tags:makeITag:24]: LOOT, id, 21
[10:22:13] [Client thread/INFO]: [jaredbgreat.dldungeons.nbt.tags.Tags:makeITag:24]: SILK, id, 33
[10:22:13] [Client thread/INFO]: [jaredbgreat.dldungeons.nbt.tags.Tags:makeITag:24]: LVL1, lvl, 1
[10:22:13] [Client thread/INFO]: [jaredbgreat.dldungeons.nbt.tags.Tags:makeITag:24]: LVL3, lvl, 3
[10:22:13] [Client thread/INFO]: [jaredbgreat.dldungeons.nbt.tags.Tags:makeITag:24]: SLICE, Name, Clean Slicer
[10:22:13] [Client thread/INFO]: [jaredbgreat.dldungeons.nbt.tags.Tags:makeITag:24]: SLNM, display, SLICE
[10:22:13] [Client thread/INFO]: [jaredbgreat.dldungeons.nbt.tags.Tags:makeITag:24]: SHARP3, 0, SHARP,LVL3
[10:22:13] [Client thread/INFO]: [jaredbgreat.dldungeons.nbt.tags.Tags:makeITag:24]: LOOT1, 1, LOOT,LVL1
[10:22:13] [Client thread/INFO]: [jaredbgreat.dldungeons.nbt.tags.Tags:makeITag:24]: SILK1, 2, SILK,LVL1
[10:22:13] [Client thread/INFO]: [jaredbgreat.dldungeons.nbt.tags.Tags:makeITag:24]: SLEN, ench, SHARP3,LOOT1,SILK1
[10:22:13] [Client thread/INFO]: [jaredbgreat.dldungeons.nbt.tags.Tags:makeITag:24]: SLSW, Slice, SLEN,SLNM
[10:22:13] [Client thread/INFO]: [jaredbgreat.dldungeons.nbt.tags.Tags:makeITag:24]: ETERNAL, Unbreakable, 1
[10:22:13] [Client thread/INFO]: [jaredbgreat.dldungeons.nbt.tags.Tags:makeITag:24]: EEGG1, 35, 3
[10:22:13] [Client thread/INFO]: [jaredbgreat.dldungeons.nbt.tags.Tags:makeITag:24]: EEGG3, 32, 5
[10:22:13] [Client thread/INFO]: [jaredbgreat.dldungeons.nbt.tags.Tags:makeITag:24]: EEGG5, Name, Fortuna Major
[10:22:13] [Client thread/INFO]: [jaredbgreat.dldungeons.nbt.tags.Tags:makeITag:24]: EEGG6, display, EEGG5
[10:22:13] [Client thread/INFO]: [jaredbgreat.dldungeons.nbt.tags.Tags:makeITag:24]: HAPPYEASTER, EasterEgg, EEGG1,EEGG3,EEGG6,ETERNAL
[10:22:13] [Client thread/INFO]: [jaredbgreat.dldungeons.themes.ThemeReader:readThemes:147]: [DLDUNGEONS] Found 12 themes.
[10:22:13] [Client thread/INFO]: [jaredbgreat.dldungeons.themes.ThemeReader:readLoot:222]: [DLDUNGEONS] Loading chest loot file (chests.cfg)
[10:22:13] [Client thread/WARN]: OreDictionaryPreferenceParser: Attempted to register 1xitem.tconstruct.materials@11 as the preffered output for ingotAluminium but it is not registered in the OreDictionary as ingotAluminium
[10:22:13] [Client thread/WARN]: RecipeParser: Could not find a specific item in the ore dictionary for slabWood. Assuming tile.woodSlab.oak with meta=0.
[10:22:13] [Client thread/WARN]: Not adding supplied recipe as a recipe already exists for the input: 1xitem.exnihiloadscensio.ore.copper@1
[10:22:13] [Client thread/WARN]: Not adding supplied recipe as a recipe already exists for the input: 1xitem.exnihiloadscensio.ore.aluminium@1
[10:22:13] [Client thread/WARN]: Not adding supplied recipe as a recipe already exists for the input: 1xitem.exnihiloadscensio.ore.lead@1
[10:22:13] [Client thread/WARN]: Not adding supplied recipe as a recipe already exists for the input: 1xitem.exnihiloadscensio.ore.silver@1
[10:22:13] [Client thread/WARN]: Not adding supplied recipe as a recipe already exists for the input: 1xitem.exnihiloadscensio.ore.nickel@1
[10:22:13] [Client thread/WARN]: Not adding supplied recipe as a recipe already exists for the input: 1xitem.exnihiloadscensio.ore.ardite@1
[10:22:13] [Client thread/WARN]: Not adding supplied recipe as a recipe already exists for the input: 1xitem.exnihiloadscensio.ore.cobalt@1
[10:22:13] [Client thread/WARN]: Not adding supplied recipe as a recipe already exists for the input: 1xtile.immersiveengineering.ore@3
[10:22:13] [Client thread/WARN]: Not adding supplied recipe as a recipe already exists for the input: 1xitem.thermalfoundation.material@130
[10:22:13] [Client thread/WARN]: Not adding supplied recipe as a recipe already exists for the input: 1xitem.thermalfoundation.material@163
[10:22:13] [Client thread/WARN]: Not adding supplied recipe as a recipe already exists for the input: 1xtile.immersiveengineering.storage@3
[10:22:13] [Client thread/WARN]: Not adding supplied recipe as a recipe already exists for the input: 1xtile.thermalfoundation.storage@3
[10:22:14] [Client thread/WARN]: Could not find Build Craft Wrench definition. Wrench integration with other mods may fail
[10:22:14] [Client thread/WARN]: Not adding supplied recipe as a recipe already exists for the input: 1xitem.exnihiloadscensio.ore.gold@1
[10:22:14] [Client thread/WARN]: Not adding supplied recipe as a recipe already exists for the input: 1xitem.exnihiloadscensio.ore.tin@1
[10:22:14] [Client thread/WARN]: Not adding supplied recipe as a recipe already exists for the input: 1xitem.exnihiloadscensio.ore.cobalt@1
[10:22:14] [Client thread/WARN]: Not adding supplied recipe as a recipe already exists for the input: 1xitem.exnihiloadscensio.ore.iron@1
[10:22:14] [Client thread/WARN]: Not adding supplied recipe as a recipe already exists for the input: 1xitem.exnihiloadscensio.ore.lead@1
[10:22:14] [Client thread/WARN]: Not adding supplied recipe as a recipe already exists for the input: 1xitem.exnihiloadscensio.ore.silver@1
[10:22:14] [Client thread/WARN]: Not adding supplied recipe as a recipe already exists for the input: 1xitem.exnihiloadscensio.ore.aluminium@1
[10:22:14] [Client thread/WARN]: Not adding supplied recipe as a recipe already exists for the input: 1xitem.exnihiloadscensio.ore.nickel@1
[10:22:14] [Client thread/WARN]: Not adding supplied recipe as a recipe already exists for the input: 1xitem.exnihiloadscensio.ore.ardite@1
[10:22:14] [Client thread/WARN]: Not adding supplied recipe as a recipe already exists for the input: 1xitem.exnihiloadscensio.ore.copper@1
[10:22:15] [Client thread/ERROR]: Could not load remote skins for auto sieve: 
java.io.IOException: Server returned HTTP response code: 403 for URL: http://blay09.net/mods/control-panel/api/skins.php
	at sun.net.www.protocol.http.HttpURLConnection.getInputStream0(HttpURLConnection.java:1839) ~[?:1.8.0_51]
	at sun.net.www.protocol.http.HttpURLConnection.access$200(HttpURLConnection.java:90) ~[?:1.8.0_51]
	at sun.net.www.protocol.http.HttpURLConnection$9.run(HttpURLConnection.java:1432) ~[?:1.8.0_51]
	at sun.net.www.protocol.http.HttpURLConnection$9.run(HttpURLConnection.java:1430) ~[?:1.8.0_51]
	at java.security.AccessController.doPrivileged(Native Method) ~[?:1.8.0_51]
	at java.security.AccessController.doPrivileged(AccessController.java:713) ~[?:1.8.0_51]
	at sun.net.www.protocol.http.HttpURLConnection.getInputStream(HttpURLConnection.java:1429) ~[?:1.8.0_51]
	at java.net.URL.openStream(URL.java:1038) ~[?:1.8.0_51]
	at net.blay09.mods.excompressum.registry.AutoSieveSkinRegistry$1.run(AutoSieveSkinRegistry.java:33) [AutoSieveSkinRegistry$1.class:?]
	at java.lang.Thread.run(Thread.java:745) [?:1.8.0_51]
	at net.blay09.mods.excompressum.registry.AutoSieveSkinRegistry.load(AutoSieveSkinRegistry.java:54) [AutoSieveSkinRegistry.class:?]
	at net.blay09.mods.excompressum.ExCompressum.postInit(ExCompressum.java:137) [ExCompressum.class:?]
	at sun.reflect.NativeMethodAccessorImpl.invoke0(Native Method) ~[?:1.8.0_51]
	at sun.reflect.NativeMethodAccessorImpl.invoke(NativeMethodAccessorImpl.java:62) ~[?:1.8.0_51]
	at sun.reflect.DelegatingMethodAccessorImpl.invoke(DelegatingMethodAccessorImpl.java:43) ~[?:1.8.0_51]
	at java.lang.reflect.Method.invoke(Method.java:497) ~[?:1.8.0_51]
	at net.minecraftforge.fml.common.FMLModContainer.handleModStateEvent(FMLModContainer.java:616) [FMLModContainer.class:?]
	at sun.reflect.GeneratedMethodAccessor2.invoke(Unknown Source) ~[?:?]
	at sun.reflect.DelegatingMethodAccessorImpl.invoke(DelegatingMethodAccessorImpl.java:43) ~[?:1.8.0_51]
	at java.lang.reflect.Method.invoke(Method.java:497) ~[?:1.8.0_51]
	at com.google.common.eventbus.EventSubscriber.handleEvent(EventSubscriber.java:74) [guava-17.0.jar:?]
	at com.google.common.eventbus.SynchronizedEventSubscriber.handleEvent(SynchronizedEventSubscriber.java:47) [guava-17.0.jar:?]
	at com.google.common.eventbus.EventBus.dispatch(EventBus.java:322) [guava-17.0.jar:?]
	at com.google.common.eventbus.EventBus.dispatchQueuedEvents(EventBus.java:304) [guava-17.0.jar:?]
	at com.google.common.eventbus.EventBus.post(EventBus.java:275) [guava-17.0.jar:?]
	at net.minecraftforge.fml.common.LoadController.sendEventToModContainer(LoadController.java:243) [LoadController.class:?]
	at net.minecraftforge.fml.common.LoadController.propogateStateMessage(LoadController.java:221) [LoadController.class:?]
	at sun.reflect.NativeMethodAccessorImpl.invoke0(Native Method) ~[?:1.8.0_51]
	at sun.reflect.NativeMethodAccessorImpl.invoke(NativeMethodAccessorImpl.java:62) ~[?:1.8.0_51]
	at sun.reflect.DelegatingMethodAccessorImpl.invoke(DelegatingMethodAccessorImpl.java:43) ~[?:1.8.0_51]
	at java.lang.reflect.Method.invoke(Method.java:497) ~[?:1.8.0_51]
	at com.google.common.eventbus.EventSubscriber.handleEvent(EventSubscriber.java:74) [guava-17.0.jar:?]
	at com.google.common.eventbus.SynchronizedEventSubscriber.handleEvent(SynchronizedEventSubscriber.java:47) [guava-17.0.jar:?]
	at com.google.common.eventbus.EventBus.dispatch(EventBus.java:322) [guava-17.0.jar:?]
	at com.google.common.eventbus.EventBus.dispatchQueuedEvents(EventBus.java:304) [guava-17.0.jar:?]
	at com.google.common.eventbus.EventBus.post(EventBus.java:275) [guava-17.0.jar:?]
	at net.minecraftforge.fml.common.LoadController.distributeStateMessage(LoadController.java:145) [LoadController.class:?]
	at net.minecraftforge.fml.common.Loader.initializeMods(Loader.java:810) [Loader.class:?]
	at net.minecraftforge.fml.client.FMLClientHandler.finishMinecraftLoading(FMLClientHandler.java:334) [FMLClientHandler.class:?]
	at net.minecraft.client.Minecraft.func_71384_a(Minecraft.java:520) [bcx.class:?]
	at net.minecraft.client.Minecraft.func_99999_d(Minecraft.java:351) [bcx.class:?]
	at net.minecraft.client.main.Main.main(SourceFile:124) [Main.class:?]
	at sun.reflect.NativeMethodAccessorImpl.invoke0(Native Method) ~[?:1.8.0_51]
	at sun.reflect.NativeMethodAccessorImpl.invoke(NativeMethodAccessorImpl.java:62) ~[?:1.8.0_51]
	at sun.reflect.DelegatingMethodAccessorImpl.invoke(DelegatingMethodAccessorImpl.java:43) ~[?:1.8.0_51]
	at java.lang.reflect.Method.invoke(Method.java:497) ~[?:1.8.0_51]
	at net.minecraft.launchwrapper.Launch.launch(Launch.java:135) [launchwrapper-1.12.jar:?]
	at net.minecraft.launchwrapper.Launch.main(Launch.java:28) [launchwrapper-1.12.jar:?]
[10:22:15] [Client thread/WARN]: Failed to find item for (biomesoplenty:mud) in the Forge registry.
[10:22:15] [Client thread/INFO]: Weakening LaunchWrapper resource cache...
[10:22:15] [Client thread/INFO]: Optimized 4 FML registries, saving 33554272 bytes.
[10:22:16] [Client thread/ERROR]: Couldn't locate icons for Default: D:\Legacy%20Launcher\Forever%20Stranded\mods\journeymap-1.10.2-5.5.2.jar\assets\journeymap\icon\entity
[10:22:16] [Client thread/INFO]: Added entity icons from journeymap:icon/entity. Success: false
[10:22:16] [Client thread/ERROR]: Couldn't locate icons for flat: D:\Legacy%20Launcher\Forever%20Stranded\mods\journeymap-1.10.2-5.5.2.jar\assets\journeymap\theme\flat
[10:22:16] [Client thread/INFO]: Preloaded theme textures: 0
[10:22:16] [JM-VersionCheck-1/ERROR]: Could not check version URL
java.net.UnknownHostException: widget.mcf.li
	at java.net.AbstractPlainSocketImpl.connect(AbstractPlainSocketImpl.java:184) ~[?:1.8.0_51]
	at java.net.PlainSocketImpl.connect(PlainSocketImpl.java:172) ~[?:1.8.0_51]
	at java.net.SocksSocketImpl.connect(SocksSocketImpl.java:392) ~[?:1.8.0_51]
	at java.net.Socket.connect(Socket.java:589) ~[?:1.8.0_51]
	at java.net.Socket.connect(Socket.java:538) ~[?:1.8.0_51]
	at sun.net.NetworkClient.doConnect(NetworkClient.java:180) ~[?:1.8.0_51]
	at sun.net.www.http.HttpClient.openServer(HttpClient.java:432) ~[?:1.8.0_51]
	at sun.net.www.http.HttpClient.openServer(HttpClient.java:527) ~[?:1.8.0_51]
	at sun.net.www.http.HttpClient.<init>(HttpClient.java:211) ~[?:1.8.0_51]
	at sun.net.www.http.HttpClient.New(HttpClient.java:308) ~[?:1.8.0_51]
	at sun.net.www.http.HttpClient.New(HttpClient.java:326) ~[?:1.8.0_51]
	at sun.net.www.protocol.http.HttpURLConnection.getNewHttpClient(HttpURLConnection.java:1168) ~[?:1.8.0_51]
	at sun.net.www.protocol.http.HttpURLConnection.plainConnect0(HttpURLConnection.java:1104) ~[?:1.8.0_51]
	at sun.net.www.protocol.http.HttpURLConnection$6.run(HttpURLConnection.java:988) ~[?:1.8.0_51]
	at sun.net.www.protocol.http.HttpURLConnection$6.run(HttpURLConnection.java:986) ~[?:1.8.0_51]
	at java.security.AccessController.doPrivileged(Native Method) ~[?:1.8.0_51]
	at java.security.AccessController.doPrivileged(AccessController.java:713) ~[?:1.8.0_51]
	at sun.net.www.protocol.http.HttpURLConnection.plainConnect(HttpURLConnection.java:985) ~[?:1.8.0_51]
	at sun.net.www.protocol.http.HttpURLConnection.connect(HttpURLConnection.java:932) ~[?:1.8.0_51]
	at sun.net.www.protocol.http.HttpURLConnection.getInputStream0(HttpURLConnection.java:1512) ~[?:1.8.0_51]
	at sun.net.www.protocol.http.HttpURLConnection.access$200(HttpURLConnection.java:90) ~[?:1.8.0_51]
	at sun.net.www.protocol.http.HttpURLConnection$9.run(HttpURLConnection.java:1432) ~[?:1.8.0_51]
	at sun.net.www.protocol.http.HttpURLConnection$9.run(HttpURLConnection.java:1430) ~[?:1.8.0_51]
	at java.security.AccessController.doPrivileged(Native Method) ~[?:1.8.0_51]
	at java.security.AccessController.doPrivileged(AccessController.java:713) ~[?:1.8.0_51]
	at sun.net.www.protocol.http.HttpURLConnection.getInputStream(HttpURLConnection.java:1429) ~[?:1.8.0_51]
	at java.net.URL.openStream(URL.java:1038) ~[?:1.8.0_51]
	at journeymap.common.version.VersionCheck$1.run(VersionCheck.java:125) [VersionCheck$1.class:1.10.2-5.5.2]
	at java.util.concurrent.Executors$RunnableAdapter.call(Executors.java:511) [?:1.8.0_51]
	at java.util.concurrent.FutureTask.run(FutureTask.java:266) [?:1.8.0_51]
	at java.util.concurrent.ThreadPoolExecutor.runWorker(ThreadPoolExecutor.java:1142) [?:1.8.0_51]
	at java.util.concurrent.ThreadPoolExecutor$Worker.run(ThreadPoolExecutor.java:617) [?:1.8.0_51]
	at java.lang.Thread.run(Thread.java:745) [?:1.8.0_51]
[10:22:16] [Client thread/INFO]: Starting PostInitialization for modtweaker
[10:22:16] [Client thread/INFO]: Post Initializing...
[10:22:16] [Client thread/INFO]: Loading EnderIO compatibility...
[10:22:16] [Client thread/INFO]: TCB=class crazypants.enderio.conduit.TileConduitBundle
[10:22:16] [Client thread/INFO]: LC=class crazypants.enderio.conduit.liquid.LiquidConduit
[10:22:16] [Client thread/INFO]: ALC=class crazypants.enderio.conduit.liquid.AdvancedLiquidConduit
[10:22:17] [Client thread/WARN]: Could not register CraftGuide plugins: CraftGuide missing.
[10:22:17] [Client thread/INFO]: Finished mapping, found 56 entities in 1.930 ms
[10:22:17] [Client thread/INFO]: Ender IO detected! Adding recipe to Fluxed Riot Shield!
[10:22:17] [Client thread/INFO]: Redstone Arsenal detected! Adding Flux-Infused Shield Recipe!
[10:22:17] [Client thread/INFO]: Blacklisted (Internal) all items from eplus
[10:22:17] [Client thread/INFO]: Blacklisted (Internal) all items from everlastingabilities
[10:22:17] [Client thread/INFO]: Blacklisted (Internal) all items from cyberware
[10:22:17] [Client thread/INFO]: Added Ender Dragon drop - minecraft:dragon_egg/1@20.0%
[10:22:17] [Client thread/INFO]: Added Ender Dragon drop - minecraft:dragon_egg/1@40.0%
[10:22:17] [Client thread/INFO]: Added Ender Dragon drop - minecraft:dragon_egg/1@60.0%
[10:22:17] [Client thread/INFO]: Added Ender Dragon drop - minecraft:dragon_egg/1@80.0%
[10:22:17] [Client thread/INFO]: Added Ender Dragon drop - minecraft:dragon_breath/2@80.0%
[10:22:17] [Client thread/INFO]: Added Ender Dragon drop - minecraft:dragon_breath/4@80.0%
[10:22:17] [Client thread/INFO]: Added Ender Dragon drop - minecraft:dragon_breath/6@80.0%
[10:22:17] [Client thread/INFO]: Added Ender Dragon drop - minecraft:dragon_breath/8@80.0%
[10:22:17] [Client thread/INFO]: Added Ender Dragon drop - draconicevolution:dragon_heart/1@20.0%
[10:22:17] [Client thread/INFO]: Added Ender Dragon drop - draconicevolution:dragon_heart/1@40.0%
[10:22:17] [Client thread/INFO]: Added Ender Dragon drop - draconicevolution:dragon_heart/1@60.0%
[10:22:17] [Client thread/INFO]: Added Ender Dragon drop - draconicevolution:dragon_heart/1@80.0%
[10:22:17] [Client thread/INFO]: Added Ender Dragon drop - draconicevolution:draconium_dust/30@20.0%
[10:22:17] [Client thread/INFO]: Added Ender Dragon drop - draconicevolution:draconium_dust/40@40.0%
[10:22:17] [Client thread/INFO]: Added Ender Dragon drop - draconicevolution:draconium_dust/50@60.0%
[10:22:17] [Client thread/INFO]: Added Ender Dragon drop - draconicevolution:draconium_dust/60@80.0%
[10:22:17] [Client thread/WARN]: ****************************************
[10:22:17] [Client thread/WARN]: * Unknown recipe class! com.brandon3055.draconicevolution.lib.RecipeDislocatorClone Modders need to register their recipe types with net.minecraftforge.oredict.RecipeSorter
[10:22:17] [Client thread/WARN]: *  at net.minecraftforge.oredict.RecipeSorter.getPriority(RecipeSorter.java:237)
[10:22:17] [Client thread/WARN]: *  at net.minecraftforge.oredict.RecipeSorter.compare(RecipeSorter.java:172)
[10:22:17] [Client thread/WARN]: *  at net.minecraftforge.oredict.RecipeSorter.compare(RecipeSorter.java:52)
[10:22:17] [Client thread/WARN]: *  at java.util.TimSort.countRunAndMakeAscending(TimSort.java:356)
[10:22:17] [Client thread/WARN]: *  at java.util.TimSort.sort(TimSort.java:230)
[10:22:17] [Client thread/WARN]: *  at java.util.Arrays.sort(Arrays.java:1512)...
[10:22:17] [Client thread/WARN]: ****************************************
[10:22:17] [Client thread/WARN]: ****************************************
[10:22:17] [Client thread/WARN]: * Unknown recipe class! com.brandon3055.draconicevolution.lib.RecipeEIOStabilization Modders need to register their recipe types with net.minecraftforge.oredict.RecipeSorter
[10:22:17] [Client thread/WARN]: *  at net.minecraftforge.oredict.RecipeSorter.getPriority(RecipeSorter.java:237)
[10:22:17] [Client thread/WARN]: *  at net.minecraftforge.oredict.RecipeSorter.compare(RecipeSorter.java:172)
[10:22:17] [Client thread/WARN]: *  at net.minecraftforge.oredict.RecipeSorter.compare(RecipeSorter.java:52)
[10:22:17] [Client thread/WARN]: *  at java.util.TimSort.countRunAndMakeAscending(TimSort.java:356)
[10:22:17] [Client thread/WARN]: *  at java.util.TimSort.sort(TimSort.java:230)
[10:22:17] [Client thread/WARN]: *  at java.util.Arrays.sort(Arrays.java:1512)...
[10:22:17] [Client thread/WARN]: ****************************************
[10:22:17] [Client thread/WARN]: ****************************************
[10:22:17] [Client thread/WARN]: * Unknown recipe class! slimeknights.tconstruct.tools.common.RepairRecipe Modders need to register their recipe types with net.minecraftforge.oredict.RecipeSorter
[10:22:17] [Client thread/WARN]: *  at net.minecraftforge.oredict.RecipeSorter.getPriority(RecipeSorter.java:237)
[10:22:17] [Client thread/WARN]: *  at net.minecraftforge.oredict.RecipeSorter.compare(RecipeSorter.java:172)
[10:22:17] [Client thread/WARN]: *  at net.minecraftforge.oredict.RecipeSorter.compare(RecipeSorter.java:52)
[10:22:17] [Client thread/WARN]: *  at java.util.TimSort.gallopLeft(TimSort.java:581)
[10:22:17] [Client thread/WARN]: *  at java.util.TimSort.mergeAt(TimSort.java:503)
[10:22:17] [Client thread/WARN]: *  at java.util.TimSort.mergeCollapse(TimSort.java:437)...
[10:22:17] [Client thread/WARN]: ****************************************
[10:22:17] [Client thread/WARN]: ****************************************
[10:22:17] [Client thread/WARN]: * Unknown recipe class! org.dave.cm2.item.psd.PSDChargeRecipe Modders need to register their recipe types with net.minecraftforge.oredict.RecipeSorter
[10:22:17] [Client thread/WARN]: *  at net.minecraftforge.oredict.RecipeSorter.getPriority(RecipeSorter.java:237)
[10:22:17] [Client thread/WARN]: *  at net.minecraftforge.oredict.RecipeSorter.compare(RecipeSorter.java:172)
[10:22:17] [Client thread/WARN]: *  at net.minecraftforge.oredict.RecipeSorter.compare(RecipeSorter.java:52)
[10:22:17] [Client thread/WARN]: *  at java.util.TimSort.gallopLeft(TimSort.java:581)
[10:22:17] [Client thread/WARN]: *  at java.util.TimSort.mergeAt(TimSort.java:503)
[10:22:17] [Client thread/WARN]: *  at java.util.TimSort.mergeCollapse(TimSort.java:437)...
[10:22:17] [Client thread/WARN]: ****************************************
[10:22:17] [Client thread/WARN]: ****************************************
[10:22:17] [Client thread/WARN]: * Unknown recipe class! com.oitsjustjose.tinkers_addons.util.Recipes$NBTShapedRecipe Modders need to register their recipe types with net.minecraftforge.oredict.RecipeSorter
[10:22:17] [Client thread/WARN]: *  at net.minecraftforge.oredict.RecipeSorter.getPriority(RecipeSorter.java:237)
[10:22:17] [Client thread/WARN]: *  at net.minecraftforge.oredict.RecipeSorter.compare(RecipeSorter.java:172)
[10:22:17] [Client thread/WARN]: *  at net.minecraftforge.oredict.RecipeSorter.compare(RecipeSorter.java:52)
[10:22:17] [Client thread/WARN]: *  at java.util.TimSort.countRunAndMakeAscending(TimSort.java:351)
[10:22:17] [Client thread/WARN]: *  at java.util.TimSort.sort(TimSort.java:230)
[10:22:17] [Client thread/WARN]: *  at java.util.Arrays.sort(Arrays.java:1512)...
[10:22:17] [Client thread/WARN]: ****************************************
[10:22:17] [Client thread/WARN]: ****************************************
[10:22:17] [Client thread/WARN]: * Unknown recipe class! extracells.util.recipe.RecipeUniversalTerminal$ Modders need to register their recipe types with net.minecraftforge.oredict.RecipeSorter
[10:22:17] [Client thread/WARN]: *  at net.minecraftforge.oredict.RecipeSorter.getPriority(RecipeSorter.java:237)
[10:22:17] [Client thread/WARN]: *  at net.minecraftforge.oredict.RecipeSorter.compare(RecipeSorter.java:172)
[10:22:17] [Client thread/WARN]: *  at net.minecraftforge.oredict.RecipeSorter.compare(RecipeSorter.java:52)
[10:22:17] [Client thread/WARN]: *  at java.util.TimSort.gallopLeft(TimSort.java:538)
[10:22:17] [Client thread/WARN]: *  at java.util.TimSort.mergeAt(TimSort.java:503)
[10:22:17] [Client thread/WARN]: *  at java.util.TimSort.mergeForceCollapse(TimSort.java:453)...
[10:22:17] [Client thread/WARN]: ****************************************
[10:22:17] [Client thread/WARN]: ****************************************
[10:22:17] [Client thread/WARN]: * Unknown recipe class! com.oblivioussp.spartanweaponry.item.crafting.RecipeTippedBolt Modders need to register their recipe types with net.minecraftforge.oredict.RecipeSorter
[10:22:17] [Client thread/WARN]: *  at net.minecraftforge.oredict.RecipeSorter.getPriority(RecipeSorter.java:237)
[10:22:17] [Client thread/WARN]: *  at net.minecraftforge.oredict.RecipeSorter.compare(RecipeSorter.java:172)
[10:22:17] [Client thread/WARN]: *  at net.minecraftforge.oredict.RecipeSorter.compare(RecipeSorter.java:52)
[10:22:17] [Client thread/WARN]: *  at java.util.TimSort.gallopRight(TimSort.java:609)
[10:22:17] [Client thread/WARN]: *  at java.util.TimSort.mergeHi(TimSort.java:855)
[10:22:17] [Client thread/WARN]: *  at java.util.TimSort.mergeAt(TimSort.java:512)...
[10:22:17] [Client thread/WARN]: ****************************************
[10:22:17] [Client thread/INFO]: Found 4 World Generation files and 0 folders present in D:\Legacy Launcher\Forever Stranded\config\cofh\world.
[10:22:17] [Client thread/INFO]: Reading world generation info from: cofh\world\vanilla.json:
[10:22:17] [Client thread/INFO]: "mesa_gold" is disabled.
[10:22:17] [Client thread/INFO]: Finished reading cofh\world\vanilla.json
[10:22:17] [Client thread/INFO]: Reading world generation info from: cofh\world\thermalfoundation_clathrates.json:
[10:22:17] [Client thread/INFO]: Finished reading cofh\world\thermalfoundation_clathrates.json
[10:22:17] [Client thread/INFO]: Reading world generation info from: cofh\world\thermalfoundation_oil.json:
[10:22:17] [Client thread/INFO]: Finished reading cofh\world\thermalfoundation_oil.json
[10:22:17] [Client thread/INFO]: Reading world generation info from: cofh\world\thermalfoundation_ores.json:
[10:22:17] [Client thread/INFO]: Finished reading cofh\world\thermalfoundation_ores.json
[10:22:17] [Client thread/INFO]: CoFH Core: Load Complete.
[10:22:17] [Client thread/INFO]: Starting JEI...
[10:22:19] [Client thread/INFO]: Unable to determine blocks eligibility for chiseling, jackyy.dimensionaledibles.block.BlockCakeBase attempted to load mcjty/theoneprobe/api/ProbeMode
[10:22:19] [Client thread/INFO]: Unable to determine blocks eligibility for chiseling, jackyy.dimensionaledibles.block.BlockCakeBase attempted to load mcjty/theoneprobe/api/ProbeMode
[10:22:19] [Client thread/INFO]: Unable to determine blocks eligibility for chiseling, jackyy.dimensionaledibles.block.BlockCakeBase attempted to load mcjty/theoneprobe/api/ProbeMode
[10:22:19] [Client thread/INFO]: Unable to determine blocks eligibility for chiseling, jackyy.dimensionaledibles.block.BlockCakeBase attempted to load mcjty/theoneprobe/api/ProbeMode
[10:22:19] [Client thread/INFO]: Unable to determine blocks eligibility for chiseling, jackyy.dimensionaledibles.block.BlockCakeBase attempted to load mcjty/theoneprobe/api/ProbeMode
[10:22:19] [Client thread/INFO]: Unable to determine blocks eligibility for chiseling, jackyy.dimensionaledibles.block.BlockCakeBase attempted to load mcjty/theoneprobe/api/ProbeMode
[10:22:19] [Client thread/INFO]: Unable to determine blocks eligibility for chiseling, jackyy.dimensionaledibles.block.BlockCakeBase attempted to load mcjty/theoneprobe/api/ProbeMode
[10:22:19] [Client thread/INFO]: Unable to determine blocks eligibility for chiseling, jackyy.dimensionaledibles.block.BlockCakeBase attempted to load mcjty/theoneprobe/api/ProbeMode
[10:22:19] [Client thread/INFO]: Unable to determine blocks eligibility for chiseling, jackyy.dimensionaledibles.block.BlockCakeBase attempted to load mcjty/theoneprobe/api/ProbeMode
[10:22:19] [Client thread/INFO]: Unable to determine blocks eligibility for chiseling, jackyy.dimensionaledibles.block.BlockCakeBase attempted to load mcjty/theoneprobe/api/ProbeMode
[10:22:19] [Client thread/INFO]: Unable to determine blocks eligibility for chiseling, jackyy.dimensionaledibles.block.BlockCakeBase attempted to load mcjty/theoneprobe/api/ProbeMode
[10:22:19] [Client thread/INFO]: Unable to determine blocks eligibility for chiseling, jackyy.dimensionaledibles.block.BlockCakeBase attempted to load mcjty/theoneprobe/api/ProbeMode
[10:22:19] [Client thread/INFO]: Unable to determine blocks eligibility for chiseling, jackyy.dimensionaledibles.block.BlockCakeBase attempted to load mcjty/theoneprobe/api/ProbeMode
[10:22:19] [Client thread/INFO]: Unable to determine blocks eligibility for chiseling, jackyy.dimensionaledibles.block.BlockCakeBase attempted to load mcjty/theoneprobe/api/ProbeMode
[10:22:19] [Client thread/INFO]: Unable to determine blocks eligibility for chiseling, jackyy.dimensionaledibles.block.BlockCakeBase attempted to load mcjty/theoneprobe/api/ProbeMode
[10:22:19] [Client thread/INFO]: Unable to determine blocks eligibility for chiseling, jackyy.dimensionaledibles.block.BlockCakeBase attempted to load mcjty/theoneprobe/api/ProbeMode
[10:22:19] [Client thread/INFO]: Unable to determine blocks eligibility for chiseling, jackyy.dimensionaledibles.block.BlockCakeBase attempted to load mcjty/theoneprobe/api/ProbeMode
[10:22:19] [Client thread/INFO]: Unable to determine blocks eligibility for chiseling, jackyy.dimensionaledibles.block.BlockCakeBase attempted to load mcjty/theoneprobe/api/ProbeMode
[10:22:19] [Client thread/INFO]: Unable to determine blocks eligibility for chiseling, jackyy.dimensionaledibles.block.BlockCakeBase attempted to load mcjty/theoneprobe/api/ProbeMode
[10:22:19] [Client thread/INFO]: Unable to determine blocks eligibility for chiseling, jackyy.dimensionaledibles.block.BlockCakeBase attempted to load mcjty/theoneprobe/api/ProbeMode
[10:22:19] [Client thread/INFO]: Unable to determine blocks eligibility for chiseling, jackyy.dimensionaledibles.block.BlockCakeBase attempted to load mcjty/theoneprobe/api/ProbeMode
[10:22:19] [Client thread/INFO]: Unable to determine blocks eligibility for chiseling, jackyy.dimensionaledibles.block.BlockCakeBase attempted to load mcjty/theoneprobe/api/ProbeMode
[10:22:19] [Client thread/INFO]: Unable to determine blocks eligibility for chiseling, jackyy.dimensionaledibles.block.BlockCakeBase attempted to load mcjty/theoneprobe/api/ProbeMode
[10:22:19] [Client thread/INFO]: Unable to determine blocks eligibility for chiseling, jackyy.dimensionaledibles.block.BlockCakeBase attempted to load mcjty/theoneprobe/api/ProbeMode
[10:22:19] [Client thread/INFO]: Unable to determine blocks eligibility for chiseling, exnihiloadscensio.blocks.BlockBarrel attempted to load mcjty/theoneprobe/api/ProbeMode
[10:22:19] [Client thread/INFO]: Unable to determine blocks eligibility for chiseling, exnihiloadscensio.blocks.BlockBarrel attempted to load mcjty/theoneprobe/api/ProbeMode
[10:22:19] [Client thread/INFO]: Unable to determine blocks eligibility for chiseling, exnihiloadscensio.blocks.BlockBarrel attempted to load mcjty/theoneprobe/api/ProbeMode
[10:22:19] [Client thread/INFO]: Unable to determine blocks eligibility for chiseling, exnihiloadscensio.blocks.BlockBarrel attempted to load mcjty/theoneprobe/api/ProbeMode
[10:22:19] [Client thread/INFO]: Unable to determine blocks eligibility for chiseling, exnihiloadscensio.blocks.BlockBarrel attempted to load mcjty/theoneprobe/api/ProbeMode
[10:22:19] [Client thread/INFO]: Unable to determine blocks eligibility for chiseling, exnihiloadscensio.blocks.BlockBarrel attempted to load mcjty/theoneprobe/api/ProbeMode
[10:22:19] [Client thread/INFO]: Unable to determine blocks eligibility for chiseling, exnihiloadscensio.blocks.BlockBarrel attempted to load mcjty/theoneprobe/api/ProbeMode
[10:22:19] [Client thread/INFO]: Unable to determine blocks eligibility for chiseling, exnihiloadscensio.blocks.BlockBarrel attempted to load mcjty/theoneprobe/api/ProbeMode
[10:22:19] [Client thread/INFO]: Unable to determine blocks eligibility for chiseling, exnihiloadscensio.blocks.BlockBarrel attempted to load mcjty/theoneprobe/api/ProbeMode
[10:22:19] [Client thread/INFO]: Unable to determine blocks eligibility for chiseling, exnihiloadscensio.blocks.BlockBarrel attempted to load mcjty/theoneprobe/api/ProbeMode
[10:22:19] [Client thread/INFO]: Unable to determine blocks eligibility for chiseling, exnihiloadscensio.blocks.BlockBarrel attempted to load mcjty/theoneprobe/api/ProbeMode
[10:22:19] [Client thread/INFO]: Unable to determine blocks eligibility for chiseling, exnihiloadscensio.blocks.BlockBarrel attempted to load mcjty/theoneprobe/api/ProbeMode
[10:22:19] [Client thread/INFO]: Unable to determine blocks eligibility for chiseling, exnihiloadscensio.blocks.BlockBarrel attempted to load mcjty/theoneprobe/api/ProbeMode
[10:22:19] [Client thread/INFO]: Unable to determine blocks eligibility for chiseling, exnihiloadscensio.blocks.BlockBarrel attempted to load mcjty/theoneprobe/api/ProbeMode
[10:22:19] [Client thread/INFO]: Unable to determine blocks eligibility for chiseling, exnihiloadscensio.blocks.BlockBarrel attempted to load mcjty/theoneprobe/api/ProbeMode
[10:22:19] [Client thread/INFO]: Unable to determine blocks eligibility for chiseling, exnihiloadscensio.blocks.BlockBarrel attempted to load mcjty/theoneprobe/api/ProbeMode
[10:22:19] [Client thread/INFO]: Unable to determine blocks eligibility for chiseling, exnihiloadscensio.blocks.BlockInfestedLeaves attempted to load mcjty/theoneprobe/api/ProbeMode
[10:22:19] [Client thread/INFO]: Unable to determine blocks eligibility for chiseling, exnihiloadscensio.blocks.BlockInfestedLeaves attempted to load mcjty/theoneprobe/api/ProbeMode
[10:22:19] [Client thread/INFO]: Unable to determine blocks eligibility for chiseling, exnihiloadscensio.blocks.BlockInfestedLeaves attempted to load mcjty/theoneprobe/api/ProbeMode
[10:22:19] [Client thread/INFO]: Unable to determine blocks eligibility for chiseling, exnihiloadscensio.blocks.BlockInfestedLeaves attempted to load mcjty/theoneprobe/api/ProbeMode
[10:22:19] [Client thread/INFO]: Unable to determine blocks eligibility for chiseling, exnihiloadscensio.blocks.BlockInfestedLeaves attempted to load mcjty/theoneprobe/api/ProbeMode
[10:22:19] [Client thread/INFO]: Unable to determine blocks eligibility for chiseling, exnihiloadscensio.blocks.BlockInfestedLeaves attempted to load mcjty/theoneprobe/api/ProbeMode
[10:22:19] [Client thread/INFO]: Unable to determine blocks eligibility for chiseling, exnihiloadscensio.blocks.BlockInfestedLeaves attempted to load mcjty/theoneprobe/api/ProbeMode
[10:22:19] [Client thread/INFO]: Unable to determine blocks eligibility for chiseling, exnihiloadscensio.blocks.BlockInfestedLeaves attempted to load mcjty/theoneprobe/api/ProbeMode
[10:22:19] [Client thread/INFO]: Unable to determine blocks eligibility for chiseling, exnihiloadscensio.blocks.BlockCrucible attempted to load mcjty/theoneprobe/api/ProbeMode
[10:22:19] [Client thread/INFO]: Unable to determine blocks eligibility for chiseling, exnihiloadscensio.blocks.BlockCrucible attempted to load mcjty/theoneprobe/api/ProbeMode
[10:22:19] [Client thread/INFO]: Unable to determine blocks eligibility for chiseling, exnihiloadscensio.blocks.BlockCrucible attempted to load mcjty/theoneprobe/api/ProbeMode
[10:22:19] [Client thread/INFO]: Unable to determine blocks eligibility for chiseling, exnihiloadscensio.blocks.BlockCrucible attempted to load mcjty/theoneprobe/api/ProbeMode
[10:22:19] [Client thread/INFO]: Unable to determine blocks eligibility for chiseling, exnihiloadscensio.blocks.BlockCrucible attempted to load mcjty/theoneprobe/api/ProbeMode
[10:22:19] [Client thread/INFO]: Unable to determine blocks eligibility for chiseling, exnihiloadscensio.blocks.BlockCrucible attempted to load mcjty/theoneprobe/api/ProbeMode
[10:22:19] [Client thread/INFO]: Unable to determine blocks eligibility for chiseling, exnihiloadscensio.blocks.BlockCrucible attempted to load mcjty/theoneprobe/api/ProbeMode
[10:22:19] [Client thread/INFO]: Unable to determine blocks eligibility for chiseling, exnihiloadscensio.blocks.BlockCrucible attempted to load mcjty/theoneprobe/api/ProbeMode
[10:22:19] [Client thread/INFO]: Unable to determine blocks eligibility for chiseling, exnihiloadscensio.blocks.BlockSieve attempted to load mcjty/theoneprobe/api/ProbeMode
[10:22:19] [Client thread/INFO]: Unable to determine blocks eligibility for chiseling, exnihiloadscensio.blocks.BlockSieve attempted to load mcjty/theoneprobe/api/ProbeMode
[10:22:19] [Client thread/INFO]: Unable to determine blocks eligibility for chiseling, exnihiloadscensio.blocks.BlockSieve attempted to load mcjty/theoneprobe/api/ProbeMode
[10:22:19] [Client thread/INFO]: Unable to determine blocks eligibility for chiseling, exnihiloadscensio.blocks.BlockSieve attempted to load mcjty/theoneprobe/api/ProbeMode
[10:22:19] [Client thread/INFO]: Unable to determine blocks eligibility for chiseling, exnihiloadscensio.blocks.BlockSieve attempted to load mcjty/theoneprobe/api/ProbeMode
[10:22:19] [Client thread/INFO]: Unable to determine blocks eligibility for chiseling, exnihiloadscensio.blocks.BlockSieve attempted to load mcjty/theoneprobe/api/ProbeMode
[10:22:19] [Client thread/INFO]: Unable to determine blocks eligibility for chiseling, exnihiloadscensio.blocks.BlockSieve attempted to load mcjty/theoneprobe/api/ProbeMode
[10:22:19] [Client thread/INFO]: Unable to determine blocks eligibility for chiseling, exnihiloadscensio.blocks.BlockSieve attempted to load mcjty/theoneprobe/api/ProbeMode
[10:22:19] [Client thread/INFO]: Unable to determine blocks eligibility for chiseling, omtteam.openmodularturrets.blocks.BlockTurretBase attempted to load mcjty/theoneprobe/api/ProbeMode
[10:22:19] [Client thread/INFO]: Unable to determine blocks eligibility for chiseling, omtteam.openmodularturrets.blocks.BlockTurretBase attempted to load mcjty/theoneprobe/api/ProbeMode
[10:22:19] [Client thread/INFO]: Unable to determine blocks eligibility for chiseling, omtteam.openmodularturrets.blocks.BlockTurretBase attempted to load mcjty/theoneprobe/api/ProbeMode
[10:22:19] [Client thread/INFO]: Unable to determine blocks eligibility for chiseling, omtteam.openmodularturrets.blocks.BlockTurretBase attempted to load mcjty/theoneprobe/api/ProbeMode
[10:22:19] [Client thread/INFO]: Unable to determine blocks eligibility for chiseling, omtteam.openmodularturrets.blocks.BlockTurretBase attempted to load mcjty/theoneprobe/api/ProbeMode
[10:22:19] [Client thread/INFO]: Unable to determine blocks eligibility for chiseling, omtteam.openmodularturrets.blocks.BlockTurretBase attempted to load mcjty/theoneprobe/api/ProbeMode
[10:22:19] [Client thread/INFO]: Unable to determine blocks eligibility for chiseling, omtteam.openmodularturrets.blocks.BlockTurretBase attempted to load mcjty/theoneprobe/api/ProbeMode
[10:22:19] [Client thread/INFO]: Unable to determine blocks eligibility for chiseling, omtteam.openmodularturrets.blocks.BlockTurretBase attempted to load mcjty/theoneprobe/api/ProbeMode
[10:22:19] [Client thread/INFO]: Unable to determine blocks eligibility for chiseling, omtteam.openmodularturrets.blocks.turretheads.BlockAbstractTurretHead attempted to load mcjty/theoneprobe/api/ProbeMode
[10:22:19] [Client thread/INFO]: Unable to determine blocks eligibility for chiseling, omtteam.openmodularturrets.blocks.turretheads.BlockAbstractTurretHead attempted to load mcjty/theoneprobe/api/ProbeMode
[10:22:19] [Client thread/INFO]: Unable to determine blocks eligibility for chiseling, omtteam.openmodularturrets.blocks.turretheads.BlockAbstractTurretHead attempted to load mcjty/theoneprobe/api/ProbeMode
[10:22:19] [Client thread/INFO]: Unable to determine blocks eligibility for chiseling, omtteam.openmodularturrets.blocks.turretheads.BlockAbstractTurretHead attempted to load mcjty/theoneprobe/api/ProbeMode
[10:22:19] [Client thread/INFO]: Unable to determine blocks eligibility for chiseling, omtteam.openmodularturrets.blocks.turretheads.BlockAbstractTurretHead attempted to load mcjty/theoneprobe/api/ProbeMode
[10:22:19] [Client thread/INFO]: Unable to determine blocks eligibility for chiseling, omtteam.openmodularturrets.blocks.turretheads.BlockAbstractTurretHead attempted to load mcjty/theoneprobe/api/ProbeMode
[10:22:19] [Client thread/INFO]: Unable to determine blocks eligibility for chiseling, omtteam.openmodularturrets.blocks.turretheads.BlockAbstractTurretHead attempted to load mcjty/theoneprobe/api/ProbeMode
[10:22:19] [Client thread/INFO]: Unable to determine blocks eligibility for chiseling, omtteam.openmodularturrets.blocks.turretheads.BlockAbstractTurretHead attempted to load mcjty/theoneprobe/api/ProbeMode
[10:22:19] [Client thread/INFO]: Unable to determine blocks eligibility for chiseling, omtteam.openmodularturrets.blocks.turretheads.BlockAbstractTurretHead attempted to load mcjty/theoneprobe/api/ProbeMode
[10:22:19] [Client thread/INFO]: Unable to determine blocks eligibility for chiseling, omtteam.openmodularturrets.blocks.turretheads.BlockAbstractTurretHead attempted to load mcjty/theoneprobe/api/ProbeMode
[10:22:19] [Client thread/INFO]: Unable to determine blocks eligibility for chiseling, omtteam.openmodularturrets.blocks.turretheads.BlockAbstractTurretHead attempted to load mcjty/theoneprobe/api/ProbeMode
[10:22:19] [Client thread/INFO]: Unable to determine blocks eligibility for chiseling, omtteam.openmodularturrets.blocks.turretheads.BlockAbstractTurretHead attempted to load mcjty/theoneprobe/api/ProbeMode
[10:22:19] [Client thread/INFO]: Unable to determine blocks eligibility for chiseling, omtteam.openmodularturrets.blocks.turretheads.BlockAbstractTurretHead attempted to load mcjty/theoneprobe/api/ProbeMode
[10:22:19] [Client thread/INFO]: Unable to determine blocks eligibility for chiseling, omtteam.openmodularturrets.blocks.turretheads.BlockAbstractTurretHead attempted to load mcjty/theoneprobe/api/ProbeMode
[10:22:19] [Client thread/INFO]: Unable to determine blocks eligibility for chiseling, omtteam.openmodularturrets.blocks.turretheads.BlockAbstractTurretHead attempted to load mcjty/theoneprobe/api/ProbeMode
[10:22:19] [Client thread/INFO]: Unable to determine blocks eligibility for chiseling, omtteam.openmodularturrets.blocks.turretheads.BlockAbstractTurretHead attempted to load mcjty/theoneprobe/api/ProbeMode
[10:22:19] [Client thread/INFO]: Unable to determine blocks eligibility for chiseling, omtteam.openmodularturrets.blocks.turretheads.BlockAbstractTurretHead attempted to load mcjty/theoneprobe/api/ProbeMode
[10:22:19] [Client thread/INFO]: Unable to determine blocks eligibility for chiseling, omtteam.openmodularturrets.blocks.turretheads.BlockAbstractTurretHead attempted to load mcjty/theoneprobe/api/ProbeMode
[10:22:19] [Client thread/INFO]: Unable to determine blocks eligibility for chiseling, omtteam.openmodularturrets.blocks.turretheads.BlockAbstractTurretHead attempted to load mcjty/theoneprobe/api/ProbeMode
[10:22:19] [Client thread/INFO]: Unable to determine blocks eligibility for chiseling, omtteam.openmodularturrets.blocks.turretheads.BlockAbstractTurretHead attempted to load mcjty/theoneprobe/api/ProbeMode
[10:22:19] [Client thread/INFO]: Unable to determine blocks eligibility for chiseling, omtteam.openmodularturrets.blocks.turretheads.BlockAbstractTurretHead attempted to load mcjty/theoneprobe/api/ProbeMode
[10:22:19] [Client thread/INFO]: Unable to determine blocks eligibility for chiseling, omtteam.openmodularturrets.blocks.turretheads.BlockAbstractTurretHead attempted to load mcjty/theoneprobe/api/ProbeMode
[10:22:19] [Client thread/INFO]: Unable to determine blocks eligibility for chiseling, omtteam.openmodularturrets.blocks.turretheads.BlockAbstractTurretHead attempted to load mcjty/theoneprobe/api/ProbeMode
[10:22:19] [Client thread/INFO]: Unable to determine blocks eligibility for chiseling, omtteam.openmodularturrets.blocks.turretheads.BlockAbstractTurretHead attempted to load mcjty/theoneprobe/api/ProbeMode
[10:22:19] [Client thread/INFO]: Unable to determine blocks eligibility for chiseling, omtteam.openmodularturrets.blocks.turretheads.BlockAbstractTurretHead attempted to load mcjty/theoneprobe/api/ProbeMode
[10:22:19] [Client thread/INFO]: Unable to determine blocks eligibility for chiseling, omtteam.openmodularturrets.blocks.turretheads.BlockAbstractTurretHead attempted to load mcjty/theoneprobe/api/ProbeMode
[10:22:19] [Client thread/INFO]: Unable to determine blocks eligibility for chiseling, omtteam.openmodularturrets.blocks.turretheads.BlockAbstractTurretHead attempted to load mcjty/theoneprobe/api/ProbeMode
[10:22:19] [Client thread/INFO]: Unable to determine blocks eligibility for chiseling, omtteam.openmodularturrets.blocks.turretheads.BlockAbstractTurretHead attempted to load mcjty/theoneprobe/api/ProbeMode
[10:22:19] [Client thread/INFO]: Unable to determine blocks eligibility for chiseling, omtteam.openmodularturrets.blocks.turretheads.BlockAbstractTurretHead attempted to load mcjty/theoneprobe/api/ProbeMode
[10:22:19] [Client thread/INFO]: Unable to determine blocks eligibility for chiseling, omtteam.openmodularturrets.blocks.turretheads.BlockAbstractTurretHead attempted to load mcjty/theoneprobe/api/ProbeMode
[10:22:19] [Client thread/INFO]: Unable to determine blocks eligibility for chiseling, omtteam.openmodularturrets.blocks.turretheads.BlockAbstractTurretHead attempted to load mcjty/theoneprobe/api/ProbeMode
[10:22:19] [Client thread/INFO]: Unable to determine blocks eligibility for chiseling, omtteam.openmodularturrets.blocks.turretheads.BlockAbstractTurretHead attempted to load mcjty/theoneprobe/api/ProbeMode
[10:22:19] [Client thread/INFO]: Unable to determine blocks eligibility for chiseling, omtteam.openmodularturrets.blocks.turretheads.BlockAbstractTurretHead attempted to load mcjty/theoneprobe/api/ProbeMode
[10:22:19] [Client thread/INFO]: Unable to determine blocks eligibility for chiseling, omtteam.openmodularturrets.blocks.turretheads.BlockAbstractTurretHead attempted to load mcjty/theoneprobe/api/ProbeMode
[10:22:19] [Client thread/INFO]: Unable to determine blocks eligibility for chiseling, omtteam.openmodularturrets.blocks.turretheads.BlockAbstractTurretHead attempted to load mcjty/theoneprobe/api/ProbeMode
[10:22:19] [Client thread/INFO]: Unable to determine blocks eligibility for chiseling, omtteam.openmodularturrets.blocks.turretheads.BlockAbstractTurretHead attempted to load mcjty/theoneprobe/api/ProbeMode
[10:22:19] [Client thread/INFO]: Unable to determine blocks eligibility for chiseling, omtteam.openmodularturrets.blocks.turretheads.BlockAbstractTurretHead attempted to load mcjty/theoneprobe/api/ProbeMode
[10:22:19] [Client thread/INFO]: Unable to determine blocks eligibility for chiseling, omtteam.openmodularturrets.blocks.turretheads.BlockAbstractTurretHead attempted to load mcjty/theoneprobe/api/ProbeMode
[10:22:19] [Client thread/INFO]: Unable to determine blocks eligibility for chiseling, omtteam.openmodularturrets.blocks.turretheads.BlockAbstractTurretHead attempted to load mcjty/theoneprobe/api/ProbeMode
[10:22:19] [Client thread/INFO]: Unable to determine blocks eligibility for chiseling, omtteam.openmodularturrets.blocks.turretheads.BlockAbstractTurretHead attempted to load mcjty/theoneprobe/api/ProbeMode
[10:22:19] [Client thread/INFO]: Unable to determine blocks eligibility for chiseling, omtteam.openmodularturrets.blocks.turretheads.BlockRelativisticTurret attempted to load mcjty/theoneprobe/api/ProbeMode
[10:22:19] [Client thread/INFO]: Unable to determine blocks eligibility for chiseling, omtteam.openmodularturrets.blocks.turretheads.BlockRelativisticTurret attempted to load mcjty/theoneprobe/api/ProbeMode
[10:22:19] [Client thread/INFO]: Unable to determine blocks eligibility for chiseling, omtteam.openmodularturrets.blocks.turretheads.BlockRelativisticTurret attempted to load mcjty/theoneprobe/api/ProbeMode
[10:22:19] [Client thread/INFO]: Unable to determine blocks eligibility for chiseling, omtteam.openmodularturrets.blocks.turretheads.BlockRelativisticTurret attempted to load mcjty/theoneprobe/api/ProbeMode
[10:22:19] [Client thread/INFO]: Unable to determine blocks eligibility for chiseling, omtteam.openmodularturrets.blocks.turretheads.BlockRelativisticTurret attempted to load mcjty/theoneprobe/api/ProbeMode
[10:22:19] [Client thread/INFO]: Unable to determine blocks eligibility for chiseling, omtteam.openmodularturrets.blocks.turretheads.BlockRelativisticTurret attempted to load mcjty/theoneprobe/api/ProbeMode
[10:22:19] [Client thread/INFO]: Unable to determine blocks eligibility for chiseling, omtteam.openmodularturrets.blocks.turretheads.BlockRelativisticTurret attempted to load mcjty/theoneprobe/api/ProbeMode
[10:22:19] [Client thread/INFO]: Unable to determine blocks eligibility for chiseling, omtteam.openmodularturrets.blocks.turretheads.BlockRelativisticTurret attempted to load mcjty/theoneprobe/api/ProbeMode
[10:22:19] [Client thread/INFO]: Unable to determine blocks eligibility for chiseling, omtteam.openmodularturrets.blocks.turretheads.BlockAbstractTurretHead attempted to load mcjty/theoneprobe/api/ProbeMode
[10:22:19] [Client thread/INFO]: Unable to determine blocks eligibility for chiseling, omtteam.openmodularturrets.blocks.turretheads.BlockAbstractTurretHead attempted to load mcjty/theoneprobe/api/ProbeMode
[10:22:19] [Client thread/INFO]: Unable to determine blocks eligibility for chiseling, omtteam.openmodularturrets.blocks.turretheads.BlockAbstractTurretHead attempted to load mcjty/theoneprobe/api/ProbeMode
[10:22:19] [Client thread/INFO]: Unable to determine blocks eligibility for chiseling, omtteam.openmodularturrets.blocks.turretheads.BlockAbstractTurretHead attempted to load mcjty/theoneprobe/api/ProbeMode
[10:22:19] [Client thread/INFO]: Unable to determine blocks eligibility for chiseling, omtteam.openmodularturrets.blocks.turretheads.BlockAbstractTurretHead attempted to load mcjty/theoneprobe/api/ProbeMode
[10:22:19] [Client thread/INFO]: Unable to determine blocks eligibility for chiseling, omtteam.openmodularturrets.blocks.turretheads.BlockAbstractTurretHead attempted to load mcjty/theoneprobe/api/ProbeMode
[10:22:19] [Client thread/INFO]: Unable to determine blocks eligibility for chiseling, omtteam.openmodularturrets.blocks.turretheads.BlockAbstractTurretHead attempted to load mcjty/theoneprobe/api/ProbeMode
[10:22:19] [Client thread/INFO]: Unable to determine blocks eligibility for chiseling, omtteam.openmodularturrets.blocks.turretheads.BlockAbstractTurretHead attempted to load mcjty/theoneprobe/api/ProbeMode
[10:22:19] [Client thread/INFO]: Unable to determine blocks eligibility for chiseling, omtteam.openmodularturrets.blocks.turretheads.BlockTeleporterTurret attempted to load mcjty/theoneprobe/api/ProbeMode
[10:22:19] [Client thread/INFO]: Unable to determine blocks eligibility for chiseling, omtteam.openmodularturrets.blocks.turretheads.BlockTeleporterTurret attempted to load mcjty/theoneprobe/api/ProbeMode
[10:22:19] [Client thread/INFO]: Unable to determine blocks eligibility for chiseling, omtteam.openmodularturrets.blocks.turretheads.BlockTeleporterTurret attempted to load mcjty/theoneprobe/api/ProbeMode
[10:22:19] [Client thread/INFO]: Unable to determine blocks eligibility for chiseling, omtteam.openmodularturrets.blocks.turretheads.BlockTeleporterTurret attempted to load mcjty/theoneprobe/api/ProbeMode
[10:22:19] [Client thread/INFO]: Unable to determine blocks eligibility for chiseling, omtteam.openmodularturrets.blocks.turretheads.BlockTeleporterTurret attempted to load mcjty/theoneprobe/api/ProbeMode
[10:22:19] [Client thread/INFO]: Unable to determine blocks eligibility for chiseling, omtteam.openmodularturrets.blocks.turretheads.BlockTeleporterTurret attempted to load mcjty/theoneprobe/api/ProbeMode
[10:22:19] [Client thread/INFO]: Unable to determine blocks eligibility for chiseling, omtteam.openmodularturrets.blocks.turretheads.BlockTeleporterTurret attempted to load mcjty/theoneprobe/api/ProbeMode
[10:22:19] [Client thread/INFO]: Unable to determine blocks eligibility for chiseling, omtteam.openmodularturrets.blocks.turretheads.BlockTeleporterTurret attempted to load mcjty/theoneprobe/api/ProbeMode
[10:22:19] [Client thread/INFO]: Unable to determine blocks eligibility for chiseling, omtteam.openmodularturrets.blocks.turretheads.BlockAbstractTurretHead attempted to load mcjty/theoneprobe/api/ProbeMode
[10:22:19] [Client thread/INFO]: Unable to determine blocks eligibility for chiseling, omtteam.openmodularturrets.blocks.turretheads.BlockAbstractTurretHead attempted to load mcjty/theoneprobe/api/ProbeMode
[10:22:19] [Client thread/INFO]: Unable to determine blocks eligibility for chiseling, omtteam.openmodularturrets.blocks.turretheads.BlockAbstractTurretHead attempted to load mcjty/theoneprobe/api/ProbeMode
[10:22:19] [Client thread/INFO]: Unable to determine blocks eligibility for chiseling, omtteam.openmodularturrets.blocks.turretheads.BlockAbstractTurretHead attempted to load mcjty/theoneprobe/api/ProbeMode
[10:22:19] [Client thread/INFO]: Unable to determine blocks eligibility for chiseling, omtteam.openmodularturrets.blocks.turretheads.BlockAbstractTurretHead attempted to load mcjty/theoneprobe/api/ProbeMode
[10:22:19] [Client thread/INFO]: Unable to determine blocks eligibility for chiseling, omtteam.openmodularturrets.blocks.turretheads.BlockAbstractTurretHead attempted to load mcjty/theoneprobe/api/ProbeMode
[10:22:19] [Client thread/INFO]: Unable to determine blocks eligibility for chiseling, omtteam.openmodularturrets.blocks.turretheads.BlockAbstractTurretHead attempted to load mcjty/theoneprobe/api/ProbeMode
[10:22:19] [Client thread/INFO]: Unable to determine blocks eligibility for chiseling, omtteam.openmodularturrets.blocks.turretheads.BlockAbstractTurretHead attempted to load mcjty/theoneprobe/api/ProbeMode
[10:22:19] [Client thread/INFO]: Unable to determine blocks eligibility for chiseling, omtteam.openmodularturrets.blocks.turretheads.BlockAbstractTurretHead attempted to load mcjty/theoneprobe/api/ProbeMode
[10:22:19] [Client thread/INFO]: Unable to determine blocks eligibility for chiseling, omtteam.openmodularturrets.blocks.turretheads.BlockAbstractTurretHead attempted to load mcjty/theoneprobe/api/ProbeMode
[10:22:19] [Client thread/INFO]: Unable to determine blocks eligibility for chiseling, omtteam.openmodularturrets.blocks.turretheads.BlockAbstractTurretHead attempted to load mcjty/theoneprobe/api/ProbeMode
[10:22:19] [Client thread/INFO]: Unable to determine blocks eligibility for chiseling, omtteam.openmodularturrets.blocks.turretheads.BlockAbstractTurretHead attempted to load mcjty/theoneprobe/api/ProbeMode
[10:22:19] [Client thread/INFO]: Unable to determine blocks eligibility for chiseling, omtteam.openmodularturrets.blocks.turretheads.BlockAbstractTurretHead attempted to load mcjty/theoneprobe/api/ProbeMode
[10:22:19] [Client thread/INFO]: Unable to determine blocks eligibility for chiseling, omtteam.openmodularturrets.blocks.turretheads.BlockAbstractTurretHead attempted to load mcjty/theoneprobe/api/ProbeMode
[10:22:19] [Client thread/INFO]: Unable to determine blocks eligibility for chiseling, omtteam.openmodularturrets.blocks.turretheads.BlockAbstractTurretHead attempted to load mcjty/theoneprobe/api/ProbeMode
[10:22:19] [Client thread/INFO]: Unable to determine blocks eligibility for chiseling, omtteam.openmodularturrets.blocks.turretheads.BlockAbstractTurretHead attempted to load mcjty/theoneprobe/api/ProbeMode
[10:22:20] [Client thread/INFO]: Unable to determine blocks eligibility for chiseling, ipsis.woot.block.BlockMobFactory attempted to load mcjty/theoneprobe/api/ProbeMode
[10:22:20] [Client thread/INFO]: Unable to determine blocks eligibility for chiseling, ipsis.woot.block.BlockMobFactory attempted to load mcjty/theoneprobe/api/ProbeMode
[10:22:20] [Client thread/INFO]: Unable to determine blocks eligibility for chiseling, ipsis.woot.block.BlockMobFactory attempted to load mcjty/theoneprobe/api/ProbeMode
[10:22:20] [Client thread/INFO]: Unable to determine blocks eligibility for chiseling, ipsis.woot.block.BlockMobFactory attempted to load mcjty/theoneprobe/api/ProbeMode
[10:22:20] [Client thread/INFO]: Unable to determine blocks eligibility for chiseling, ipsis.woot.block.BlockMobFactory attempted to load mcjty/theoneprobe/api/ProbeMode
[10:22:20] [Client thread/INFO]: Unable to determine blocks eligibility for chiseling, ipsis.woot.block.BlockMobFactory attempted to load mcjty/theoneprobe/api/ProbeMode
[10:22:20] [Client thread/INFO]: Unable to determine blocks eligibility for chiseling, ipsis.woot.block.BlockMobFactory attempted to load mcjty/theoneprobe/api/ProbeMode
[10:22:20] [Client thread/INFO]: Unable to determine blocks eligibility for chiseling, ipsis.woot.block.BlockMobFactory attempted to load mcjty/theoneprobe/api/ProbeMode
[10:22:20] [Client thread/INFO]: Unable to determine blocks eligibility for chiseling, ipsis.woot.block.BlockMobFactoryController attempted to load mcjty/theoneprobe/api/ProbeMode
[10:22:20] [Client thread/INFO]: Unable to determine blocks eligibility for chiseling, ipsis.woot.block.BlockMobFactoryController attempted to load mcjty/theoneprobe/api/ProbeMode
[10:22:20] [Client thread/INFO]: Unable to determine blocks eligibility for chiseling, ipsis.woot.block.BlockMobFactoryController attempted to load mcjty/theoneprobe/api/ProbeMode
[10:22:20] [Client thread/INFO]: Unable to determine blocks eligibility for chiseling, ipsis.woot.block.BlockMobFactoryController attempted to load mcjty/theoneprobe/api/ProbeMode
[10:22:20] [Client thread/INFO]: Unable to determine blocks eligibility for chiseling, ipsis.woot.block.BlockMobFactoryController attempted to load mcjty/theoneprobe/api/ProbeMode
[10:22:20] [Client thread/INFO]: Unable to determine blocks eligibility for chiseling, ipsis.woot.block.BlockMobFactoryController attempted to load mcjty/theoneprobe/api/ProbeMode
[10:22:20] [Client thread/INFO]: Unable to determine blocks eligibility for chiseling, ipsis.woot.block.BlockMobFactoryController attempted to load mcjty/theoneprobe/api/ProbeMode
[10:22:20] [Client thread/INFO]: Unable to determine blocks eligibility for chiseling, ipsis.woot.block.BlockMobFactoryController attempted to load mcjty/theoneprobe/api/ProbeMode
[10:22:20] [Client thread/INFO]: JEI Plugin is Registering subtypes
[10:22:22] [Client thread/INFO]: Registering plugin: mezz.jei.plugins.vanilla.VanillaPlugin ...
[10:22:22] [Client thread/INFO]: Registered  plugin: mezz.jei.plugins.vanilla.VanillaPlugin in 265 ms
[10:22:22] [Client thread/INFO]: Registering plugin: net.blay09.mods.farmingforblockheads.compat.jei.JEIAddon ...
[10:22:22] [Client thread/INFO]: Registered  plugin: net.blay09.mods.farmingforblockheads.compat.jei.JEIAddon in 16 ms
[10:22:22] [Client thread/INFO]: Registering plugin: net.bdew.ae2stuff.jei.AE2StuffJeiPlugin ...
[10:22:22] [Client thread/INFO]: Registered  plugin: net.bdew.ae2stuff.jei.AE2StuffJeiPlugin in 12 ms
[10:22:22] [Client thread/INFO]: Registering plugin: mod.chiselsandbits.integration.mods.JustEnoughItems ...
[10:22:22] [Client thread/INFO]: Registered  plugin: mod.chiselsandbits.integration.mods.JustEnoughItems in 8 ms
[10:22:22] [Client thread/INFO]: Registering plugin: forestry.apiculture.compat.ApicultureJeiPlugin ...
[10:22:22] [Client thread/INFO]: Registered  plugin: forestry.apiculture.compat.ApicultureJeiPlugin in 6 ms
[10:22:22] [Client thread/INFO]: Registering plugin: net.blay09.mods.cookingforblockheads.compat.jei.JEIAddon ...
[10:22:22] [Client thread/INFO]: Registered  plugin: net.blay09.mods.cookingforblockheads.compat.jei.JEIAddon in 12 ms
[10:22:22] [Client thread/INFO]: Registering plugin: com.brandon3055.draconicevolution.integration.jei.DEJEIPlugin ...
[10:22:22] [Client thread/INFO]: Registered  plugin: com.brandon3055.draconicevolution.integration.jei.DEJEIPlugin in 79 ms
[10:22:22] [Client thread/INFO]: Registering plugin: omtteam.openmodularturrets.compatibility.jei.JEIPluginOMT ...
[10:22:22] [Client thread/INFO]: Registered  plugin: omtteam.openmodularturrets.compatibility.jei.JEIPluginOMT in 3 ms
[10:22:22] [Client thread/INFO]: Registering plugin: team.chisel.common.integration.jei.ChiselJEIPlugin ...
[10:22:22] [Client thread/INFO]: Registered  plugin: team.chisel.common.integration.jei.ChiselJEIPlugin in 16 ms
[10:22:22] [Client thread/INFO]: Registering plugin: zmaster587.advancedRocketry.integration.jei.ARPlugin ...
[10:22:22] [Client thread/INFO]: Registered  plugin: zmaster587.advancedRocketry.integration.jei.ARPlugin in 58 ms
[10:22:22] [Client thread/INFO]: Registering plugin: ru.pearx.jehc.jei.JEHCPlugin ...
[10:22:22] [Client thread/INFO]: Registered  plugin: ru.pearx.jehc.jei.JEHCPlugin in 31 ms
[10:22:22] [Client thread/INFO]: Registering plugin: appeng.integration.modules.jei.JEIPlugin ...
[10:22:22] [Client thread/INFO]: Added recipe registry plugin: class appeng.integration.modules.jei.FacadeRegistryPlugin
[10:22:22] [Client thread/INFO]: Registered  plugin: appeng.integration.modules.jei.JEIPlugin in 40 ms
[10:22:22] [Client thread/INFO]: Registering plugin: p455w0rd.wct.integration.JEI ...
[10:22:22] [Client thread/INFO]: Registered  plugin: p455w0rd.wct.integration.JEI in 10 ms
[10:22:22] [Client thread/INFO]: Registering plugin: net.blay09.mods.excompressum.compat.jei.JEIAddon ...
[10:22:22] [Client thread/INFO]: Registered  plugin: net.blay09.mods.excompressum.compat.jei.JEIAddon in 27 ms
[10:22:22] [Client thread/INFO]: Registering plugin: jeresources.jei.JEIConfig ...
[10:22:23] [Client thread/WARN]: Couldn't set damage of loot item 1xitem.darkutils.mystery.potion@0
[10:22:23] [Client thread/WARN]: Couldn't set damage of loot item 1xitem.darkutils.ring@0
[10:22:23] [Client thread/INFO]: Registered  plugin: jeresources.jei.JEIConfig in 859 ms
[10:22:23] [Client thread/INFO]: Registering plugin: forestry.mail.compat.MailJeiPlugin ...
[10:22:23] [Client thread/INFO]: Registered  plugin: forestry.mail.compat.MailJeiPlugin in 0 ms
[10:22:23] [Client thread/INFO]: Registering plugin: minetweaker.mods.jei.JEIAddonPlugin ...
[10:22:23] [Client thread/INFO]: Registered  plugin: minetweaker.mods.jei.JEIAddonPlugin in 0 ms
[10:22:23] [Client thread/INFO]: Registering plugin: forestry.storage.compat.StorageJeiPlugin ...
[10:22:23] [Client thread/INFO]: Registered  plugin: forestry.storage.compat.StorageJeiPlugin in 1 ms
[10:22:23] [Client thread/INFO]: Registering plugin: nc.jei.NCJEI ...
[10:22:23] [Client thread/INFO]: Registered  plugin: nc.jei.NCJEI in 0 ms
[10:22:23] [Client thread/INFO]: Registering plugin: at.feldim2425.moreoverlays.itemsearch.JeiModule ...
[10:22:23] [Client thread/INFO]: Registered  plugin: at.feldim2425.moreoverlays.itemsearch.JeiModule in 0 ms
[10:22:23] [Client thread/INFO]: Registering plugin: forestry.arboriculture.compat.ArboricultureJeiPlugin ...
[10:22:23] [Client thread/INFO]: Registered  plugin: forestry.arboriculture.compat.ArboricultureJeiPlugin in 0 ms
[10:22:23] [Client thread/INFO]: Registering plugin: cofh.thermaldynamics.plugins.jei.JEIPluginTD ...
[10:22:23] [Client thread/INFO]: Registered  plugin: cofh.thermaldynamics.plugins.jei.JEIPluginTD in 49 ms
[10:22:23] [Client thread/INFO]: Registering plugin: jackyy.dimensionaledibles.compat.JEICompat ...
[10:22:23] [Client thread/INFO]: Registered  plugin: jackyy.dimensionaledibles.compat.JEICompat in 3 ms
[10:22:23] [Client thread/INFO]: Registering plugin: crazypants.enderio.integration.jei.JeiPlugin ...
[10:22:23] [Client thread/INFO]: Transforming Class [net.minecraft.inventory.ContainerRepair], Method [func_82848_d]
[10:22:23] [Client thread/INFO]: Transforming net.minecraft.inventory.ContainerRepair Finished.
[10:22:24] [Client thread/INFO]: Registered  plugin: crazypants.enderio.integration.jei.JeiPlugin in 721 ms
[10:22:24] [Client thread/INFO]: Registering plugin: com.whammich.sstow.compat.jei.SoulShardsJEIPlugin ...
[10:22:24] [Client thread/INFO]: Registered  plugin: com.whammich.sstow.compat.jei.SoulShardsJEIPlugin in 8 ms
[10:22:24] [Client thread/INFO]: Registering plugin: cofh.thermalexpansion.plugins.jei.JEIPluginTE ...
[10:22:24] [Client thread/INFO]: Registered  plugin: cofh.thermalexpansion.plugins.jei.JEIPluginTE in 346 ms
[10:22:24] [Client thread/INFO]: Registering plugin: org.dave.cm2.jei.CM2JEIPlugin ...
[10:22:24] [Client thread/INFO]: Registered  plugin: org.dave.cm2.jei.CM2JEIPlugin in 9 ms
[10:22:24] [Client thread/INFO]: Registering plugin: ic2.jeiIntegration.SubModule ...
[10:22:25] [Client thread/INFO]: Registered  plugin: ic2.jeiIntegration.SubModule in 385 ms
[10:22:25] [Client thread/INFO]: Registering plugin: blusunrize.immersiveengineering.common.util.compat.jei.JEIHelper ...
[10:22:25] [Client thread/INFO]: Registered  plugin: blusunrize.immersiveengineering.common.util.compat.jei.JEIHelper in 40 ms
[10:22:25] [Client thread/INFO]: Registering plugin: org.cyclops.integrateddynamics.modcompat.jei.JEIIntegratedDynamicsConfig ...
[10:22:25] [Client thread/INFO]: Registered  plugin: org.cyclops.integrateddynamics.modcompat.jei.JEIIntegratedDynamicsConfig in 30 ms
[10:22:25] [Client thread/INFO]: Registering plugin: cofh.core.plugins.jei.JEIPluginCore ...
[10:22:25] [Client thread/INFO]: Registered  plugin: cofh.core.plugins.jei.JEIPluginCore in 2 ms
[10:22:25] [Client thread/INFO]: Registering plugin: forestry.factory.recipes.jei.FactoryJeiPlugin ...
[10:22:25] [Client thread/INFO]: Registered  plugin: forestry.factory.recipes.jei.FactoryJeiPlugin in 158 ms
[10:22:25] [Client thread/INFO]: Registering plugin: forestry.food.compat.FoodJeiPlugin ...
[10:22:25] [Client thread/INFO]: Registered  plugin: forestry.food.compat.FoodJeiPlugin in 0 ms
[10:22:25] [Client thread/INFO]: Registering plugin: nc.integration.jei.NCJEI ...
[10:22:25] [Client thread/WARN]: manufactory - a recipe was removed because an output was null!
[10:22:25] [Client thread/WARN]: manufactory - a recipe was removed because an input was null!
[10:22:25] [Client thread/WARN]: manufactory - a recipe was removed because an input was null!
[10:22:25] [Client thread/WARN]: manufactory - a recipe was removed because an input was null!
[10:22:25] [Client thread/WARN]: manufactory - a recipe was removed because an input was null!
[10:22:25] [Client thread/WARN]: manufactory - a recipe was removed because an input was null!
[10:22:25] [Client thread/WARN]: manufactory - a recipe was removed because an input was null!
[10:22:25] [Client thread/WARN]: manufactory - a recipe was removed because an input was null!
[10:22:25] [Client thread/WARN]: manufactory - a recipe was removed because an input was null!
[10:22:25] [Client thread/WARN]: manufactory - a recipe was removed because an input was null!
[10:22:25] [Client thread/WARN]: manufactory - a recipe was removed because an input was null!
[10:22:25] [Client thread/WARN]: manufactory - a recipe was removed because an input was null!
[10:22:25] [Client thread/WARN]: manufactory - a recipe was removed because an input was null!
[10:22:25] [Client thread/WARN]: manufactory - a recipe was removed because an input was null!
[10:22:25] [Client thread/WARN]: manufactory - a recipe was removed because an input was null!
[10:22:25] [Client thread/WARN]: manufactory - a recipe was removed because an input was null!
[10:22:25] [Client thread/WARN]: manufactory - a recipe was removed because an input was null!
[10:22:25] [Client thread/WARN]: manufactory - a recipe was removed because an input was null!
[10:22:25] [Client thread/WARN]: manufactory - a recipe was removed because an input was null!
[10:22:25] [Client thread/WARN]: manufactory - a recipe was removed because an input was null!
[10:22:25] [Client thread/WARN]: manufactory - a recipe was removed because an input was null!
[10:22:25] [Client thread/WARN]: manufactory - a recipe was removed because an input was null!
[10:22:25] [Client thread/WARN]: manufactory - a recipe was removed because an input was null!
[10:22:25] [Client thread/WARN]: manufactory - a recipe was removed because an input was null!
[10:22:25] [Client thread/WARN]: manufactory - a recipe was removed because an input was null!
[10:22:25] [Client thread/WARN]: manufactory - a recipe was removed because an input was null!
[10:22:25] [Client thread/WARN]: manufactory - a recipe was removed because an input was null!
[10:22:25] [Client thread/WARN]: manufactory - a recipe was removed because an input was null!
[10:22:25] [Client thread/WARN]: manufactory - a recipe was removed because an input was null!
[10:22:25] [Client thread/WARN]: manufactory - a recipe was removed because an input was null!
[10:22:25] [Client thread/WARN]: manufactory - a recipe was removed because an input was null!
[10:22:25] [Client thread/WARN]: manufactory - a recipe was removed because an input was null!
[10:22:25] [Client thread/WARN]: manufactory - a recipe was removed because an input was null!
[10:22:25] [Client thread/WARN]: manufactory - a recipe was removed because an input was null!
[10:22:25] [Client thread/WARN]: manufactory - a recipe was removed because an input was null!
[10:22:25] [Client thread/WARN]: manufactory - a recipe was removed because an input was null!
[10:22:25] [Client thread/WARN]: manufactory - a recipe was removed because an input was null!
[10:22:25] [Client thread/WARN]: manufactory - a recipe was removed because an input was null!
[10:22:25] [Client thread/WARN]: manufactory - a recipe was removed because an input was null!
[10:22:25] [Client thread/WARN]: manufactory - a recipe was removed because an input was null!
[10:22:25] [Client thread/WARN]: manufactory - a recipe was removed because an input was null!
[10:22:25] [Client thread/WARN]: manufactory - a recipe was removed because an input was null!
[10:22:25] [Client thread/WARN]: manufactory - a recipe was removed because an input was null!
[10:22:25] [Client thread/WARN]: manufactory - a recipe was removed because an input was null!
[10:22:25] [Client thread/WARN]: manufactory - a recipe was removed because an input was null!
[10:22:25] [Client thread/WARN]: manufactory - a recipe was removed because an input was null!
[10:22:25] [Client thread/WARN]: manufactory - a recipe was removed because an input was null!
[10:22:25] [Client thread/WARN]: manufactory - a recipe was removed because an input was null!
[10:22:25] [Client thread/WARN]: manufactory - a recipe was removed because an input was null!
[10:22:25] [Client thread/WARN]: manufactory - a recipe was removed because an input was null!
[10:22:25] [Client thread/WARN]: manufactory - a recipe was removed because an input was null!
[10:22:25] [Client thread/WARN]: manufactory - a recipe was removed because an input was null!
[10:22:25] [Client thread/WARN]: manufactory - a recipe was removed because an input was null!
[10:22:25] [Client thread/WARN]: manufactory - a recipe was removed because an input was null!
[10:22:25] [Client thread/WARN]: manufactory - a recipe was removed because an input was null!
[10:22:25] [Client thread/WARN]: manufactory - a recipe was removed because an input was null!
[10:22:25] [Client thread/WARN]: manufactory - a recipe was removed because an input was null!
[10:22:25] [Client thread/WARN]: manufactory - a recipe was removed because an input was null!
[10:22:25] [Client thread/WARN]: manufactory - a recipe was removed because an input was null!
[10:22:25] [Client thread/WARN]: manufactory - a recipe was removed because an input was null!
[10:22:25] [Client thread/WARN]: manufactory - a recipe was removed because an input was null!
[10:22:25] [Client thread/WARN]: manufactory - a recipe was removed because an input was null!
[10:22:25] [Client thread/WARN]: alloy_furnace - a recipe was removed because an output was null!
[10:22:25] [Client thread/WARN]: electrolyser - a recipe was removed because an input was null!
[10:22:25] [Client thread/WARN]: ingot_former - a recipe was removed because an input was null!
[10:22:25] [Client thread/WARN]: ingot_former - a recipe was removed because an input was null!
[10:22:25] [Client thread/WARN]: ingot_former - a recipe was removed because an input was null!
[10:22:25] [Client thread/WARN]: ingot_former - a recipe was removed because an input was null!
[10:22:25] [Client thread/WARN]: ingot_former - a recipe was removed because an input was null!
[10:22:25] [Client thread/WARN]: ingot_former - a recipe was removed because an input was null!
[10:22:25] [Client thread/WARN]: ingot_former - a recipe was removed because an input was null!
[10:22:25] [Client thread/WARN]: chemical_reactor - a recipe was removed because an input was null!
[10:22:25] [Client thread/INFO]: Registering JEI recipe handler manufactory
[10:22:25] [Client thread/INFO]: Registering JEI recipe handler isotope_separator
[10:22:25] [Client thread/INFO]: Registering JEI recipe handler decay_hastener
[10:22:25] [Client thread/INFO]: Registering JEI recipe handler fuel_reprocessor
[10:22:25] [Client thread/INFO]: Registering JEI recipe handler alloy_furnace
[10:22:25] [Client thread/INFO]: Registering JEI recipe handler infuser
[10:22:25] [Client thread/INFO]: Registering JEI recipe handler melter
[10:22:25] [Client thread/INFO]: Registering JEI recipe handler supercooler
[10:22:25] [Client thread/INFO]: Registering JEI recipe handler electrolyser
[10:22:25] [Client thread/INFO]: Registering JEI recipe handler irradiator
[10:22:25] [Client thread/INFO]: Registering JEI recipe handler ingot_former
[10:22:25] [Client thread/INFO]: Registering JEI recipe handler pressurizer
[10:22:25] [Client thread/INFO]: Registering JEI recipe handler chemical_reactor
[10:22:25] [Client thread/INFO]: Registering JEI recipe handler salt_mixer
[10:22:25] [Client thread/INFO]: Registering JEI recipe handler crystallizer
[10:22:25] [Client thread/INFO]: Registering JEI recipe handler dissolver
[10:22:25] [Client thread/INFO]: Registering JEI recipe handler fission
[10:22:25] [Client thread/INFO]: Registering JEI recipe handler fusion
[10:22:26] [Client thread/INFO]: JEI integration complete
[10:22:26] [Client thread/INFO]: Registered  plugin: nc.integration.jei.NCJEI in 600 ms
[10:22:26] [Client thread/INFO]: Registering plugin: com.raoulvdberge.refinedstorage.integration.jei.RSJEIPlugin ...
[10:22:26] [Client thread/INFO]: Registered  plugin: com.raoulvdberge.refinedstorage.integration.jei.RSJEIPlugin in 21 ms
[10:22:26] [Client thread/INFO]: Registering plugin: lumien.randomthings.handler.compability.jei.RandomThingsPlugin ...
[10:22:26] [Client thread/INFO]: Registered  plugin: lumien.randomthings.handler.compability.jei.RandomThingsPlugin in 17 ms
[10:22:26] [Client thread/INFO]: Registering plugin: com.teamacronymcoders.base.registry.pieces.jei.BASEJEIPlugin ...
[10:22:26] [Client thread/INFO]: Registered  plugin: com.teamacronymcoders.base.registry.pieces.jei.BASEJEIPlugin in 0 ms
[10:22:26] [Client thread/INFO]: Registering plugin: com.oblivioussp.spartanweaponry.compat.jei.SpartanWeaponryPlugin ...
[10:22:26] [Client thread/INFO]: Registered  plugin: com.oblivioussp.spartanweaponry.compat.jei.SpartanWeaponryPlugin in 10 ms
[10:22:26] [Client thread/INFO]: Registering plugin: morph.avaritia.compat.jei.AvaritiaJEIPlugin ...
[10:22:26] [Client thread/INFO]: Registered  plugin: morph.avaritia.compat.jei.AvaritiaJEIPlugin in 19 ms
[10:22:26] [Client thread/INFO]: Registering plugin: com.valkyrieofnight.environmentaltech.client.integration.jei.JEIETMultiblockPlugin ...
[10:22:26] [Client thread/INFO]: Registered  plugin: com.valkyrieofnight.environmentaltech.client.integration.jei.JEIETMultiblockPlugin in 17 ms
[10:22:26] [Client thread/INFO]: Registering plugin: net.bdew.pressure.compat.jei.PressureJeiPlugin ...
[10:22:26] [Client thread/INFO]: Registered  plugin: net.bdew.pressure.compat.jei.PressureJeiPlugin in 0 ms
[10:22:26] [Client thread/INFO]: Registering plugin: gr8pefish.ironbackpacks.integration.jei.JEIIronBackpacksPlugin ...
[10:22:26] [Client thread/INFO]: Registered  plugin: gr8pefish.ironbackpacks.integration.jei.JEIIronBackpacksPlugin in 21 ms
[10:22:26] [Client thread/INFO]: Registering plugin: modtweaker.JEIAddonPlugin ...
[10:22:26] [Client thread/INFO]: Registered  plugin: modtweaker.JEIAddonPlugin in 0 ms
[10:22:26] [Client thread/INFO]: Registering plugin: slimeknights.mantle.util.JeiPlugin ...
[10:22:26] [Client thread/INFO]: Registered  plugin: slimeknights.mantle.util.JeiPlugin in 5 ms
[10:22:26] [Client thread/INFO]: Registering plugin: de.ellpeck.actuallyadditions.mod.jei.JEIActuallyAdditionsPlugin ...
[10:22:26] [Client thread/INFO]: Registered  plugin: de.ellpeck.actuallyadditions.mod.jei.JEIActuallyAdditionsPlugin in 26 ms
[10:22:26] [Client thread/INFO]: Registering plugin: com.rwtema.extrautils2.crafting.jei.XUJEIPlugin ...
[10:22:26] [Client thread/INFO]: minecraft:empty null
[10:22:26] [Client thread/INFO]: minecraft:water 0
[10:22:26] [Client thread/INFO]: minecraft:mundane 1
[10:22:26] [Client thread/INFO]: minecraft:thick 1
[10:22:26] [Client thread/INFO]: minecraft:awkward 1
[10:22:26] [Client thread/INFO]: minecraft:night_vision 2
[10:22:26] [Client thread/INFO]: minecraft:long_night_vision 3
[10:22:26] [Client thread/INFO]: minecraft:invisibility 3
[10:22:26] [Client thread/INFO]: minecraft:long_invisibility 4
[10:22:26] [Client thread/INFO]: minecraft:leaping 2
[10:22:26] [Client thread/INFO]: minecraft:long_leaping 3
[10:22:26] [Client thread/INFO]: minecraft:strong_leaping 3
[10:22:26] [Client thread/INFO]: minecraft:fire_resistance 2
[10:22:26] [Client thread/INFO]: minecraft:long_fire_resistance 3
[10:22:26] [Client thread/INFO]: minecraft:swiftness 2
[10:22:26] [Client thread/INFO]: minecraft:long_swiftness 3
[10:22:26] [Client thread/INFO]: minecraft:strong_swiftness 3
[10:22:26] [Client thread/INFO]: minecraft:slowness 3
[10:22:26] [Client thread/INFO]: minecraft:long_slowness 4
[10:22:26] [Client thread/INFO]: minecraft:water_breathing 2
[10:22:26] [Client thread/INFO]: minecraft:long_water_breathing 3
[10:22:26] [Client thread/INFO]: minecraft:healing 2
[10:22:26] [Client thread/INFO]: minecraft:strong_healing 3
[10:22:26] [Client thread/INFO]: minecraft:harming 3
[10:22:26] [Client thread/INFO]: minecraft:strong_harming 4
[10:22:26] [Client thread/INFO]: minecraft:poison 2
[10:22:26] [Client thread/INFO]: minecraft:long_poison 3
[10:22:26] [Client thread/INFO]: minecraft:strong_poison 3
[10:22:26] [Client thread/INFO]: minecraft:regeneration 2
[10:22:26] [Client thread/INFO]: minecraft:long_regeneration 3
[10:22:26] [Client thread/INFO]: minecraft:strong_regeneration 3
[10:22:26] [Client thread/INFO]: minecraft:strength 2
[10:22:26] [Client thread/INFO]: minecraft:long_strength 3
[10:22:26] [Client thread/INFO]: minecraft:strong_strength 3
[10:22:26] [Client thread/INFO]: minecraft:weakness 1
[10:22:26] [Client thread/INFO]: minecraft:long_weakness 2
[10:22:26] [Client thread/INFO]: minecraft:luck null
[10:22:26] [Client thread/INFO]: railcraft:creosote 2
[10:22:26] [Client thread/INFO]: railcraft:long_creosote 3
[10:22:26] [Client thread/INFO]: railcraft:strong_creosote 3
[10:22:26] [Client thread/INFO]: toughasnails:cold_resistance_type 2
[10:22:26] [Client thread/INFO]: toughasnails:long_cold_resistance_type 3
[10:22:26] [Client thread/INFO]: toughasnails:heat_resistance_type 2
[10:22:26] [Client thread/INFO]: toughasnails:long_heat_resistance_type 3
[10:22:26] [Client thread/INFO]: extrautils2:xu2.doom null
[10:22:26] [Client thread/INFO]: extrautils2:xu2.gravity 2
[10:22:26] [Client thread/INFO]: extrautils2:xu2.gravity.long 3
[10:22:26] [Client thread/INFO]: extrautils2:xu2.second.chance 4
[10:22:26] [Client thread/INFO]: extrautils2:xu2.greek.fire 3
[10:22:26] [Client thread/INFO]: extrautils2:oily 2
[10:22:26] [Client thread/INFO]: extrautils2:xu2.fizzy.lifting 3
[10:22:26] [Client thread/INFO]: extrautils2:xu2.relapse 2
[10:22:26] [Client thread/INFO]: extrautils2:xu2.love 2
[10:22:26] [Client thread/INFO]: extrautils2:xu2.purging 2
[10:22:26] [Client thread/INFO]: Registered  plugin: com.rwtema.extrautils2.crafting.jei.XUJEIPlugin in 616 ms
[10:22:26] [Client thread/INFO]: Registering plugin: exnihiloadscensio.compatibility.jei.CompatJEI ...
[10:22:26] [Client thread/INFO]: Config Loaded: true
[10:22:26] [Client thread/ERROR]: Failed to register mod plugin: class exnihiloadscensio.compatibility.jei.CompatJEI
java.lang.NullPointerException
	at exnihiloadscensio.compatibility.jei.CompatJEI.register(CompatJEI.java:230) ~[CompatJEI.class:?]
	at mezz.jei.JeiStarter.registerPlugins(JeiStarter.java:142) [JeiStarter.class:?]
	at mezz.jei.JeiStarter.start(JeiStarter.java:48) [JeiStarter.class:?]
	at mezz.jei.ProxyCommonClient.loadComplete(ProxyCommonClient.java:111) [ProxyCommonClient.class:?]
	at mezz.jei.JustEnoughItems.loadComplete(JustEnoughItems.java:53) [JustEnoughItems.class:?]
	at sun.reflect.NativeMethodAccessorImpl.invoke0(Native Method) ~[?:1.8.0_51]
	at sun.reflect.NativeMethodAccessorImpl.invoke(NativeMethodAccessorImpl.java:62) ~[?:1.8.0_51]
	at sun.reflect.DelegatingMethodAccessorImpl.invoke(DelegatingMethodAccessorImpl.java:43) ~[?:1.8.0_51]
	at java.lang.reflect.Method.invoke(Method.java:497) ~[?:1.8.0_51]
	at net.minecraftforge.fml.common.FMLModContainer.handleModStateEvent(FMLModContainer.java:616) [FMLModContainer.class:?]
	at sun.reflect.GeneratedMethodAccessor2.invoke(Unknown Source) ~[?:?]
	at sun.reflect.DelegatingMethodAccessorImpl.invoke(DelegatingMethodAccessorImpl.java:43) ~[?:1.8.0_51]
	at java.lang.reflect.Method.invoke(Method.java:497) ~[?:1.8.0_51]
	at com.google.common.eventbus.EventSubscriber.handleEvent(EventSubscriber.java:74) [guava-17.0.jar:?]
	at com.google.common.eventbus.SynchronizedEventSubscriber.handleEvent(SynchronizedEventSubscriber.java:47) [guava-17.0.jar:?]
	at com.google.common.eventbus.EventBus.dispatch(EventBus.java:322) [guava-17.0.jar:?]
	at com.google.common.eventbus.EventBus.dispatchQueuedEvents(EventBus.java:304) [guava-17.0.jar:?]
	at com.google.common.eventbus.EventBus.post(EventBus.java:275) [guava-17.0.jar:?]
	at net.minecraftforge.fml.common.LoadController.sendEventToModContainer(LoadController.java:243) [LoadController.class:?]
	at net.minecraftforge.fml.common.LoadController.propogateStateMessage(LoadController.java:221) [LoadController.class:?]
	at sun.reflect.NativeMethodAccessorImpl.invoke0(Native Method) ~[?:1.8.0_51]
	at sun.reflect.NativeMethodAccessorImpl.invoke(NativeMethodAccessorImpl.java:62) ~[?:1.8.0_51]
	at sun.reflect.DelegatingMethodAccessorImpl.invoke(DelegatingMethodAccessorImpl.java:43) ~[?:1.8.0_51]
	at java.lang.reflect.Method.invoke(Method.java:497) ~[?:1.8.0_51]
	at com.google.common.eventbus.EventSubscriber.handleEvent(EventSubscriber.java:74) [guava-17.0.jar:?]
	at com.google.common.eventbus.SynchronizedEventSubscriber.handleEvent(SynchronizedEventSubscriber.java:47) [guava-17.0.jar:?]
	at com.google.common.eventbus.EventBus.dispatch(EventBus.java:322) [guava-17.0.jar:?]
	at com.google.common.eventbus.EventBus.dispatchQueuedEvents(EventBus.java:304) [guava-17.0.jar:?]
	at com.google.common.eventbus.EventBus.post(EventBus.java:275) [guava-17.0.jar:?]
	at net.minecraftforge.fml.common.LoadController.distributeStateMessage(LoadController.java:145) [LoadController.class:?]
	at net.minecraftforge.fml.common.Loader.initializeMods(Loader.java:813) [Loader.class:?]
	at net.minecraftforge.fml.client.FMLClientHandler.finishMinecraftLoading(FMLClientHandler.java:334) [FMLClientHandler.class:?]
	at net.minecraft.client.Minecraft.func_71384_a(Minecraft.java:520) [bcx.class:?]
	at net.minecraft.client.Minecraft.func_99999_d(Minecraft.java:351) [bcx.class:?]
	at net.minecraft.client.main.Main.main(SourceFile:124) [Main.class:?]
	at sun.reflect.NativeMethodAccessorImpl.invoke0(Native Method) ~[?:1.8.0_51]
	at sun.reflect.NativeMethodAccessorImpl.invoke(NativeMethodAccessorImpl.java:62) ~[?:1.8.0_51]
	at sun.reflect.DelegatingMethodAccessorImpl.invoke(DelegatingMethodAccessorImpl.java:43) ~[?:1.8.0_51]
	at java.lang.reflect.Method.invoke(Method.java:497) ~[?:1.8.0_51]
	at net.minecraft.launchwrapper.Launch.launch(Launch.java:135) [launchwrapper-1.12.jar:?]
	at net.minecraft.launchwrapper.Launch.main(Launch.java:28) [launchwrapper-1.12.jar:?]
[10:22:26] [Client thread/INFO]: Registering plugin: mods.railcraft.common.plugins.jei.RailcraftJEIPlugin ...
[10:22:26] [Client thread/INFO]: Registered  plugin: mods.railcraft.common.plugins.jei.RailcraftJEIPlugin in 72 ms
[10:22:26] [Client thread/INFO]: Registering plugin: net.darkhax.darkutils.addons.jei.DarkUtilsJEIPlugin ...
[10:22:26] [Client thread/INFO]: Registered  plugin: net.darkhax.darkutils.addons.jei.DarkUtilsJEIPlugin in 2 ms
[10:22:26] [Client thread/INFO]: Registering plugin: mcp.mobius.waila.handlers.JEIHandler ...
[10:22:26] [Client thread/INFO]: Registered  plugin: mcp.mobius.waila.handlers.JEIHandler in 0 ms
[10:22:26] [Client thread/INFO]: Registering plugin: extracells.integration.jei.Plugin ...
[10:22:26] [Client thread/INFO]: Registered  plugin: extracells.integration.jei.Plugin in 12 ms
[10:22:26] [Client thread/INFO]: Registering plugin: slimeknights.tconstruct.plugin.jei.JEIPlugin ...
[10:22:27] [Client thread/INFO]: Registered  plugin: slimeknights.tconstruct.plugin.jei.JEIPlugin in 100 ms
[10:22:27] [Client thread/INFO]: Registering plugin: betterwithmods.integration.jei.BWMJEIPlugin ...
[10:22:27] [Client thread/INFO]: Registered  plugin: betterwithmods.integration.jei.BWMJEIPlugin in 63 ms
[10:22:27] [Client thread/INFO]: Registering plugin: com.jaquadro.minecraft.storagedrawers.integration.JustEnoughItems ...
[10:22:27] [Client thread/INFO]: Registered  plugin: com.jaquadro.minecraft.storagedrawers.integration.JustEnoughItems in 4 ms
[10:22:27] [Client thread/INFO]: Registering plugin: forestry.plugins.compat.ForestryJeiPlugin ...
[10:22:27] [Client thread/INFO]: Registered  plugin: forestry.plugins.compat.ForestryJeiPlugin in 2 ms
[10:22:27] [Client thread/INFO]: Registering plugin: aroma1997.core.integration.jei.SubModule ...
[10:22:27] [Client thread/INFO]: Registered  plugin: aroma1997.core.integration.jei.SubModule in 10 ms
[10:22:27] [Client thread/INFO]: Registering plugin: mezz.jei.plugins.jei.JEIInternalPlugin ...
[10:22:27] [Client thread/INFO]: Registered  plugin: mezz.jei.plugins.jei.JEIInternalPlugin in 4 ms
[10:22:27] [Client thread/INFO]: Building recipe registry...
[10:22:29] [Client thread/ERROR]: Found a broken recipe: cofh.thermalexpansion.plugins.jei.crafting.furnace.FurnaceRecipeWrapper@273da944
Failed to get ingredients from recipe wrapper

java.lang.NullPointerException: Null item in itemStack
	at mezz.jei.util.StackHelper.getSubtypes(StackHelper.java:219) ~[StackHelper.class:?]
	at mezz.jei.util.StackHelper.getAllSubtypes(StackHelper.java:292) ~[StackHelper.class:?]
	at mezz.jei.util.StackHelper.getAllSubtypes(StackHelper.java:270) ~[StackHelper.class:?]
	at mezz.jei.plugins.vanilla.ingredients.ItemStackHelper.expandSubtypes(ItemStackHelper.java:24) ~[ItemStackHelper.class:?]
	at mezz.jei.util.Ingredients.setInputLists(Ingredients.java:32) ~[Ingredients.class:?]
	at cofh.thermalexpansion.plugins.jei.crafting.furnace.FurnaceRecipeWrapper.getIngredients(FurnaceRecipeWrapper.java:95) ~[FurnaceRecipeWrapper.class:?]
	at mezz.jei.RecipeRegistry.getIngredients(RecipeRegistry.java:288) ~[RecipeRegistry.class:?]
	at mezz.jei.RecipeRegistry.addRecipeUnchecked(RecipeRegistry.java:272) ~[RecipeRegistry.class:?]
	at mezz.jei.RecipeRegistry.addRecipe(RecipeRegistry.java:242) [RecipeRegistry.class:?]
	at mezz.jei.RecipeRegistry.addRecipe(RecipeRegistry.java:201) [RecipeRegistry.class:?]
	at mezz.jei.RecipeRegistry.addRecipes(RecipeRegistry.java:184) [RecipeRegistry.class:?]
	at mezz.jei.RecipeRegistry.<init>(RecipeRegistry.java:102) [RecipeRegistry.class:?]
	at mezz.jei.util.ModRegistry.createRecipeRegistry(ModRegistry.java:209) [ModRegistry.class:?]
	at mezz.jei.JeiStarter.start(JeiStarter.java:52) [JeiStarter.class:?]
	at mezz.jei.ProxyCommonClient.loadComplete(ProxyCommonClient.java:111) [ProxyCommonClient.class:?]
	at mezz.jei.JustEnoughItems.loadComplete(JustEnoughItems.java:53) [JustEnoughItems.class:?]
	at sun.reflect.NativeMethodAccessorImpl.invoke0(Native Method) ~[?:1.8.0_51]
	at sun.reflect.NativeMethodAccessorImpl.invoke(NativeMethodAccessorImpl.java:62) ~[?:1.8.0_51]
	at sun.reflect.DelegatingMethodAccessorImpl.invoke(DelegatingMethodAccessorImpl.java:43) ~[?:1.8.0_51]
	at java.lang.reflect.Method.invoke(Method.java:497) ~[?:1.8.0_51]
	at net.minecraftforge.fml.common.FMLModContainer.handleModStateEvent(FMLModContainer.java:616) [FMLModContainer.class:?]
	at sun.reflect.GeneratedMethodAccessor2.invoke(Unknown Source) ~[?:?]
	at sun.reflect.DelegatingMethodAccessorImpl.invoke(DelegatingMethodAccessorImpl.java:43) ~[?:1.8.0_51]
	at java.lang.reflect.Method.invoke(Method.java:497) ~[?:1.8.0_51]
	at com.google.common.eventbus.EventSubscriber.handleEvent(EventSubscriber.java:74) [guava-17.0.jar:?]
	at com.google.common.eventbus.SynchronizedEventSubscriber.handleEvent(SynchronizedEventSubscriber.java:47) [guava-17.0.jar:?]
	at com.google.common.eventbus.EventBus.dispatch(EventBus.java:322) [guava-17.0.jar:?]
	at com.google.common.eventbus.EventBus.dispatchQueuedEvents(EventBus.java:304) [guava-17.0.jar:?]
	at com.google.common.eventbus.EventBus.post(EventBus.java:275) [guava-17.0.jar:?]
	at net.minecraftforge.fml.common.LoadController.sendEventToModContainer(LoadController.java:243) [LoadController.class:?]
	at net.minecraftforge.fml.common.LoadController.propogateStateMessage(LoadController.java:221) [LoadController.class:?]
	at sun.reflect.NativeMethodAccessorImpl.invoke0(Native Method) ~[?:1.8.0_51]
	at sun.reflect.NativeMethodAccessorImpl.invoke(NativeMethodAccessorImpl.java:62) ~[?:1.8.0_51]
	at sun.reflect.DelegatingMethodAccessorImpl.invoke(DelegatingMethodAccessorImpl.java:43) ~[?:1.8.0_51]
	at java.lang.reflect.Method.invoke(Method.java:497) ~[?:1.8.0_51]
	at com.google.common.eventbus.EventSubscriber.handleEvent(EventSubscriber.java:74) [guava-17.0.jar:?]
	at com.google.common.eventbus.SynchronizedEventSubscriber.handleEvent(SynchronizedEventSubscriber.java:47) [guava-17.0.jar:?]
	at com.google.common.eventbus.EventBus.dispatch(EventBus.java:322) [guava-17.0.jar:?]
	at com.google.common.eventbus.EventBus.dispatchQueuedEvents(EventBus.java:304) [guava-17.0.jar:?]
	at com.google.common.eventbus.EventBus.post(EventBus.java:275) [guava-17.0.jar:?]
	at net.minecraftforge.fml.common.LoadController.distributeStateMessage(LoadController.java:145) [LoadController.class:?]
	at net.minecraftforge.fml.common.Loader.initializeMods(Loader.java:813) [Loader.class:?]
	at net.minecraftforge.fml.client.FMLClientHandler.finishMinecraftLoading(FMLClientHandler.java:334) [FMLClientHandler.class:?]
	at net.minecraft.client.Minecraft.func_71384_a(Minecraft.java:520) [bcx.class:?]
	at net.minecraft.client.Minecraft.func_99999_d(Minecraft.java:351) [bcx.class:?]
	at net.minecraft.client.main.Main.main(SourceFile:124) [Main.class:?]
	at sun.reflect.NativeMethodAccessorImpl.invoke0(Native Method) ~[?:1.8.0_51]
	at sun.reflect.NativeMethodAccessorImpl.invoke(NativeMethodAccessorImpl.java:62) ~[?:1.8.0_51]
	at sun.reflect.DelegatingMethodAccessorImpl.invoke(DelegatingMethodAccessorImpl.java:43) ~[?:1.8.0_51]
	at java.lang.reflect.Method.invoke(Method.java:497) ~[?:1.8.0_51]
	at net.minecraft.launchwrapper.Launch.launch(Launch.java:135) [launchwrapper-1.12.jar:?]
	at net.minecraft.launchwrapper.Launch.main(Launch.java:28) [launchwrapper-1.12.jar:?]
[10:22:29] [Client thread/ERROR]: Found a broken recipe: cofh.thermalexpansion.plugins.jei.crafting.insolator.InsolatorRecipeWrapper@4085baad
Failed to get ingredients from recipe wrapper

java.lang.NullPointerException: Null item in itemStack
	at mezz.jei.util.StackHelper.getSubtypes(StackHelper.java:219) ~[StackHelper.class:?]
	at mezz.jei.util.StackHelper.getAllSubtypes(StackHelper.java:292) ~[StackHelper.class:?]
	at mezz.jei.util.StackHelper.getAllSubtypes(StackHelper.java:270) ~[StackHelper.class:?]
	at mezz.jei.plugins.vanilla.ingredients.ItemStackHelper.expandSubtypes(ItemStackHelper.java:24) ~[ItemStackHelper.class:?]
	at mezz.jei.util.Ingredients.setInputLists(Ingredients.java:32) ~[Ingredients.class:?]
	at cofh.thermalexpansion.plugins.jei.crafting.insolator.InsolatorRecipeWrapper.getIngredients(InsolatorRecipeWrapper.java:107) ~[InsolatorRecipeWrapper.class:?]
	at mezz.jei.RecipeRegistry.getIngredients(RecipeRegistry.java:288) ~[RecipeRegistry.class:?]
	at mezz.jei.RecipeRegistry.addRecipeUnchecked(RecipeRegistry.java:272) ~[RecipeRegistry.class:?]
	at mezz.jei.RecipeRegistry.addRecipe(RecipeRegistry.java:242) [RecipeRegistry.class:?]
	at mezz.jei.RecipeRegistry.addRecipe(RecipeRegistry.java:201) [RecipeRegistry.class:?]
	at mezz.jei.RecipeRegistry.addRecipes(RecipeRegistry.java:184) [RecipeRegistry.class:?]
	at mezz.jei.RecipeRegistry.<init>(RecipeRegistry.java:102) [RecipeRegistry.class:?]
	at mezz.jei.util.ModRegistry.createRecipeRegistry(ModRegistry.java:209) [ModRegistry.class:?]
	at mezz.jei.JeiStarter.start(JeiStarter.java:52) [JeiStarter.class:?]
	at mezz.jei.ProxyCommonClient.loadComplete(ProxyCommonClient.java:111) [ProxyCommonClient.class:?]
	at mezz.jei.JustEnoughItems.loadComplete(JustEnoughItems.java:53) [JustEnoughItems.class:?]
	at sun.reflect.NativeMethodAccessorImpl.invoke0(Native Method) ~[?:1.8.0_51]
	at sun.reflect.NativeMethodAccessorImpl.invoke(NativeMethodAccessorImpl.java:62) ~[?:1.8.0_51]
	at sun.reflect.DelegatingMethodAccessorImpl.invoke(DelegatingMethodAccessorImpl.java:43) ~[?:1.8.0_51]
	at java.lang.reflect.Method.invoke(Method.java:497) ~[?:1.8.0_51]
	at net.minecraftforge.fml.common.FMLModContainer.handleModStateEvent(FMLModContainer.java:616) [FMLModContainer.class:?]
	at sun.reflect.GeneratedMethodAccessor2.invoke(Unknown Source) ~[?:?]
	at sun.reflect.DelegatingMethodAccessorImpl.invoke(DelegatingMethodAccessorImpl.java:43) ~[?:1.8.0_51]
	at java.lang.reflect.Method.invoke(Method.java:497) ~[?:1.8.0_51]
	at com.google.common.eventbus.EventSubscriber.handleEvent(EventSubscriber.java:74) [guava-17.0.jar:?]
	at com.google.common.eventbus.SynchronizedEventSubscriber.handleEvent(SynchronizedEventSubscriber.java:47) [guava-17.0.jar:?]
	at com.google.common.eventbus.EventBus.dispatch(EventBus.java:322) [guava-17.0.jar:?]
	at com.google.common.eventbus.EventBus.dispatchQueuedEvents(EventBus.java:304) [guava-17.0.jar:?]
	at com.google.common.eventbus.EventBus.post(EventBus.java:275) [guava-17.0.jar:?]
	at net.minecraftforge.fml.common.LoadController.sendEventToModContainer(LoadController.java:243) [LoadController.class:?]
	at net.minecraftforge.fml.common.LoadController.propogateStateMessage(LoadController.java:221) [LoadController.class:?]
	at sun.reflect.NativeMethodAccessorImpl.invoke0(Native Method) ~[?:1.8.0_51]
	at sun.reflect.NativeMethodAccessorImpl.invoke(NativeMethodAccessorImpl.java:62) ~[?:1.8.0_51]
	at sun.reflect.DelegatingMethodAccessorImpl.invoke(DelegatingMethodAccessorImpl.java:43) ~[?:1.8.0_51]
	at java.lang.reflect.Method.invoke(Method.java:497) ~[?:1.8.0_51]
	at com.google.common.eventbus.EventSubscriber.handleEvent(EventSubscriber.java:74) [guava-17.0.jar:?]
	at com.google.common.eventbus.SynchronizedEventSubscriber.handleEvent(SynchronizedEventSubscriber.java:47) [guava-17.0.jar:?]
	at com.google.common.eventbus.EventBus.dispatch(EventBus.java:322) [guava-17.0.jar:?]
	at com.google.common.eventbus.EventBus.dispatchQueuedEvents(EventBus.java:304) [guava-17.0.jar:?]
	at com.google.common.eventbus.EventBus.post(EventBus.java:275) [guava-17.0.jar:?]
	at net.minecraftforge.fml.common.LoadController.distributeStateMessage(LoadController.java:145) [LoadController.class:?]
	at net.minecraftforge.fml.common.Loader.initializeMods(Loader.java:813) [Loader.class:?]
	at net.minecraftforge.fml.client.FMLClientHandler.finishMinecraftLoading(FMLClientHandler.java:334) [FMLClientHandler.class:?]
	at net.minecraft.client.Minecraft.func_71384_a(Minecraft.java:520) [bcx.class:?]
	at net.minecraft.client.Minecraft.func_99999_d(Minecraft.java:351) [bcx.class:?]
	at net.minecraft.client.main.Main.main(SourceFile:124) [Main.class:?]
	at sun.reflect.NativeMethodAccessorImpl.invoke0(Native Method) ~[?:1.8.0_51]
	at sun.reflect.NativeMethodAccessorImpl.invoke(NativeMethodAccessorImpl.java:62) ~[?:1.8.0_51]
	at sun.reflect.DelegatingMethodAccessorImpl.invoke(DelegatingMethodAccessorImpl.java:43) ~[?:1.8.0_51]
	at java.lang.reflect.Method.invoke(Method.java:497) ~[?:1.8.0_51]
	at net.minecraft.launchwrapper.Launch.launch(Launch.java:135) [launchwrapper-1.12.jar:?]
	at net.minecraft.launchwrapper.Launch.main(Launch.java:28) [launchwrapper-1.12.jar:?]
[10:22:29] [Client thread/ERROR]: Found a broken recipe: cofh.thermalexpansion.plugins.jei.crafting.insolator.InsolatorRecipeWrapper@50be0b0e
Failed to get ingredients from recipe wrapper

java.lang.NullPointerException: Null item in itemStack
	at mezz.jei.util.StackHelper.getSubtypes(StackHelper.java:219) ~[StackHelper.class:?]
	at mezz.jei.util.StackHelper.getAllSubtypes(StackHelper.java:292) ~[StackHelper.class:?]
	at mezz.jei.util.StackHelper.getAllSubtypes(StackHelper.java:270) ~[StackHelper.class:?]
	at mezz.jei.plugins.vanilla.ingredients.ItemStackHelper.expandSubtypes(ItemStackHelper.java:24) ~[ItemStackHelper.class:?]
	at mezz.jei.util.Ingredients.setInputLists(Ingredients.java:32) ~[Ingredients.class:?]
	at cofh.thermalexpansion.plugins.jei.crafting.insolator.InsolatorRecipeWrapper.getIngredients(InsolatorRecipeWrapper.java:107) ~[InsolatorRecipeWrapper.class:?]
	at mezz.jei.RecipeRegistry.getIngredients(RecipeRegistry.java:288) ~[RecipeRegistry.class:?]
	at mezz.jei.RecipeRegistry.addRecipeUnchecked(RecipeRegistry.java:272) ~[RecipeRegistry.class:?]
	at mezz.jei.RecipeRegistry.addRecipe(RecipeRegistry.java:242) [RecipeRegistry.class:?]
	at mezz.jei.RecipeRegistry.addRecipe(RecipeRegistry.java:201) [RecipeRegistry.class:?]
	at mezz.jei.RecipeRegistry.addRecipes(RecipeRegistry.java:184) [RecipeRegistry.class:?]
	at mezz.jei.RecipeRegistry.<init>(RecipeRegistry.java:102) [RecipeRegistry.class:?]
	at mezz.jei.util.ModRegistry.createRecipeRegistry(ModRegistry.java:209) [ModRegistry.class:?]
	at mezz.jei.JeiStarter.start(JeiStarter.java:52) [JeiStarter.class:?]
	at mezz.jei.ProxyCommonClient.loadComplete(ProxyCommonClient.java:111) [ProxyCommonClient.class:?]
	at mezz.jei.JustEnoughItems.loadComplete(JustEnoughItems.java:53) [JustEnoughItems.class:?]
	at sun.reflect.NativeMethodAccessorImpl.invoke0(Native Method) ~[?:1.8.0_51]
	at sun.reflect.NativeMethodAccessorImpl.invoke(NativeMethodAccessorImpl.java:62) ~[?:1.8.0_51]
	at sun.reflect.DelegatingMethodAccessorImpl.invoke(DelegatingMethodAccessorImpl.java:43) ~[?:1.8.0_51]
	at java.lang.reflect.Method.invoke(Method.java:497) ~[?:1.8.0_51]
	at net.minecraftforge.fml.common.FMLModContainer.handleModStateEvent(FMLModContainer.java:616) [FMLModContainer.class:?]
	at sun.reflect.GeneratedMethodAccessor2.invoke(Unknown Source) ~[?:?]
	at sun.reflect.DelegatingMethodAccessorImpl.invoke(DelegatingMethodAccessorImpl.java:43) ~[?:1.8.0_51]
	at java.lang.reflect.Method.invoke(Method.java:497) ~[?:1.8.0_51]
	at com.google.common.eventbus.EventSubscriber.handleEvent(EventSubscriber.java:74) [guava-17.0.jar:?]
	at com.google.common.eventbus.SynchronizedEventSubscriber.handleEvent(SynchronizedEventSubscriber.java:47) [guava-17.0.jar:?]
	at com.google.common.eventbus.EventBus.dispatch(EventBus.java:322) [guava-17.0.jar:?]
	at com.google.common.eventbus.EventBus.dispatchQueuedEvents(EventBus.java:304) [guava-17.0.jar:?]
	at com.google.common.eventbus.EventBus.post(EventBus.java:275) [guava-17.0.jar:?]
	at net.minecraftforge.fml.common.LoadController.sendEventToModContainer(LoadController.java:243) [LoadController.class:?]
	at net.minecraftforge.fml.common.LoadController.propogateStateMessage(LoadController.java:221) [LoadController.class:?]
	at sun.reflect.NativeMethodAccessorImpl.invoke0(Native Method) ~[?:1.8.0_51]
	at sun.reflect.NativeMethodAccessorImpl.invoke(NativeMethodAccessorImpl.java:62) ~[?:1.8.0_51]
	at sun.reflect.DelegatingMethodAccessorImpl.invoke(DelegatingMethodAccessorImpl.java:43) ~[?:1.8.0_51]
	at java.lang.reflect.Method.invoke(Method.java:497) ~[?:1.8.0_51]
	at com.google.common.eventbus.EventSubscriber.handleEvent(EventSubscriber.java:74) [guava-17.0.jar:?]
	at com.google.common.eventbus.SynchronizedEventSubscriber.handleEvent(SynchronizedEventSubscriber.java:47) [guava-17.0.jar:?]
	at com.google.common.eventbus.EventBus.dispatch(EventBus.java:322) [guava-17.0.jar:?]
	at com.google.common.eventbus.EventBus.dispatchQueuedEvents(EventBus.java:304) [guava-17.0.jar:?]
	at com.google.common.eventbus.EventBus.post(EventBus.java:275) [guava-17.0.jar:?]
	at net.minecraftforge.fml.common.LoadController.distributeStateMessage(LoadController.java:145) [LoadController.class:?]
	at net.minecraftforge.fml.common.Loader.initializeMods(Loader.java:813) [Loader.class:?]
	at net.minecraftforge.fml.client.FMLClientHandler.finishMinecraftLoading(FMLClientHandler.java:334) [FMLClientHandler.class:?]
	at net.minecraft.client.Minecraft.func_71384_a(Minecraft.java:520) [bcx.class:?]
	at net.minecraft.client.Minecraft.func_99999_d(Minecraft.java:351) [bcx.class:?]
	at net.minecraft.client.main.Main.main(SourceFile:124) [Main.class:?]
	at sun.reflect.NativeMethodAccessorImpl.invoke0(Native Method) ~[?:1.8.0_51]
	at sun.reflect.NativeMethodAccessorImpl.invoke(NativeMethodAccessorImpl.java:62) ~[?:1.8.0_51]
	at sun.reflect.DelegatingMethodAccessorImpl.invoke(DelegatingMethodAccessorImpl.java:43) ~[?:1.8.0_51]
	at java.lang.reflect.Method.invoke(Method.java:497) ~[?:1.8.0_51]
	at net.minecraft.launchwrapper.Launch.launch(Launch.java:135) [launchwrapper-1.12.jar:?]
	at net.minecraft.launchwrapper.Launch.main(Launch.java:28) [launchwrapper-1.12.jar:?]
[10:22:29] [Client thread/ERROR]: Found a broken recipe: cofh.thermalexpansion.plugins.jei.crafting.insolator.InsolatorRecipeWrapper@5faa8f8a
Failed to get ingredients from recipe wrapper

java.lang.NullPointerException: Null item in itemStack
	at mezz.jei.util.StackHelper.getSubtypes(StackHelper.java:219) ~[StackHelper.class:?]
	at mezz.jei.util.StackHelper.getAllSubtypes(StackHelper.java:292) ~[StackHelper.class:?]
	at mezz.jei.util.StackHelper.getAllSubtypes(StackHelper.java:270) ~[StackHelper.class:?]
	at mezz.jei.plugins.vanilla.ingredients.ItemStackHelper.expandSubtypes(ItemStackHelper.java:24) ~[ItemStackHelper.class:?]
	at mezz.jei.util.Ingredients.setInputLists(Ingredients.java:32) ~[Ingredients.class:?]
	at cofh.thermalexpansion.plugins.jei.crafting.insolator.InsolatorRecipeWrapper.getIngredients(InsolatorRecipeWrapper.java:107) ~[InsolatorRecipeWrapper.class:?]
	at mezz.jei.RecipeRegistry.getIngredients(RecipeRegistry.java:288) ~[RecipeRegistry.class:?]
	at mezz.jei.RecipeRegistry.addRecipeUnchecked(RecipeRegistry.java:272) ~[RecipeRegistry.class:?]
	at mezz.jei.RecipeRegistry.addRecipe(RecipeRegistry.java:242) [RecipeRegistry.class:?]
	at mezz.jei.RecipeRegistry.addRecipe(RecipeRegistry.java:201) [RecipeRegistry.class:?]
	at mezz.jei.RecipeRegistry.addRecipes(RecipeRegistry.java:184) [RecipeRegistry.class:?]
	at mezz.jei.RecipeRegistry.<init>(RecipeRegistry.java:102) [RecipeRegistry.class:?]
	at mezz.jei.util.ModRegistry.createRecipeRegistry(ModRegistry.java:209) [ModRegistry.class:?]
	at mezz.jei.JeiStarter.start(JeiStarter.java:52) [JeiStarter.class:?]
	at mezz.jei.ProxyCommonClient.loadComplete(ProxyCommonClient.java:111) [ProxyCommonClient.class:?]
	at mezz.jei.JustEnoughItems.loadComplete(JustEnoughItems.java:53) [JustEnoughItems.class:?]
	at sun.reflect.NativeMethodAccessorImpl.invoke0(Native Method) ~[?:1.8.0_51]
	at sun.reflect.NativeMethodAccessorImpl.invoke(NativeMethodAccessorImpl.java:62) ~[?:1.8.0_51]
	at sun.reflect.DelegatingMethodAccessorImpl.invoke(DelegatingMethodAccessorImpl.java:43) ~[?:1.8.0_51]
	at java.lang.reflect.Method.invoke(Method.java:497) ~[?:1.8.0_51]
	at net.minecraftforge.fml.common.FMLModContainer.handleModStateEvent(FMLModContainer.java:616) [FMLModContainer.class:?]
	at sun.reflect.GeneratedMethodAccessor2.invoke(Unknown Source) ~[?:?]
	at sun.reflect.DelegatingMethodAccessorImpl.invoke(DelegatingMethodAccessorImpl.java:43) ~[?:1.8.0_51]
	at java.lang.reflect.Method.invoke(Method.java:497) ~[?:1.8.0_51]
	at com.google.common.eventbus.EventSubscriber.handleEvent(EventSubscriber.java:74) [guava-17.0.jar:?]
	at com.google.common.eventbus.SynchronizedEventSubscriber.handleEvent(SynchronizedEventSubscriber.java:47) [guava-17.0.jar:?]
	at com.google.common.eventbus.EventBus.dispatch(EventBus.java:322) [guava-17.0.jar:?]
	at com.google.common.eventbus.EventBus.dispatchQueuedEvents(EventBus.java:304) [guava-17.0.jar:?]
	at com.google.common.eventbus.EventBus.post(EventBus.java:275) [guava-17.0.jar:?]
	at net.minecraftforge.fml.common.LoadController.sendEventToModContainer(LoadController.java:243) [LoadController.class:?]
	at net.minecraftforge.fml.common.LoadController.propogateStateMessage(LoadController.java:221) [LoadController.class:?]
	at sun.reflect.NativeMethodAccessorImpl.invoke0(Native Method) ~[?:1.8.0_51]
	at sun.reflect.NativeMethodAccessorImpl.invoke(NativeMethodAccessorImpl.java:62) ~[?:1.8.0_51]
	at sun.reflect.DelegatingMethodAccessorImpl.invoke(DelegatingMethodAccessorImpl.java:43) ~[?:1.8.0_51]
	at java.lang.reflect.Method.invoke(Method.java:497) ~[?:1.8.0_51]
	at com.google.common.eventbus.EventSubscriber.handleEvent(EventSubscriber.java:74) [guava-17.0.jar:?]
	at com.google.common.eventbus.SynchronizedEventSubscriber.handleEvent(SynchronizedEventSubscriber.java:47) [guava-17.0.jar:?]
	at com.google.common.eventbus.EventBus.dispatch(EventBus.java:322) [guava-17.0.jar:?]
	at com.google.common.eventbus.EventBus.dispatchQueuedEvents(EventBus.java:304) [guava-17.0.jar:?]
	at com.google.common.eventbus.EventBus.post(EventBus.java:275) [guava-17.0.jar:?]
	at net.minecraftforge.fml.common.LoadController.distributeStateMessage(LoadController.java:145) [LoadController.class:?]
	at net.minecraftforge.fml.common.Loader.initializeMods(Loader.java:813) [Loader.class:?]
	at net.minecraftforge.fml.client.FMLClientHandler.finishMinecraftLoading(FMLClientHandler.java:334) [FMLClientHandler.class:?]
	at net.minecraft.client.Minecraft.func_71384_a(Minecraft.java:520) [bcx.class:?]
	at net.minecraft.client.Minecraft.func_99999_d(Minecraft.java:351) [bcx.class:?]
	at net.minecraft.client.main.Main.main(SourceFile:124) [Main.class:?]
	at sun.reflect.NativeMethodAccessorImpl.invoke0(Native Method) ~[?:1.8.0_51]
	at sun.reflect.NativeMethodAccessorImpl.invoke(NativeMethodAccessorImpl.java:62) ~[?:1.8.0_51]
	at sun.reflect.DelegatingMethodAccessorImpl.invoke(DelegatingMethodAccessorImpl.java:43) ~[?:1.8.0_51]
	at java.lang.reflect.Method.invoke(Method.java:497) ~[?:1.8.0_51]
	at net.minecraft.launchwrapper.Launch.launch(Launch.java:135) [launchwrapper-1.12.jar:?]
	at net.minecraft.launchwrapper.Launch.main(Launch.java:28) [launchwrapper-1.12.jar:?]
[10:22:30] [Client thread/ERROR]: Found a broken recipe: nc.integration.jei.RecipesJEI$Infuser@39f6889c
Failed to get ingredients from recipe wrapper

java.lang.NullPointerException: Null item in itemStack
	at mezz.jei.util.StackHelper.getSubtypes(StackHelper.java:219) ~[StackHelper.class:?]
	at mezz.jei.util.StackHelper.getAllSubtypes(StackHelper.java:292) ~[StackHelper.class:?]
	at mezz.jei.util.StackHelper.getAllSubtypes(StackHelper.java:270) ~[StackHelper.class:?]
	at mezz.jei.plugins.vanilla.ingredients.ItemStackHelper.expandSubtypes(ItemStackHelper.java:24) ~[ItemStackHelper.class:?]
	at mezz.jei.util.Ingredients.setInputLists(Ingredients.java:32) ~[Ingredients.class:?]
	at nc.integration.jei.JEIRecipe.getIngredients(JEIRecipe.java:77) ~[JEIRecipe.class:?]
	at mezz.jei.RecipeRegistry.getIngredients(RecipeRegistry.java:288) ~[RecipeRegistry.class:?]
	at mezz.jei.RecipeRegistry.addRecipeUnchecked(RecipeRegistry.java:272) ~[RecipeRegistry.class:?]
	at mezz.jei.RecipeRegistry.addRecipe(RecipeRegistry.java:242) [RecipeRegistry.class:?]
	at mezz.jei.RecipeRegistry.addRecipe(RecipeRegistry.java:201) [RecipeRegistry.class:?]
	at mezz.jei.RecipeRegistry.addRecipes(RecipeRegistry.java:184) [RecipeRegistry.class:?]
	at mezz.jei.RecipeRegistry.<init>(RecipeRegistry.java:102) [RecipeRegistry.class:?]
	at mezz.jei.util.ModRegistry.createRecipeRegistry(ModRegistry.java:209) [ModRegistry.class:?]
	at mezz.jei.JeiStarter.start(JeiStarter.java:52) [JeiStarter.class:?]
	at mezz.jei.ProxyCommonClient.loadComplete(ProxyCommonClient.java:111) [ProxyCommonClient.class:?]
	at mezz.jei.JustEnoughItems.loadComplete(JustEnoughItems.java:53) [JustEnoughItems.class:?]
	at sun.reflect.NativeMethodAccessorImpl.invoke0(Native Method) ~[?:1.8.0_51]
	at sun.reflect.NativeMethodAccessorImpl.invoke(NativeMethodAccessorImpl.java:62) ~[?:1.8.0_51]
	at sun.reflect.DelegatingMethodAccessorImpl.invoke(DelegatingMethodAccessorImpl.java:43) ~[?:1.8.0_51]
	at java.lang.reflect.Method.invoke(Method.java:497) ~[?:1.8.0_51]
	at net.minecraftforge.fml.common.FMLModContainer.handleModStateEvent(FMLModContainer.java:616) [FMLModContainer.class:?]
	at sun.reflect.GeneratedMethodAccessor2.invoke(Unknown Source) ~[?:?]
	at sun.reflect.DelegatingMethodAccessorImpl.invoke(DelegatingMethodAccessorImpl.java:43) ~[?:1.8.0_51]
	at java.lang.reflect.Method.invoke(Method.java:497) ~[?:1.8.0_51]
	at com.google.common.eventbus.EventSubscriber.handleEvent(EventSubscriber.java:74) [guava-17.0.jar:?]
	at com.google.common.eventbus.SynchronizedEventSubscriber.handleEvent(SynchronizedEventSubscriber.java:47) [guava-17.0.jar:?]
	at com.google.common.eventbus.EventBus.dispatch(EventBus.java:322) [guava-17.0.jar:?]
	at com.google.common.eventbus.EventBus.dispatchQueuedEvents(EventBus.java:304) [guava-17.0.jar:?]
	at com.google.common.eventbus.EventBus.post(EventBus.java:275) [guava-17.0.jar:?]
	at net.minecraftforge.fml.common.LoadController.sendEventToModContainer(LoadController.java:243) [LoadController.class:?]
	at net.minecraftforge.fml.common.LoadController.propogateStateMessage(LoadController.java:221) [LoadController.class:?]
	at sun.reflect.NativeMethodAccessorImpl.invoke0(Native Method) ~[?:1.8.0_51]
	at sun.reflect.NativeMethodAccessorImpl.invoke(NativeMethodAccessorImpl.java:62) ~[?:1.8.0_51]
	at sun.reflect.DelegatingMethodAccessorImpl.invoke(DelegatingMethodAccessorImpl.java:43) ~[?:1.8.0_51]
	at java.lang.reflect.Method.invoke(Method.java:497) ~[?:1.8.0_51]
	at com.google.common.eventbus.EventSubscriber.handleEvent(EventSubscriber.java:74) [guava-17.0.jar:?]
	at com.google.common.eventbus.SynchronizedEventSubscriber.handleEvent(SynchronizedEventSubscriber.java:47) [guava-17.0.jar:?]
	at com.google.common.eventbus.EventBus.dispatch(EventBus.java:322) [guava-17.0.jar:?]
	at com.google.common.eventbus.EventBus.dispatchQueuedEvents(EventBus.java:304) [guava-17.0.jar:?]
	at com.google.common.eventbus.EventBus.post(EventBus.java:275) [guava-17.0.jar:?]
	at net.minecraftforge.fml.common.LoadController.distributeStateMessage(LoadController.java:145) [LoadController.class:?]
	at net.minecraftforge.fml.common.Loader.initializeMods(Loader.java:813) [Loader.class:?]
	at net.minecraftforge.fml.client.FMLClientHandler.finishMinecraftLoading(FMLClientHandler.java:334) [FMLClientHandler.class:?]
	at net.minecraft.client.Minecraft.func_71384_a(Minecraft.java:520) [bcx.class:?]
	at net.minecraft.client.Minecraft.func_99999_d(Minecraft.java:351) [bcx.class:?]
	at net.minecraft.client.main.Main.main(SourceFile:124) [Main.class:?]
	at sun.reflect.NativeMethodAccessorImpl.invoke0(Native Method) ~[?:1.8.0_51]
	at sun.reflect.NativeMethodAccessorImpl.invoke(NativeMethodAccessorImpl.java:62) ~[?:1.8.0_51]
	at sun.reflect.DelegatingMethodAccessorImpl.invoke(DelegatingMethodAccessorImpl.java:43) ~[?:1.8.0_51]
	at java.lang.reflect.Method.invoke(Method.java:497) ~[?:1.8.0_51]
	at net.minecraft.launchwrapper.Launch.launch(Launch.java:135) [launchwrapper-1.12.jar:?]
	at net.minecraft.launchwrapper.Launch.main(Launch.java:28) [launchwrapper-1.12.jar:?]
[10:22:30] [Client thread/ERROR]: Found a broken recipe: nc.integration.jei.RecipesJEI$Melter@78fcfa96
Failed to get ingredients from recipe wrapper

java.lang.NullPointerException: Null item in itemStack
	at mezz.jei.util.StackHelper.getSubtypes(StackHelper.java:219) ~[StackHelper.class:?]
	at mezz.jei.util.StackHelper.getAllSubtypes(StackHelper.java:292) ~[StackHelper.class:?]
	at mezz.jei.util.StackHelper.getAllSubtypes(StackHelper.java:270) ~[StackHelper.class:?]
	at mezz.jei.plugins.vanilla.ingredients.ItemStackHelper.expandSubtypes(ItemStackHelper.java:24) ~[ItemStackHelper.class:?]
	at mezz.jei.util.Ingredients.setInputLists(Ingredients.java:32) ~[Ingredients.class:?]
	at nc.integration.jei.JEIRecipe.getIngredients(JEIRecipe.java:77) ~[JEIRecipe.class:?]
	at mezz.jei.RecipeRegistry.getIngredients(RecipeRegistry.java:288) ~[RecipeRegistry.class:?]
	at mezz.jei.RecipeRegistry.addRecipeUnchecked(RecipeRegistry.java:272) ~[RecipeRegistry.class:?]
	at mezz.jei.RecipeRegistry.addRecipe(RecipeRegistry.java:242) [RecipeRegistry.class:?]
	at mezz.jei.RecipeRegistry.addRecipe(RecipeRegistry.java:201) [RecipeRegistry.class:?]
	at mezz.jei.RecipeRegistry.addRecipes(RecipeRegistry.java:184) [RecipeRegistry.class:?]
	at mezz.jei.RecipeRegistry.<init>(RecipeRegistry.java:102) [RecipeRegistry.class:?]
	at mezz.jei.util.ModRegistry.createRecipeRegistry(ModRegistry.java:209) [ModRegistry.class:?]
	at mezz.jei.JeiStarter.start(JeiStarter.java:52) [JeiStarter.class:?]
	at mezz.jei.ProxyCommonClient.loadComplete(ProxyCommonClient.java:111) [ProxyCommonClient.class:?]
	at mezz.jei.JustEnoughItems.loadComplete(JustEnoughItems.java:53) [JustEnoughItems.class:?]
	at sun.reflect.NativeMethodAccessorImpl.invoke0(Native Method) ~[?:1.8.0_51]
	at sun.reflect.NativeMethodAccessorImpl.invoke(NativeMethodAccessorImpl.java:62) ~[?:1.8.0_51]
	at sun.reflect.DelegatingMethodAccessorImpl.invoke(DelegatingMethodAccessorImpl.java:43) ~[?:1.8.0_51]
	at java.lang.reflect.Method.invoke(Method.java:497) ~[?:1.8.0_51]
	at net.minecraftforge.fml.common.FMLModContainer.handleModStateEvent(FMLModContainer.java:616) [FMLModContainer.class:?]
	at sun.reflect.GeneratedMethodAccessor2.invoke(Unknown Source) ~[?:?]
	at sun.reflect.DelegatingMethodAccessorImpl.invoke(DelegatingMethodAccessorImpl.java:43) ~[?:1.8.0_51]
	at java.lang.reflect.Method.invoke(Method.java:497) ~[?:1.8.0_51]
	at com.google.common.eventbus.EventSubscriber.handleEvent(EventSubscriber.java:74) [guava-17.0.jar:?]
	at com.google.common.eventbus.SynchronizedEventSubscriber.handleEvent(SynchronizedEventSubscriber.java:47) [guava-17.0.jar:?]
	at com.google.common.eventbus.EventBus.dispatch(EventBus.java:322) [guava-17.0.jar:?]
	at com.google.common.eventbus.EventBus.dispatchQueuedEvents(EventBus.java:304) [guava-17.0.jar:?]
	at com.google.common.eventbus.EventBus.post(EventBus.java:275) [guava-17.0.jar:?]
	at net.minecraftforge.fml.common.LoadController.sendEventToModContainer(LoadController.java:243) [LoadController.class:?]
	at net.minecraftforge.fml.common.LoadController.propogateStateMessage(LoadController.java:221) [LoadController.class:?]
	at sun.reflect.NativeMethodAccessorImpl.invoke0(Native Method) ~[?:1.8.0_51]
	at sun.reflect.NativeMethodAccessorImpl.invoke(NativeMethodAccessorImpl.java:62) ~[?:1.8.0_51]
	at sun.reflect.DelegatingMethodAccessorImpl.invoke(DelegatingMethodAccessorImpl.java:43) ~[?:1.8.0_51]
	at java.lang.reflect.Method.invoke(Method.java:497) ~[?:1.8.0_51]
	at com.google.common.eventbus.EventSubscriber.handleEvent(EventSubscriber.java:74) [guava-17.0.jar:?]
	at com.google.common.eventbus.SynchronizedEventSubscriber.handleEvent(SynchronizedEventSubscriber.java:47) [guava-17.0.jar:?]
	at com.google.common.eventbus.EventBus.dispatch(EventBus.java:322) [guava-17.0.jar:?]
	at com.google.common.eventbus.EventBus.dispatchQueuedEvents(EventBus.java:304) [guava-17.0.jar:?]
	at com.google.common.eventbus.EventBus.post(EventBus.java:275) [guava-17.0.jar:?]
	at net.minecraftforge.fml.common.LoadController.distributeStateMessage(LoadController.java:145) [LoadController.class:?]
	at net.minecraftforge.fml.common.Loader.initializeMods(Loader.java:813) [Loader.class:?]
	at net.minecraftforge.fml.client.FMLClientHandler.finishMinecraftLoading(FMLClientHandler.java:334) [FMLClientHandler.class:?]
	at net.minecraft.client.Minecraft.func_71384_a(Minecraft.java:520) [bcx.class:?]
	at net.minecraft.client.Minecraft.func_99999_d(Minecraft.java:351) [bcx.class:?]
	at net.minecraft.client.main.Main.main(SourceFile:124) [Main.class:?]
	at sun.reflect.NativeMethodAccessorImpl.invoke0(Native Method) ~[?:1.8.0_51]
	at sun.reflect.NativeMethodAccessorImpl.invoke(NativeMethodAccessorImpl.java:62) ~[?:1.8.0_51]
	at sun.reflect.DelegatingMethodAccessorImpl.invoke(DelegatingMethodAccessorImpl.java:43) ~[?:1.8.0_51]
	at java.lang.reflect.Method.invoke(Method.java:497) ~[?:1.8.0_51]
	at net.minecraft.launchwrapper.Launch.launch(Launch.java:135) [launchwrapper-1.12.jar:?]
	at net.minecraft.launchwrapper.Launch.main(Launch.java:28) [launchwrapper-1.12.jar:?]
[10:22:30] [Client thread/ERROR]: Found a broken recipe: exnihiloadscensio.compatibility.jei.barrel.fluidtransform.FluidTransformRecipe@8aa8788
Failed to get ingredients from recipe wrapper

java.lang.NullPointerException: Null item in itemStack
	at mezz.jei.util.StackHelper.getSubtypes(StackHelper.java:219) ~[StackHelper.class:?]
	at mezz.jei.util.StackHelper.getAllSubtypes(StackHelper.java:292) ~[StackHelper.class:?]
	at mezz.jei.util.StackHelper.getAllSubtypes(StackHelper.java:270) ~[StackHelper.class:?]
	at mezz.jei.plugins.vanilla.ingredients.ItemStackHelper.expandSubtypes(ItemStackHelper.java:24) ~[ItemStackHelper.class:?]
	at mezz.jei.util.Ingredients.setInputs(Ingredients.java:48) ~[Ingredients.class:?]
	at exnihiloadscensio.compatibility.jei.barrel.fluidtransform.FluidTransformRecipe.getIngredients(FluidTransformRecipe.java:52) ~[FluidTransformRecipe.class:?]
	at mezz.jei.RecipeRegistry.getIngredients(RecipeRegistry.java:288) ~[RecipeRegistry.class:?]
	at mezz.jei.RecipeRegistry.addRecipeUnchecked(RecipeRegistry.java:272) ~[RecipeRegistry.class:?]
	at mezz.jei.RecipeRegistry.addRecipe(RecipeRegistry.java:242) [RecipeRegistry.class:?]
	at mezz.jei.RecipeRegistry.addRecipe(RecipeRegistry.java:201) [RecipeRegistry.class:?]
	at mezz.jei.RecipeRegistry.addRecipes(RecipeRegistry.java:184) [RecipeRegistry.class:?]
	at mezz.jei.RecipeRegistry.<init>(RecipeRegistry.java:102) [RecipeRegistry.class:?]
	at mezz.jei.util.ModRegistry.createRecipeRegistry(ModRegistry.java:209) [ModRegistry.class:?]
	at mezz.jei.JeiStarter.start(JeiStarter.java:52) [JeiStarter.class:?]
	at mezz.jei.ProxyCommonClient.loadComplete(ProxyCommonClient.java:111) [ProxyCommonClient.class:?]
	at mezz.jei.JustEnoughItems.loadComplete(JustEnoughItems.java:53) [JustEnoughItems.class:?]
	at sun.reflect.NativeMethodAccessorImpl.invoke0(Native Method) ~[?:1.8.0_51]
	at sun.reflect.NativeMethodAccessorImpl.invoke(NativeMethodAccessorImpl.java:62) ~[?:1.8.0_51]
	at sun.reflect.DelegatingMethodAccessorImpl.invoke(DelegatingMethodAccessorImpl.java:43) ~[?:1.8.0_51]
	at java.lang.reflect.Method.invoke(Method.java:497) ~[?:1.8.0_51]
	at net.minecraftforge.fml.common.FMLModContainer.handleModStateEvent(FMLModContainer.java:616) [FMLModContainer.class:?]
	at sun.reflect.GeneratedMethodAccessor2.invoke(Unknown Source) ~[?:?]
	at sun.reflect.DelegatingMethodAccessorImpl.invoke(DelegatingMethodAccessorImpl.java:43) ~[?:1.8.0_51]
	at java.lang.reflect.Method.invoke(Method.java:497) ~[?:1.8.0_51]
	at com.google.common.eventbus.EventSubscriber.handleEvent(EventSubscriber.java:74) [guava-17.0.jar:?]
	at com.google.common.eventbus.SynchronizedEventSubscriber.handleEvent(SynchronizedEventSubscriber.java:47) [guava-17.0.jar:?]
	at com.google.common.eventbus.EventBus.dispatch(EventBus.java:322) [guava-17.0.jar:?]
	at com.google.common.eventbus.EventBus.dispatchQueuedEvents(EventBus.java:304) [guava-17.0.jar:?]
	at com.google.common.eventbus.EventBus.post(EventBus.java:275) [guava-17.0.jar:?]
	at net.minecraftforge.fml.common.LoadController.sendEventToModContainer(LoadController.java:243) [LoadController.class:?]
	at net.minecraftforge.fml.common.LoadController.propogateStateMessage(LoadController.java:221) [LoadController.class:?]
	at sun.reflect.NativeMethodAccessorImpl.invoke0(Native Method) ~[?:1.8.0_51]
	at sun.reflect.NativeMethodAccessorImpl.invoke(NativeMethodAccessorImpl.java:62) ~[?:1.8.0_51]
	at sun.reflect.DelegatingMethodAccessorImpl.invoke(DelegatingMethodAccessorImpl.java:43) ~[?:1.8.0_51]
	at java.lang.reflect.Method.invoke(Method.java:497) ~[?:1.8.0_51]
	at com.google.common.eventbus.EventSubscriber.handleEvent(EventSubscriber.java:74) [guava-17.0.jar:?]
	at com.google.common.eventbus.SynchronizedEventSubscriber.handleEvent(SynchronizedEventSubscriber.java:47) [guava-17.0.jar:?]
	at com.google.common.eventbus.EventBus.dispatch(EventBus.java:322) [guava-17.0.jar:?]
	at com.google.common.eventbus.EventBus.dispatchQueuedEvents(EventBus.java:304) [guava-17.0.jar:?]
	at com.google.common.eventbus.EventBus.post(EventBus.java:275) [guava-17.0.jar:?]
	at net.minecraftforge.fml.common.LoadController.distributeStateMessage(LoadController.java:145) [LoadController.class:?]
	at net.minecraftforge.fml.common.Loader.initializeMods(Loader.java:813) [Loader.class:?]
	at net.minecraftforge.fml.client.FMLClientHandler.finishMinecraftLoading(FMLClientHandler.java:334) [FMLClientHandler.class:?]
	at net.minecraft.client.Minecraft.func_71384_a(Minecraft.java:520) [bcx.class:?]
	at net.minecraft.client.Minecraft.func_99999_d(Minecraft.java:351) [bcx.class:?]
	at net.minecraft.client.main.Main.main(SourceFile:124) [Main.class:?]
	at sun.reflect.NativeMethodAccessorImpl.invoke0(Native Method) ~[?:1.8.0_51]
	at sun.reflect.NativeMethodAccessorImpl.invoke(NativeMethodAccessorImpl.java:62) ~[?:1.8.0_51]
	at sun.reflect.DelegatingMethodAccessorImpl.invoke(DelegatingMethodAccessorImpl.java:43) ~[?:1.8.0_51]
	at java.lang.reflect.Method.invoke(Method.java:497) ~[?:1.8.0_51]
	at net.minecraft.launchwrapper.Launch.launch(Launch.java:135) [launchwrapper-1.12.jar:?]
	at net.minecraft.launchwrapper.Launch.main(Launch.java:28) [launchwrapper-1.12.jar:?]
[10:22:30] [Client thread/INFO]: Built    recipe registry in 3850 ms
[10:22:31] [Client thread/INFO]: Building item filter...
[10:22:34] [Client thread/INFO]: Built	item filter in 3771 ms
[10:22:34] [Client thread/INFO]: Building runtime...
[10:22:34] [Client thread/INFO]: Built    runtime in 86 ms
[10:22:34] [Client thread/INFO]: Sending runtime to plugin: mezz.jei.plugins.vanilla.VanillaPlugin ...
[10:22:34] [Client thread/INFO]: Sending runtime to plugin: net.blay09.mods.farmingforblockheads.compat.jei.JEIAddon ...
[10:22:34] [Client thread/INFO]: Sending runtime to plugin: net.bdew.ae2stuff.jei.AE2StuffJeiPlugin ...
[10:22:34] [Client thread/INFO]: Sending runtime to plugin: mod.chiselsandbits.integration.mods.JustEnoughItems ...
[10:22:34] [Client thread/INFO]: Sending runtime to plugin: forestry.apiculture.compat.ApicultureJeiPlugin ...
[10:22:34] [Client thread/INFO]: Sending runtime to plugin: net.blay09.mods.cookingforblockheads.compat.jei.JEIAddon ...
[10:22:34] [Client thread/INFO]: Sending runtime to plugin: com.brandon3055.draconicevolution.integration.jei.DEJEIPlugin ...
[10:22:34] [Client thread/INFO]: Sending runtime to plugin: omtteam.openmodularturrets.compatibility.jei.JEIPluginOMT ...
[10:22:34] [Client thread/INFO]: Sending runtime to plugin: team.chisel.common.integration.jei.ChiselJEIPlugin ...
[10:22:34] [Client thread/INFO]: Sending runtime to plugin: zmaster587.advancedRocketry.integration.jei.ARPlugin ...
[10:22:34] [Client thread/INFO]: Sending runtime to plugin: ru.pearx.jehc.jei.JEHCPlugin ...
[10:22:34] [Client thread/INFO]: Sending runtime to plugin: appeng.integration.modules.jei.JEIPlugin ...
[10:22:34] [Client thread/INFO]: Sending runtime to plugin: p455w0rd.wct.integration.JEI ...
[10:22:34] [Client thread/INFO]: Sending runtime to plugin: net.blay09.mods.excompressum.compat.jei.JEIAddon ...
[10:22:34] [Client thread/INFO]: Sending runtime to plugin: jeresources.jei.JEIConfig ...
[10:22:34] [Client thread/INFO]: Sending runtime to plugin: forestry.mail.compat.MailJeiPlugin ...
[10:22:34] [Client thread/INFO]: Sending runtime to plugin: minetweaker.mods.jei.JEIAddonPlugin ...
[10:22:34] [Client thread/INFO]: Sending runtime to plugin: forestry.storage.compat.StorageJeiPlugin ...
[10:22:34] [Client thread/INFO]: Sending runtime to plugin: nc.jei.NCJEI ...
[10:22:34] [Client thread/INFO]: Sending runtime to plugin: at.feldim2425.moreoverlays.itemsearch.JeiModule ...
[10:22:34] [Client thread/INFO]: Sending runtime to plugin: forestry.arboriculture.compat.ArboricultureJeiPlugin ...
[10:22:34] [Client thread/INFO]: Sending runtime to plugin: cofh.thermaldynamics.plugins.jei.JEIPluginTD ...
[10:22:34] [Client thread/INFO]: Sending runtime to plugin: jackyy.dimensionaledibles.compat.JEICompat ...
[10:22:34] [Client thread/INFO]: Sending runtime to plugin: crazypants.enderio.integration.jei.JeiPlugin ...
[10:22:34] [Client thread/INFO]: Sending runtime to plugin: com.whammich.sstow.compat.jei.SoulShardsJEIPlugin ...
[10:22:34] [Client thread/INFO]: Sending runtime to plugin: cofh.thermalexpansion.plugins.jei.JEIPluginTE ...
[10:22:34] [Client thread/INFO]: Sending runtime to plugin: org.dave.cm2.jei.CM2JEIPlugin ...
[10:22:34] [Client thread/INFO]: Sending runtime to plugin: ic2.jeiIntegration.SubModule ...
[10:22:34] [Client thread/INFO]: Sending runtime to plugin: blusunrize.immersiveengineering.common.util.compat.jei.JEIHelper ...
[10:22:34] [Client thread/INFO]: Sending runtime to plugin: org.cyclops.integrateddynamics.modcompat.jei.JEIIntegratedDynamicsConfig ...
[10:22:34] [Client thread/INFO]: Sending runtime to plugin: cofh.core.plugins.jei.JEIPluginCore ...
[10:22:34] [Client thread/INFO]: Sending runtime to plugin: forestry.factory.recipes.jei.FactoryJeiPlugin ...
[10:22:34] [Client thread/INFO]: Sending runtime to plugin: forestry.food.compat.FoodJeiPlugin ...
[10:22:34] [Client thread/INFO]: Sending runtime to plugin: nc.integration.jei.NCJEI ...
[10:22:34] [Client thread/INFO]: Sending runtime to plugin: com.raoulvdberge.refinedstorage.integration.jei.RSJEIPlugin ...
[10:22:34] [Client thread/INFO]: Sending runtime to plugin: lumien.randomthings.handler.compability.jei.RandomThingsPlugin ...
[10:22:34] [Client thread/INFO]: Sending runtime to plugin: com.teamacronymcoders.base.registry.pieces.jei.BASEJEIPlugin ...
[10:22:34] [Client thread/INFO]: Sending runtime to plugin: com.oblivioussp.spartanweaponry.compat.jei.SpartanWeaponryPlugin ...
[10:22:34] [Client thread/INFO]: Sending runtime to plugin: morph.avaritia.compat.jei.AvaritiaJEIPlugin ...
[10:22:34] [Client thread/INFO]: Sending runtime to plugin: com.valkyrieofnight.environmentaltech.client.integration.jei.JEIETMultiblockPlugin ...
[10:22:34] [Client thread/INFO]: Sending runtime to plugin: net.bdew.pressure.compat.jei.PressureJeiPlugin ...
[10:22:34] [Client thread/INFO]: Sending runtime to plugin: gr8pefish.ironbackpacks.integration.jei.JEIIronBackpacksPlugin ...
[10:22:34] [Client thread/INFO]: Sending runtime to plugin: modtweaker.JEIAddonPlugin ...
[10:22:34] [Client thread/INFO]: Sending runtime to plugin: slimeknights.mantle.util.JeiPlugin ...
[10:22:34] [Client thread/INFO]: Sending runtime to plugin: de.ellpeck.actuallyadditions.mod.jei.JEIActuallyAdditionsPlugin ...
[10:22:34] [Client thread/INFO]: Sending runtime to plugin: com.rwtema.extrautils2.crafting.jei.XUJEIPlugin ...
[10:22:34] [Client thread/INFO]: Sending runtime to plugin: mods.railcraft.common.plugins.jei.RailcraftJEIPlugin ...
[10:22:34] [Client thread/INFO]: Sending runtime to plugin: net.darkhax.darkutils.addons.jei.DarkUtilsJEIPlugin ...
[10:22:34] [Client thread/INFO]: Sending runtime to plugin: mcp.mobius.waila.handlers.JEIHandler ...
[10:22:34] [Client thread/INFO]: Sending runtime to plugin: extracells.integration.jei.Plugin ...
[10:22:34] [Client thread/INFO]: Sending runtime to plugin: slimeknights.tconstruct.plugin.jei.JEIPlugin ...
[10:22:34] [Client thread/INFO]: Sending runtime to plugin: betterwithmods.integration.jei.BWMJEIPlugin ...
[10:22:34] [Client thread/INFO]: Sending runtime to plugin: com.jaquadro.minecraft.storagedrawers.integration.JustEnoughItems ...
[10:22:34] [Client thread/INFO]: Sending runtime to plugin: forestry.plugins.compat.ForestryJeiPlugin ...
[10:22:34] [Client thread/INFO]: Sending runtime to plugin: aroma1997.core.integration.jei.SubModule ...
[10:22:34] [Client thread/INFO]: Sending runtime to plugin: mezz.jei.plugins.jei.JEIInternalPlugin ...
[10:22:35] [Client thread/INFO]: Finished Starting JEI in 17039 ms
[10:22:35] [Client thread/INFO]: [Whitelist] Reading established Whitelist from file.
[10:22:35] [Client thread/INFO]: Thermal Foundation: Load Complete.
[10:22:35] [Client thread/INFO]: Thermal Expansion: Load Complete.
[10:22:35] [Client thread/INFO]: Attempting to register plugin for anything from mcp.mobius.waila.addons.capability.PluginCapability
[10:22:35] [Client thread/INFO]: Registered plugin for anything from mcp.mobius.waila.addons.capability.PluginCapability in 14.94 ms
[10:22:35] [Client thread/INFO]: Attempting to register plugin for anything from team.chisel.common.integration.waila.ChiselDataHandler
[10:22:35] [Client thread/INFO]: Registered plugin for anything from team.chisel.common.integration.waila.ChiselDataHandler in 8.761 ms
[10:22:35] [Client thread/INFO]: Attempting to register plugin for anything from mcp.mobius.waila.addons.minecraft.PluginMinecraft
[10:22:35] [Client thread/INFO]: Registered plugin for anything from mcp.mobius.waila.addons.minecraft.PluginMinecraft in 43.16 ms
[10:22:35] [Client thread/INFO]: Trying to reflect slimeknights.tconstruct.plugin.waila.WailaRegistrar wailaCallback
[10:22:35] [Client thread/INFO]: Success in registering tconstruct
[10:22:35] [Client thread/INFO]: Trying to reflect jackyy.dimensionaledibles.compat.WailaCompat load
[10:22:35] [Client thread/INFO]: Success in registering dimensionaledibles
[10:22:35] [Client thread/INFO]: Trying to reflect crazypants.enderio.integration.waila.WailaCompat load
[10:22:35] [Client thread/INFO]: Success in registering EnderIO
[10:22:35] [Client thread/INFO]: Trying to reflect com.pam.harvestcraft.addons.WailaPamHandler callbackRegister
[10:22:35] [Client thread/INFO]: Success in registering harvestcraft
[10:22:35] [Client thread/INFO]: Trying to reflect com.pam.harvestcraft.addons.WailaVanillaHandler callbackRegister
[10:22:35] [Client thread/INFO]: Success in registering harvestcraft
[10:22:35] [Client thread/INFO]: Trying to reflect net.darkhax.wawla.engine.waila.EntityProvider register
[10:22:35] [Client thread/INFO]: Success in registering wawla
[10:22:35] [Client thread/INFO]: Trying to reflect net.darkhax.wawla.engine.waila.TileProvider register
[10:22:35] [Client thread/INFO]: Success in registering wawla
[10:22:35] [Client thread/INFO]: Trying to reflect ipsis.woot.plugins.waila.WailaDataProviderWoot callbackRegister
[10:22:35] [Client thread/INFO]: Success in registering Woot
[10:22:35] [Client thread/INFO]: Trying to reflect appeng.integration.modules.waila.WailaModule register
[10:22:35] [Client thread/INFO]: Success in registering appliedenergistics2
[10:22:35] [Client thread/INFO]: Trying to reflect net.bdew.ae2stuff.waila.WailaHandler loadCallback
[10:22:35] [Client thread/INFO]: Success in registering ae2stuff
[10:22:35] [Client thread/INFO]: Trying to reflect blusunrize.immersiveengineering.common.util.compat.waila.IEWailaDataProvider callbackRegister
[10:22:35] [Client thread/INFO]: Success in registering immersiveengineering
[10:22:35] [Client thread/INFO]: Trying to reflect org.dave.cm2.misc.WailaProvider register
[10:22:35] [Client thread/INFO]: Success in registering cm2
[10:22:35] [Client thread/INFO]: Trying to reflect org.cyclops.cyclopscore.modcompat.waila.Waila callbackRegister
[10:22:35] [Client thread/INFO]: Success in registering cyclopscore
[10:22:35] [Client thread/INFO]: Trying to reflect net.blay09.mods.cookingforblockheads.compat.WailaProvider register
[10:22:35] [Client thread/INFO]: Success in registering cookingforblockheads
[10:22:35] [Client thread/INFO]: Trying to reflect net.darkhax.darkutils.addons.waila.DarkUtilsTileProvider registerAddon
[10:22:35] [Client thread/INFO]: Success in registering darkutils
[10:22:35] [Client thread/INFO]: Trying to reflect exnihiloadscensio.compatibility.CompatWaila callbackRegister
[10:22:35] [Client thread/INFO]: Success in registering exnihiloadscensio
[10:22:35] [Client thread/INFO]: Trying to reflect net.blay09.mods.excompressum.compat.waila.WailaProvider register
[10:22:35] [Client thread/INFO]: Success in registering excompressum
[10:22:35] [Client thread/INFO]: Trying to reflect extracells.integration.waila.Waila register
[10:22:35] [Client thread/INFO]: Success in registering extracells
[10:22:35] [Client thread/INFO]: Trying to reflect com.jaquadro.minecraft.storagedrawers.integration.Waila registerProvider
[10:22:35] [Client thread/INFO]: Success in registering StorageDrawers
[10:22:35] [Client thread/INFO]: Trying to reflect org.cyclops.integrateddynamics.modcompat.waila.Waila callbackRegister
[10:22:35] [Client thread/INFO]: Success in registering integrateddynamics
[10:22:35] [Client thread/INFO]: Trying to reflect omtteam.openmodularturrets.compatibility.hwyla.WailaDataProvider register
[10:22:35] [Client thread/INFO]: Success in registering openmodularturrets
[10:22:35] [Client thread/INFO]: Trying to reflect net.bdew.pressure.waila.WailaHandler loadCallback
[10:22:35] [Client thread/INFO]: WAILA callback received, loading...
[10:22:35] [Client thread/INFO]: Success in registering pressure
[10:22:35] [Client thread/INFO]: Trying to reflect QuantumStorage.compat.waila.CompatModuleWaila callbackRegister
[10:22:35] [Client thread/INFO]: Success in registering quantumstorage
[10:22:35] [Client thread/INFO]: Trying to reflect com.whammich.sstow.compat.waila.WailaCallbackHandler callbackRegister
[10:22:35] [Client thread/INFO]: Success in registering soulshardstow
[10:22:35] [Client thread/INFO]: Trying to reflect squeek.wailaharvestability.WailaHandler callbackRegister
[10:22:35] [Client thread/INFO]: Success in registering WailaHarvestability
[10:22:35] [Client thread/INFO]: Redstone Arsenal: Load Complete.
[10:22:35] [Client thread/INFO]: Thermal Dynamics: Load Complete.
[10:22:35] [Client thread/INFO]: Forge Mod Loader has successfully loaded 172 mods
[10:22:35] [Client thread/INFO]: Reloading ResourceManager: BetterFps, Default, FMLFileResourcePack:Forge Mod Loader, FMLFileResourcePack:Minecraft Forge, FMLFileResourcePack:Actually Additions, FMLFileResourcePack:Advanced Rocketry, FMLFileResourcePack:AE2 Stuff, FMLFileResourcePack:AppleCore, FMLFileResourcePack:AppleSkin, FMLFileResourcePack:Applied Energistics 2, FMLFileResourcePack:Aroma1997Core|Helper, FMLFileResourcePack:AromaBackup, FMLFileResourcePack:AromaBackup Recovery, FMLFileResourcePack:AutoRegLib, FMLFileResourcePack:Avaritia, FMLFileResourcePack:Bad Wither No Cookie! Reloaded, FMLFileResourcePack:B.A.S.E, FMLFileResourcePack:Battle Towers, FMLFileResourcePack:Baubles, FMLFileResourcePack:BD Lib, FMLFileResourcePack:Better With Mods, FMLFileResourcePack:Better Builder's Wands, FMLFileResourcePack:Better Questing, FMLFileResourcePack:Better Questing Triggerer, FMLFileResourcePack:Bloodmoon, FMLFileResourcePack:Blur, FMLFileResourcePack:Bookshelf, FMLFileResourcePack:Brandon's Core, FMLFileResourcePack:Chameleon, FMLFileResourcePack:ChickenChunks, FMLFileResourcePack:Chisel, FMLFileResourcePack:Chisels & Bits, FMLFileResourcePack:Clay Bucket, FMLFileResourcePack:Clumps, FMLFileResourcePack:Compact Machines 2, FMLFileResourcePack:CodeChicken Core, FMLFileResourcePack:CodeChicken Lib, FMLFileResourcePack:ccl-entityhook, FMLFileResourcePack:CoFH Core, FMLFileResourcePack:CommonCapabilities, FMLFileResourcePack:Controlling, FMLFileResourcePack:Cooking for Blockheads, FMLFileResourcePack:Extended Renderer, FMLFileResourcePack:CoroUtil Library, FMLFileResourcePack:Extended Mod Config, FMLFileResourcePack:CT-GUI, FMLFileResourcePack:MineTweaker 3, FMLFileResourcePack:CraftTweaker JEI Support, FMLFileResourcePack:CTM, FMLFileResourcePack:Custom Backgrounds, FMLFileResourcePack:Custom Main Menu, FMLFileResourcePack:Cyclops Core, FMLFileResourcePack:Dark Utilities, FMLFileResourcePack:Death Quotes, FMLFileResourcePack:Default Options, FMLFileResourcePack:Dimensional Edibles, FMLFileResourcePack:Ding, FMLFileResourcePack:DiscordSuite, FMLFileResourcePack:Doomlike Dungeons, FMLFileResourcePack:Draconic Evolution, FMLFileResourcePack:Elevator Mod, FMLFileResourcePack:Enchantment Descriptions, FMLFileResourcePack:EnderCore, FMLFileResourcePack:Ender IO, FMLFileResourcePack:EnderStorage, FMLFileResourcePack:Environmental Tech, FMLFileResourcePack:Ex Compressum, FMLFileResourcePack:Ex Nihilo Adscensio, FMLFileResourcePack:Extra Cells 2, FMLFileResourcePack:Extra Utilities 2, FMLFileResourcePack:Extreme Reactors, FMLFileResourcePack:Farming for Blockheads, FMLFileResourcePack:FoamFix, FMLFileResourcePack:Forestry, FMLFileResourcePack:Gravestone Mod, FMLFileResourcePack:Hopper Ducts, FMLFileResourcePack:Waila, FMLFileResourcePack:Immersive Cables, FMLFileResourcePack:Immersive Engineering, FMLFileResourcePack:IndustrialCraft 2, FMLFileResourcePack:Industrial Wires, FMLFileResourcePack:InfiniteFluids, FMLFileResourcePack:Integrated Dynamics, FMLFileResourcePack:Integrated Tunnels, FMLFileResourcePack:Inventory Tweaks, FMLFileResourcePack:Iron Backpacks, FMLFileResourcePack:Iron Chest, FMLFileResourcePack:Just Enough HarvestCraft, FMLFileResourcePack:Just Enough Items, FMLFileResourcePack:JourneyMap, FMLFileResourcePack:Just Enough Resources, FMLFileResourcePack:libVulpes, FMLFileResourcePack:Lockdown, FMLFileResourcePack:Mantle, FMLFileResourcePack:MCMultiPart, FMLFileResourcePack:Mike Dongles, FMLFileResourcePack:Moar Tinkers, FMLFileResourcePack:mob_grinding_utils, FMLFileResourcePack:Mod Name Tooltip, FMLFileResourcePack:Mod Tweaker, FMLFileResourcePack:MoreOverlays, FMLFileResourcePack:Morpheus, FMLFileResourcePack:Mouse Tweaks, FMLFileResourcePack:ModPack Basic Tools, FMLFileResourcePack:ModPack Utilities, FMLFileResourcePack:MTLib, FMLFileResourcePack:Neat, FMLFileResourcePack:NuclearCraft, FMLFileResourcePack:OMLib, FMLFileResourcePack:Open Glider, FMLFileResourcePack:Open Modular Turrets, FMLFileResourcePack:p455w0rd's Library, FMLFileResourcePack:Pam's HarvestCraft, FMLFileResourcePack:Perfect Spawn, FMLFileResourcePack:Pressure Pipes, FMLFileResourcePack:Progressive Automation, FMLFileResourcePack:QuantumFlux, FMLFileResourcePack:QuantumStorage, FMLFileResourcePack:Quark, FMLFileResourcePack:Railcraft, FMLFileResourcePack:Random Things, FMLFileResourcePack:ReAuth, FMLFileResourcePack:RebornCore, FMLFileResourcePack:reborncore-MCMultiPart, FMLFileResourcePack:Redstone Arsenal, FMLFileResourcePack:Refined Storage, FMLFileResourcePack:Resource Loader, FMLFileResourcePack:Simple Generators, FMLFileResourcePack:Simply Jetpacks 2, FMLFileResourcePack:Slugs EU and RF converters, FMLFileResourcePack:Snad, FMLFileResourcePack:Soul Shards - The Old Ways, FMLFileResourcePack:Sound Filters, FMLFileResourcePack:Spartan Shields, FMLFileResourcePack:Spartan Weaponry, FMLFileResourcePack:The Spice of Life, FMLFileResourcePack:Standard Expansion, FMLFileResourcePack:Stats Keeper, FMLFileResourcePack:Storage Drawers, FMLFileResourcePack:Storage Drawers Extras, FMLFileResourcePack:Tinkers' Construct, FMLFileResourcePack:TerraCore, FMLFileResourcePack:Thermal Dynamics, FMLFileResourcePack:Thermal Expansion, FMLFileResourcePack:Thermal Foundation, FMLFileResourcePack:Thirsty Bottles, FMLFileResourcePack:Tinkers' Addons, FMLFileResourcePack:Tinkers Tool Leveling, FMLFileResourcePack:Tiny Progressions, FMLFileResourcePack:TipTheScales, FMLFileResourcePack:TorchMaster, FMLFileResourcePack:Tough As Nails, FMLFileResourcePack:Tough Expansion, FMLFileResourcePack:Translocator, FMLFileResourcePack:Twerk-Sim 2K16, FMLFileResourcePack:Valkyrie Lib, FMLFileResourcePack:VoltzEngine Fluids module, FMLFileResourcePack:Waila Harvestability, FMLFileResourcePack:I Can See Everything, FMLFileResourcePack:What Are We Looking At, FMLFileResourcePack:Localized Weather & Storms, FMLFileResourcePack:Wireless Crafting Grid, FMLFileResourcePack:Wireless Crafting Terminal 2, FMLFileResourcePack:Woot, FMLFileResourcePack:Wopper, FMLFileResourcePack:Zero CORE, FMLFileResourcePack:Zombie Awareness, Blur dummy resource pack, quark-texture-proxy, BetterQuesting_folders, BetterQuesting_files, CustomResources, CustomOverridingResources
[10:22:36] [Client thread/INFO]: Started loading books...
[10:22:36] [Client thread/INFO]: Book loading completed in 0.1494276 seconds.
[10:22:36] [Client thread/INFO]: Created: 256x128 textures-atlas
[10:22:37] [Client thread/WARN]: Invalid sounds.json
java.lang.NullPointerException
	at net.minecraft.client.audio.SoundHandler.func_110549_a(SourceFile:82) [bzw.class:?]
	at net.minecraft.client.resources.SimpleReloadableResourceManager.func_110544_b(SimpleReloadableResourceManager.java:132) [bxi.class:?]
	at net.minecraft.client.resources.SimpleReloadableResourceManager.func_110541_a(SimpleReloadableResourceManager.java:113) [bxi.class:?]
	at net.minecraft.client.Minecraft.func_110436_a(Minecraft.java:755) [bcx.class:?]
	at net.minecraftforge.fml.client.FMLClientHandler.finishMinecraftLoading(FMLClientHandler.java:350) [FMLClientHandler.class:?]
	at net.minecraft.client.Minecraft.func_71384_a(Minecraft.java:520) [bcx.class:?]
	at net.minecraft.client.Minecraft.func_99999_d(Minecraft.java:351) [bcx.class:?]
	at net.minecraft.client.main.Main.main(SourceFile:124) [Main.class:?]
	at sun.reflect.NativeMethodAccessorImpl.invoke0(Native Method) ~[?:1.8.0_51]
	at sun.reflect.NativeMethodAccessorImpl.invoke(NativeMethodAccessorImpl.java:62) ~[?:1.8.0_51]
	at sun.reflect.DelegatingMethodAccessorImpl.invoke(DelegatingMethodAccessorImpl.java:43) ~[?:1.8.0_51]
	at java.lang.reflect.Method.invoke(Method.java:497) ~[?:1.8.0_51]
	at net.minecraft.launchwrapper.Launch.launch(Launch.java:135) [launchwrapper-1.12.jar:?]
	at net.minecraft.launchwrapper.Launch.main(Launch.java:28) [launchwrapper-1.12.jar:?]
[10:22:37] [Client thread/INFO]: SoundSystem shutting down...
[10:22:37] [Client thread/WARN]: Author: Paul Lamb, www.paulscode.com
[10:22:37] [Sound Library Loader/INFO]: Starting up SoundSystem...
[10:22:37] [Thread-26/INFO]: Initializing LWJGL OpenAL
[10:22:37] [Thread-26/INFO]: (The LWJGL binding of OpenAL.  For more information, see http://www.lwjgl.org)
[10:22:37] [Thread-26/INFO]: OpenAL initialized.
[10:22:37] [Sound Library Loader/INFO]: Sound engine started
[10:22:38] [Client thread/INFO]: [codechicken.lib.model.blockstate.CCBlockStateLoader:load:132]: com.google.gson.JsonSyntaxException: com.google.gson.stream.MalformedJsonException: Expected name at line 8 column 6
[10:22:38] [Client thread/INFO]: [codechicken.lib.model.blockstate.CCBlockStateLoader:load:132]: 	at com.google.gson.internal.Streams.parse(Streams.java:56)
[10:22:38] [Client thread/INFO]: [codechicken.lib.model.blockstate.CCBlockStateLoader:load:132]: 	at com.google.gson.JsonParser.parse(JsonParser.java:84)
[10:22:38] [Client thread/INFO]: [codechicken.lib.model.blockstate.CCBlockStateLoader:load:132]: 	at codechicken.lib.model.blockstate.CCBlockStateLoader.load(CCBlockStateLoader.java:54)
[10:22:38] [Client thread/INFO]: [codechicken.lib.model.blockstate.CCBlockStateLoader:load:132]: 	at codechicken.lib.model.blockstate.CCBlockStateLoader.handleLoad(CCBlockStateLoader.java:38)
[10:22:38] [Client thread/INFO]: [codechicken.lib.model.blockstate.CCBlockStateLoader:load:132]: 	at net.minecraft.client.renderer.block.model.ModelBlockDefinition.func_178331_a(ModelBlockDefinition.java)
[10:22:38] [Client thread/INFO]: [codechicken.lib.model.blockstate.CCBlockStateLoader:load:132]: 	at net.minecraft.client.renderer.block.model.ModelBakery.func_188636_a(ModelBakery.java:219)
[10:22:38] [Client thread/INFO]: [codechicken.lib.model.blockstate.CCBlockStateLoader:load:132]: 	at net.minecraft.client.renderer.block.model.ModelBakery.func_188632_a(ModelBakery.java:200)
[10:22:38] [Client thread/INFO]: [codechicken.lib.model.blockstate.CCBlockStateLoader:load:132]: 	at net.minecraft.client.renderer.block.model.ModelBakery.func_177586_a(ModelBakery.java:185)
[10:22:38] [Client thread/INFO]: [codechicken.lib.model.blockstate.CCBlockStateLoader:load:132]: 	at net.minecraftforge.client.model.ModelLoader.func_177586_a(ModelLoader.java:281)
[10:22:38] [Client thread/INFO]: [codechicken.lib.model.blockstate.CCBlockStateLoader:load:132]: 	at net.minecraft.client.renderer.block.model.ModelBakery.loadBlock(ModelBakery.java:121)
[10:22:38] [Client thread/INFO]: [codechicken.lib.model.blockstate.CCBlockStateLoader:load:132]: 	at net.minecraftforge.client.model.ModelLoader.func_188640_b(ModelLoader.java:240)
[10:22:38] [Client thread/INFO]: [codechicken.lib.model.blockstate.CCBlockStateLoader:load:132]: 	at net.minecraftforge.client.model.ModelLoader.func_177570_a(ModelLoader.java:71)
[10:22:38] [Client thread/INFO]: [codechicken.lib.model.blockstate.CCBlockStateLoader:load:132]: 	at net.minecraft.client.renderer.block.model.ModelManager.func_110549_a(ModelManager.java:28)
[10:22:38] [Client thread/INFO]: [codechicken.lib.model.blockstate.CCBlockStateLoader:load:132]: 	at net.minecraft.client.resources.SimpleReloadableResourceManager.func_110544_b(SimpleReloadableResourceManager.java:132)
[10:22:38] [Client thread/INFO]: [codechicken.lib.model.blockstate.CCBlockStateLoader:load:132]: 	at net.minecraft.client.resources.SimpleReloadableResourceManager.func_110541_a(SimpleReloadableResourceManager.java:113)
[10:22:38] [Client thread/INFO]: [codechicken.lib.model.blockstate.CCBlockStateLoader:load:132]: 	at net.minecraft.client.Minecraft.func_110436_a(Minecraft.java:755)
[10:22:38] [Client thread/INFO]: [codechicken.lib.model.blockstate.CCBlockStateLoader:load:132]: 	at net.minecraftforge.fml.client.FMLClientHandler.finishMinecraftLoading(FMLClientHandler.java:350)
[10:22:38] [Client thread/INFO]: [codechicken.lib.model.blockstate.CCBlockStateLoader:load:132]: 	at net.minecraft.client.Minecraft.func_71384_a(Minecraft.java:520)
[10:22:38] [Client thread/INFO]: [codechicken.lib.model.blockstate.CCBlockStateLoader:load:132]: 	at net.minecraft.client.Minecraft.func_99999_d(Minecraft.java:351)
[10:22:38] [Client thread/INFO]: [codechicken.lib.model.blockstate.CCBlockStateLoader:load:132]: 	at net.minecraft.client.main.Main.main(SourceFile:124)
[10:22:38] [Client thread/INFO]: [codechicken.lib.model.blockstate.CCBlockStateLoader:load:132]: 	at sun.reflect.NativeMethodAccessorImpl.invoke0(Native Method)
[10:22:38] [Client thread/INFO]: [codechicken.lib.model.blockstate.CCBlockStateLoader:load:132]: 	at sun.reflect.NativeMethodAccessorImpl.invoke(NativeMethodAccessorImpl.java:62)
[10:22:38] [Client thread/INFO]: [codechicken.lib.model.blockstate.CCBlockStateLoader:load:132]: 	at sun.reflect.DelegatingMethodAccessorImpl.invoke(DelegatingMethodAccessorImpl.java:43)
[10:22:38] [Client thread/INFO]: [codechicken.lib.model.blockstate.CCBlockStateLoader:load:132]: 	at java.lang.reflect.Method.invoke(Method.java:497)
[10:22:38] [Client thread/INFO]: [codechicken.lib.model.blockstate.CCBlockStateLoader:load:132]: 	at net.minecraft.launchwrapper.Launch.launch(Launch.java:135)
[10:22:38] [Client thread/INFO]: [codechicken.lib.model.blockstate.CCBlockStateLoader:load:132]: 	at net.minecraft.launchwrapper.Launch.main(Launch.java:28)
[10:22:38] [Client thread/INFO]: [java.lang.Throwable:printStackTrace:634]: Caused by: com.google.gson.stream.MalformedJsonException: Expected name at line 8 column 6
[10:22:38] [Client thread/INFO]: [java.lang.Throwable:printStackTrace:634]: 	at com.google.gson.stream.JsonReader.syntaxError(JsonReader.java:1505)
[10:22:38] [Client thread/INFO]: [java.lang.Throwable:printStackTrace:634]: 	at com.google.gson.stream.JsonReader.doPeek(JsonReader.java:494)
[10:22:38] [Client thread/INFO]: [java.lang.Throwable:printStackTrace:634]: 	at com.google.gson.stream.JsonReader.hasNext(JsonReader.java:403)
[10:22:38] [Client thread/INFO]: [java.lang.Throwable:printStackTrace:634]: 	at com.google.gson.internal.bind.TypeAdapters$25.read(TypeAdapters.java:666)
[10:22:38] [Client thread/INFO]: [java.lang.Throwable:printStackTrace:634]: 	at com.google.gson.internal.bind.TypeAdapters$25.read(TypeAdapters.java:667)
[10:22:38] [Client thread/INFO]: [java.lang.Throwable:printStackTrace:634]: 	at com.google.gson.internal.bind.TypeAdapters$25.read(TypeAdapters.java:642)
[10:22:38] [Client thread/INFO]: [java.lang.Throwable:printStackTrace:634]: 	at com.google.gson.internal.Streams.parse(Streams.java:44)
[10:22:38] [Client thread/INFO]: [java.lang.Throwable:printStackTrace:634]: 	... 25 more
[10:22:38] [Client thread/INFO]: [codechicken.lib.model.blockstate.CCBlockStateLoader:load:132]: com.google.gson.JsonSyntaxException: com.google.gson.stream.MalformedJsonException: Expected name at line 8 column 6
[10:22:38] [Client thread/INFO]: [codechicken.lib.model.blockstate.CCBlockStateLoader:load:132]: 	at com.google.gson.internal.Streams.parse(Streams.java:56)
[10:22:38] [Client thread/INFO]: [codechicken.lib.model.blockstate.CCBlockStateLoader:load:132]: 	at com.google.gson.JsonParser.parse(JsonParser.java:84)
[10:22:38] [Client thread/INFO]: [codechicken.lib.model.blockstate.CCBlockStateLoader:load:132]: 	at codechicken.lib.model.blockstate.CCBlockStateLoader.load(CCBlockStateLoader.java:54)
[10:22:38] [Client thread/INFO]: [codechicken.lib.model.blockstate.CCBlockStateLoader:load:132]: 	at codechicken.lib.model.blockstate.CCBlockStateLoader.handleLoad(CCBlockStateLoader.java:38)
[10:22:38] [Client thread/INFO]: [codechicken.lib.model.blockstate.CCBlockStateLoader:load:132]: 	at net.minecraft.client.renderer.block.model.ModelBlockDefinition.func_178331_a(ModelBlockDefinition.java)
[10:22:38] [Client thread/INFO]: [codechicken.lib.model.blockstate.CCBlockStateLoader:load:132]: 	at net.minecraft.client.renderer.block.model.ModelBakery.func_188636_a(ModelBakery.java:219)
[10:22:38] [Client thread/INFO]: [codechicken.lib.model.blockstate.CCBlockStateLoader:load:132]: 	at net.minecraft.client.renderer.block.model.ModelBakery.func_188632_a(ModelBakery.java:200)
[10:22:38] [Client thread/INFO]: [codechicken.lib.model.blockstate.CCBlockStateLoader:load:132]: 	at net.minecraft.client.renderer.block.model.ModelBakery.func_177586_a(ModelBakery.java:185)
[10:22:38] [Client thread/INFO]: [codechicken.lib.model.blockstate.CCBlockStateLoader:load:132]: 	at net.minecraftforge.client.model.ModelLoader.func_177586_a(ModelLoader.java:281)
[10:22:38] [Client thread/INFO]: [codechicken.lib.model.blockstate.CCBlockStateLoader:load:132]: 	at net.minecraftforge.client.model.ModelLoader$VariantLoader.loadModel(ModelLoader.java:1192)
[10:22:38] [Client thread/INFO]: [codechicken.lib.model.blockstate.CCBlockStateLoader:load:132]: 	at net.minecraftforge.client.model.ModelLoaderRegistry.getModel(ModelLoaderRegistry.java:149)
[10:22:38] [Client thread/INFO]: [codechicken.lib.model.blockstate.CCBlockStateLoader:load:132]: 	at net.minecraftforge.client.model.ModelLoader.func_177569_a(ModelLoader.java:252)
[10:22:38] [Client thread/INFO]: [codechicken.lib.model.blockstate.CCBlockStateLoader:load:132]: 	at net.minecraft.client.renderer.block.model.ModelBakery.loadBlock(ModelBakery.java:145)
[10:22:38] [Client thread/INFO]: [codechicken.lib.model.blockstate.CCBlockStateLoader:load:132]: 	at net.minecraftforge.client.model.ModelLoader.func_188640_b(ModelLoader.java:240)
[10:22:38] [Client thread/INFO]: [codechicken.lib.model.blockstate.CCBlockStateLoader:load:132]: 	at net.minecraftforge.client.model.ModelLoader.func_177570_a(ModelLoader.java:71)
[10:22:38] [Client thread/INFO]: [codechicken.lib.model.blockstate.CCBlockStateLoader:load:132]: 	at net.minecraft.client.renderer.block.model.ModelManager.func_110549_a(ModelManager.java:28)
[10:22:38] [Client thread/INFO]: [codechicken.lib.model.blockstate.CCBlockStateLoader:load:132]: 	at net.minecraft.client.resources.SimpleReloadableResourceManager.func_110544_b(SimpleReloadableResourceManager.java:132)
[10:22:38] [Client thread/INFO]: [codechicken.lib.model.blockstate.CCBlockStateLoader:load:132]: 	at net.minecraft.client.resources.SimpleReloadableResourceManager.func_110541_a(SimpleReloadableResourceManager.java:113)
[10:22:38] [Client thread/INFO]: [codechicken.lib.model.blockstate.CCBlockStateLoader:load:132]: 	at net.minecraft.client.Minecraft.func_110436_a(Minecraft.java:755)
[10:22:38] [Client thread/INFO]: [codechicken.lib.model.blockstate.CCBlockStateLoader:load:132]: 	at net.minecraftforge.fml.client.FMLClientHandler.finishMinecraftLoading(FMLClientHandler.java:350)
[10:22:38] [Client thread/INFO]: [codechicken.lib.model.blockstate.CCBlockStateLoader:load:132]: 	at net.minecraft.client.Minecraft.func_71384_a(Minecraft.java:520)
[10:22:38] [Client thread/INFO]: [codechicken.lib.model.blockstate.CCBlockStateLoader:load:132]: 	at net.minecraft.client.Minecraft.func_99999_d(Minecraft.java:351)
[10:22:38] [Client thread/INFO]: [codechicken.lib.model.blockstate.CCBlockStateLoader:load:132]: 	at net.minecraft.client.main.Main.main(SourceFile:124)
[10:22:38] [Client thread/INFO]: [codechicken.lib.model.blockstate.CCBlockStateLoader:load:132]: 	at sun.reflect.NativeMethodAccessorImpl.invoke0(Native Method)
[10:22:38] [Client thread/INFO]: [codechicken.lib.model.blockstate.CCBlockStateLoader:load:132]: 	at sun.reflect.NativeMethodAccessorImpl.invoke(NativeMethodAccessorImpl.java:62)
[10:22:38] [Client thread/INFO]: [codechicken.lib.model.blockstate.CCBlockStateLoader:load:132]: 	at sun.reflect.DelegatingMethodAccessorImpl.invoke(DelegatingMethodAccessorImpl.java:43)
[10:22:38] [Client thread/INFO]: [codechicken.lib.model.blockstate.CCBlockStateLoader:load:132]: 	at java.lang.reflect.Method.invoke(Method.java:497)
[10:22:38] [Client thread/INFO]: [codechicken.lib.model.blockstate.CCBlockStateLoader:load:132]: 	at net.minecraft.launchwrapper.Launch.launch(Launch.java:135)
[10:22:38] [Client thread/INFO]: [codechicken.lib.model.blockstate.CCBlockStateLoader:load:132]: 	at net.minecraft.launchwrapper.Launch.main(Launch.java:28)
[10:22:38] [Client thread/INFO]: [java.lang.Throwable:printStackTrace:634]: Caused by: com.google.gson.stream.MalformedJsonException: Expected name at line 8 column 6
[10:22:38] [Client thread/INFO]: [java.lang.Throwable:printStackTrace:634]: 	at com.google.gson.stream.JsonReader.syntaxError(JsonReader.java:1505)
[10:22:38] [Client thread/INFO]: [java.lang.Throwable:printStackTrace:634]: 	at com.google.gson.stream.JsonReader.doPeek(JsonReader.java:494)
[10:22:38] [Client thread/INFO]: [java.lang.Throwable:printStackTrace:634]: 	at com.google.gson.stream.JsonReader.hasNext(JsonReader.java:403)
[10:22:38] [Client thread/INFO]: [java.lang.Throwable:printStackTrace:634]: 	at com.google.gson.internal.bind.TypeAdapters$25.read(TypeAdapters.java:666)
[10:22:38] [Client thread/INFO]: [java.lang.Throwable:printStackTrace:634]: 	at com.google.gson.internal.bind.TypeAdapters$25.read(TypeAdapters.java:667)
[10:22:38] [Client thread/INFO]: [java.lang.Throwable:printStackTrace:634]: 	at com.google.gson.internal.bind.TypeAdapters$25.read(TypeAdapters.java:642)
[10:22:38] [Client thread/INFO]: [java.lang.Throwable:printStackTrace:634]: 	at com.google.gson.internal.Streams.parse(Streams.java:44)
[10:22:38] [Client thread/INFO]: [java.lang.Throwable:printStackTrace:634]: 	... 28 more
[10:22:38] [Client thread/INFO]: [codechicken.lib.model.blockstate.CCBlockStateLoader:load:132]: com.google.gson.JsonSyntaxException: com.google.gson.stream.MalformedJsonException: Expected name at line 8 column 6
[10:22:38] [Client thread/INFO]: [codechicken.lib.model.blockstate.CCBlockStateLoader:load:132]: 	at com.google.gson.internal.Streams.parse(Streams.java:56)
[10:22:38] [Client thread/INFO]: [codechicken.lib.model.blockstate.CCBlockStateLoader:load:132]: 	at com.google.gson.JsonParser.parse(JsonParser.java:84)
[10:22:38] [Client thread/INFO]: [codechicken.lib.model.blockstate.CCBlockStateLoader:load:132]: 	at codechicken.lib.model.blockstate.CCBlockStateLoader.load(CCBlockStateLoader.java:54)
[10:22:38] [Client thread/INFO]: [codechicken.lib.model.blockstate.CCBlockStateLoader:load:132]: 	at codechicken.lib.model.blockstate.CCBlockStateLoader.handleLoad(CCBlockStateLoader.java:38)
[10:22:38] [Client thread/INFO]: [codechicken.lib.model.blockstate.CCBlockStateLoader:load:132]: 	at net.minecraft.client.renderer.block.model.ModelBlockDefinition.func_178331_a(ModelBlockDefinition.java)
[10:22:38] [Client thread/INFO]: [codechicken.lib.model.blockstate.CCBlockStateLoader:load:132]: 	at net.minecraft.client.renderer.block.model.ModelBakery.func_188636_a(ModelBakery.java:219)
[10:22:38] [Client thread/INFO]: [codechicken.lib.model.blockstate.CCBlockStateLoader:load:132]: 	at net.minecraft.client.renderer.block.model.ModelBakery.func_188632_a(ModelBakery.java:200)
[10:22:38] [Client thread/INFO]: [codechicken.lib.model.blockstate.CCBlockStateLoader:load:132]: 	at net.minecraft.client.renderer.block.model.ModelBakery.func_177586_a(ModelBakery.java:185)
[10:22:38] [Client thread/INFO]: [codechicken.lib.model.blockstate.CCBlockStateLoader:load:132]: 	at net.minecraftforge.client.model.ModelLoader.func_177586_a(ModelLoader.java:281)
[10:22:38] [Client thread/INFO]: [codechicken.lib.model.blockstate.CCBlockStateLoader:load:132]: 	at net.minecraftforge.client.model.ModelLoader$VariantLoader.loadModel(ModelLoader.java:1192)
[10:22:38] [Client thread/INFO]: [codechicken.lib.model.blockstate.CCBlockStateLoader:load:132]: 	at net.minecraftforge.client.model.ModelLoaderRegistry.getModel(ModelLoaderRegistry.java:149)
[10:22:38] [Client thread/INFO]: [codechicken.lib.model.blockstate.CCBlockStateLoader:load:132]: 	at net.minecraftforge.client.model.ModelLoader.func_177569_a(ModelLoader.java:252)
[10:22:38] [Client thread/INFO]: [codechicken.lib.model.blockstate.CCBlockStateLoader:load:132]: 	at net.minecraft.client.renderer.block.model.ModelBakery.loadBlock(ModelBakery.java:145)
[10:22:38] [Client thread/INFO]: [codechicken.lib.model.blockstate.CCBlockStateLoader:load:132]: 	at net.minecraftforge.client.model.ModelLoader.func_188640_b(ModelLoader.java:240)
[10:22:38] [Client thread/INFO]: [codechicken.lib.model.blockstate.CCBlockStateLoader:load:132]: 	at net.minecraftforge.client.model.ModelLoader.func_177570_a(ModelLoader.java:71)
[10:22:38] [Client thread/INFO]: [codechicken.lib.model.blockstate.CCBlockStateLoader:load:132]: 	at net.minecraft.client.renderer.block.model.ModelManager.func_110549_a(ModelManager.java:28)
[10:22:38] [Client thread/INFO]: [codechicken.lib.model.blockstate.CCBlockStateLoader:load:132]: 	at net.minecraft.client.resources.SimpleReloadableResourceManager.func_110544_b(SimpleReloadableResourceManager.java:132)
[10:22:38] [Client thread/INFO]: [codechicken.lib.model.blockstate.CCBlockStateLoader:load:132]: 	at net.minecraft.client.resources.SimpleReloadableResourceManager.func_110541_a(SimpleReloadableResourceManager.java:113)
[10:22:38] [Client thread/INFO]: [codechicken.lib.model.blockstate.CCBlockStateLoader:load:132]: 	at net.minecraft.client.Minecraft.func_110436_a(Minecraft.java:755)
[10:22:38] [Client thread/INFO]: [codechicken.lib.model.blockstate.CCBlockStateLoader:load:132]: 	at net.minecraftforge.fml.client.FMLClientHandler.finishMinecraftLoading(FMLClientHandler.java:350)
[10:22:38] [Client thread/INFO]: [codechicken.lib.model.blockstate.CCBlockStateLoader:load:132]: 	at net.minecraft.client.Minecraft.func_71384_a(Minecraft.java:520)
[10:22:38] [Client thread/INFO]: [codechicken.lib.model.blockstate.CCBlockStateLoader:load:132]: 	at net.minecraft.client.Minecraft.func_99999_d(Minecraft.java:351)
[10:22:38] [Client thread/INFO]: [codechicken.lib.model.blockstate.CCBlockStateLoader:load:132]: 	at net.minecraft.client.main.Main.main(SourceFile:124)
[10:22:38] [Client thread/INFO]: [codechicken.lib.model.blockstate.CCBlockStateLoader:load:132]: 	at sun.reflect.NativeMethodAccessorImpl.invoke0(Native Method)
[10:22:38] [Client thread/INFO]: [codechicken.lib.model.blockstate.CCBlockStateLoader:load:132]: 	at sun.reflect.NativeMethodAccessorImpl.invoke(NativeMethodAccessorImpl.java:62)
[10:22:38] [Client thread/INFO]: [codechicken.lib.model.blockstate.CCBlockStateLoader:load:132]: 	at sun.reflect.DelegatingMethodAccessorImpl.invoke(DelegatingMethodAccessorImpl.java:43)
[10:22:38] [Client thread/INFO]: [codechicken.lib.model.blockstate.CCBlockStateLoader:load:132]: 	at java.lang.reflect.Method.invoke(Method.java:497)
[10:22:38] [Client thread/INFO]: [codechicken.lib.model.blockstate.CCBlockStateLoader:load:132]: 	at net.minecraft.launchwrapper.Launch.launch(Launch.java:135)
[10:22:38] [Client thread/INFO]: [codechicken.lib.model.blockstate.CCBlockStateLoader:load:132]: 	at net.minecraft.launchwrapper.Launch.main(Launch.java:28)
[10:22:38] [Client thread/INFO]: [java.lang.Throwable:printStackTrace:634]: Caused by: com.google.gson.stream.MalformedJsonException: Expected name at line 8 column 6
[10:22:38] [Client thread/INFO]: [java.lang.Throwable:printStackTrace:634]: 	at com.google.gson.stream.JsonReader.syntaxError(JsonReader.java:1505)
[10:22:38] [Client thread/INFO]: [java.lang.Throwable:printStackTrace:634]: 	at com.google.gson.stream.JsonReader.doPeek(JsonReader.java:494)
[10:22:38] [Client thread/INFO]: [java.lang.Throwable:printStackTrace:634]: 	at com.google.gson.stream.JsonReader.hasNext(JsonReader.java:403)
[10:22:38] [Client thread/INFO]: [java.lang.Throwable:printStackTrace:634]: 	at com.google.gson.internal.bind.TypeAdapters$25.read(TypeAdapters.java:666)
[10:22:38] [Client thread/INFO]: [java.lang.Throwable:printStackTrace:634]: 	at com.google.gson.internal.bind.TypeAdapters$25.read(TypeAdapters.java:667)
[10:22:38] [Client thread/INFO]: [java.lang.Throwable:printStackTrace:634]: 	at com.google.gson.internal.bind.TypeAdapters$25.read(TypeAdapters.java:642)
[10:22:38] [Client thread/INFO]: [java.lang.Throwable:printStackTrace:634]: 	at com.google.gson.internal.Streams.parse(Streams.java:44)
[10:22:38] [Client thread/INFO]: [java.lang.Throwable:printStackTrace:634]: 	... 28 more
[10:22:39] [Client thread/INFO]: OBJLoader.MaterialLibrary: key 'Ns' (model: 'extracells:models/block/walrus.mtl') is not currently supported, skipping
[10:22:39] [Client thread/INFO]: OBJModel: A color has already been defined for material 'None' in 'extracells:models/block/walrus.mtl'. The color defined by key 'Ks' will not be applied!
[10:22:39] [Client thread/INFO]: OBJLoader.MaterialLibrary: key 'illum' (model: 'extracells:models/block/walrus.mtl') is not currently supported, skipping
[10:22:40] [Client thread/INFO]: OBJLoader.MaterialLibrary: key 'Ns' (model: 'libvulpes:models/block/models/advancedMotor.mtl') is not currently supported, skipping
[10:22:40] [Client thread/INFO]: OBJModel: A color has already been defined for material 'Material' in 'libvulpes:models/block/models/advancedMotor.mtl'. The color defined by key 'Ks' will not be applied!
[10:22:40] [Client thread/INFO]: OBJLoader.MaterialLibrary: key 'Ke' (model: 'libvulpes:models/block/models/advancedMotor.mtl') is not currently supported, skipping
[10:22:40] [Client thread/INFO]: OBJLoader.MaterialLibrary: key 'Ni' (model: 'libvulpes:models/block/models/advancedMotor.mtl') is not currently supported, skipping
[10:22:40] [Client thread/INFO]: OBJLoader.MaterialLibrary: key 'illum' (model: 'libvulpes:models/block/models/advancedMotor.mtl') is not currently supported, skipping
[10:22:40] [Client thread/INFO]: OBJLoader.MaterialLibrary: key 'Ns' (model: 'libvulpes:models/block/models/eliteMotor.mtl') is not currently supported, skipping
[10:22:40] [Client thread/INFO]: OBJModel: A color has already been defined for material 'Material' in 'libvulpes:models/block/models/eliteMotor.mtl'. The color defined by key 'Ks' will not be applied!
[10:22:40] [Client thread/INFO]: OBJLoader.MaterialLibrary: key 'Ke' (model: 'libvulpes:models/block/models/eliteMotor.mtl') is not currently supported, skipping
[10:22:40] [Client thread/INFO]: OBJLoader.MaterialLibrary: key 'Ni' (model: 'libvulpes:models/block/models/eliteMotor.mtl') is not currently supported, skipping
[10:22:40] [Client thread/INFO]: OBJLoader.MaterialLibrary: key 'illum' (model: 'libvulpes:models/block/models/eliteMotor.mtl') is not currently supported, skipping
[10:22:40] [Client thread/INFO]: OBJLoader.MaterialLibrary: key 'Ns' (model: 'libvulpes:models/block/models/enhancedMotor.mtl') is not currently supported, skipping
[10:22:40] [Client thread/INFO]: OBJModel: A color has already been defined for material 'Material' in 'libvulpes:models/block/models/enhancedMotor.mtl'. The color defined by key 'Ks' will not be applied!
[10:22:40] [Client thread/INFO]: OBJLoader.MaterialLibrary: key 'Ke' (model: 'libvulpes:models/block/models/enhancedMotor.mtl') is not currently supported, skipping
[10:22:40] [Client thread/INFO]: OBJLoader.MaterialLibrary: key 'Ni' (model: 'libvulpes:models/block/models/enhancedMotor.mtl') is not currently supported, skipping
[10:22:40] [Client thread/INFO]: OBJLoader.MaterialLibrary: key 'illum' (model: 'libvulpes:models/block/models/enhancedMotor.mtl') is not currently supported, skipping
[10:22:40] [Client thread/INFO]: OBJLoader.MaterialLibrary: key 'Ns' (model: 'libvulpes:models/block/models/motor.mtl') is not currently supported, skipping
[10:22:40] [Client thread/INFO]: OBJModel: A color has already been defined for material 'Material' in 'libvulpes:models/block/models/motor.mtl'. The color defined by key 'Ks' will not be applied!
[10:22:40] [Client thread/INFO]: OBJLoader.MaterialLibrary: key 'Ke' (model: 'libvulpes:models/block/models/motor.mtl') is not currently supported, skipping
[10:22:40] [Client thread/INFO]: OBJLoader.MaterialLibrary: key 'Ni' (model: 'libvulpes:models/block/models/motor.mtl') is not currently supported, skipping
[10:22:40] [Client thread/INFO]: OBJLoader.MaterialLibrary: key 'illum' (model: 'libvulpes:models/block/models/motor.mtl') is not currently supported, skipping
[10:22:52] [Client thread/INFO]: [codechicken.lib.model.blockstate.CCBlockStateLoader:load:132]: com.google.gson.JsonSyntaxException: com.google.gson.stream.MalformedJsonException: Expected name at line 8 column 6
[10:22:52] [Client thread/INFO]: [codechicken.lib.model.blockstate.CCBlockStateLoader:load:132]: 	at com.google.gson.internal.Streams.parse(Streams.java:56)
[10:22:52] [Client thread/INFO]: [codechicken.lib.model.blockstate.CCBlockStateLoader:load:132]: 	at com.google.gson.JsonParser.parse(JsonParser.java:84)
[10:22:52] [Client thread/INFO]: [codechicken.lib.model.blockstate.CCBlockStateLoader:load:132]: 	at codechicken.lib.model.blockstate.CCBlockStateLoader.load(CCBlockStateLoader.java:54)
[10:22:52] [Client thread/INFO]: [codechicken.lib.model.blockstate.CCBlockStateLoader:load:132]: 	at codechicken.lib.model.blockstate.CCBlockStateLoader.handleLoad(CCBlockStateLoader.java:38)
[10:22:52] [Client thread/INFO]: [codechicken.lib.model.blockstate.CCBlockStateLoader:load:132]: 	at net.minecraft.client.renderer.block.model.ModelBlockDefinition.func_178331_a(ModelBlockDefinition.java)
[10:22:52] [Client thread/INFO]: [codechicken.lib.model.blockstate.CCBlockStateLoader:load:132]: 	at net.minecraft.client.renderer.block.model.ModelBakery.func_188636_a(ModelBakery.java:219)
[10:22:52] [Client thread/INFO]: [codechicken.lib.model.blockstate.CCBlockStateLoader:load:132]: 	at net.minecraft.client.renderer.block.model.ModelBakery.func_188632_a(ModelBakery.java:200)
[10:22:52] [Client thread/INFO]: [codechicken.lib.model.blockstate.CCBlockStateLoader:load:132]: 	at net.minecraft.client.renderer.block.model.ModelBakery.func_177586_a(ModelBakery.java:185)
[10:22:52] [Client thread/INFO]: [codechicken.lib.model.blockstate.CCBlockStateLoader:load:132]: 	at net.minecraftforge.client.model.ModelLoader.func_177586_a(ModelLoader.java:281)
[10:22:52] [Client thread/INFO]: [codechicken.lib.model.blockstate.CCBlockStateLoader:load:132]: 	at net.minecraftforge.client.model.ModelLoader$VariantLoader.loadModel(ModelLoader.java:1192)
[10:22:52] [Client thread/INFO]: [codechicken.lib.model.blockstate.CCBlockStateLoader:load:132]: 	at net.minecraftforge.client.model.ModelLoaderRegistry.getModel(ModelLoaderRegistry.java:149)
[10:22:52] [Client thread/INFO]: [codechicken.lib.model.blockstate.CCBlockStateLoader:load:132]: 	at net.minecraftforge.client.model.ModelLoader.func_177590_d(ModelLoader.java:336)
[10:22:52] [Client thread/INFO]: [codechicken.lib.model.blockstate.CCBlockStateLoader:load:132]: 	at net.minecraft.client.renderer.block.model.ModelBakery.func_177577_b(ModelBakery.java:170)
[10:22:52] [Client thread/INFO]: [codechicken.lib.model.blockstate.CCBlockStateLoader:load:132]: 	at net.minecraftforge.client.model.ModelLoader.func_177570_a(ModelLoader.java:72)
[10:22:52] [Client thread/INFO]: [codechicken.lib.model.blockstate.CCBlockStateLoader:load:132]: 	at net.minecraft.client.renderer.block.model.ModelManager.func_110549_a(ModelManager.java:28)
[10:22:52] [Client thread/INFO]: [codechicken.lib.model.blockstate.CCBlockStateLoader:load:132]: 	at net.minecraft.client.resources.SimpleReloadableResourceManager.func_110544_b(SimpleReloadableResourceManager.java:132)
[10:22:52] [Client thread/INFO]: [codechicken.lib.model.blockstate.CCBlockStateLoader:load:132]: 	at net.minecraft.client.resources.SimpleReloadableResourceManager.func_110541_a(SimpleReloadableResourceManager.java:113)
[10:22:52] [Client thread/INFO]: [codechicken.lib.model.blockstate.CCBlockStateLoader:load:132]: 	at net.minecraft.client.Minecraft.func_110436_a(Minecraft.java:755)
[10:22:52] [Client thread/INFO]: [codechicken.lib.model.blockstate.CCBlockStateLoader:load:132]: 	at net.minecraftforge.fml.client.FMLClientHandler.finishMinecraftLoading(FMLClientHandler.java:350)
[10:22:52] [Client thread/INFO]: [codechicken.lib.model.blockstate.CCBlockStateLoader:load:132]: 	at net.minecraft.client.Minecraft.func_71384_a(Minecraft.java:520)
[10:22:52] [Client thread/INFO]: [codechicken.lib.model.blockstate.CCBlockStateLoader:load:132]: 	at net.minecraft.client.Minecraft.func_99999_d(Minecraft.java:351)
[10:22:52] [Client thread/INFO]: [codechicken.lib.model.blockstate.CCBlockStateLoader:load:132]: 	at net.minecraft.client.main.Main.main(SourceFile:124)
[10:22:52] [Client thread/INFO]: [codechicken.lib.model.blockstate.CCBlockStateLoader:load:132]: 	at sun.reflect.NativeMethodAccessorImpl.invoke0(Native Method)
[10:22:52] [Client thread/INFO]: [codechicken.lib.model.blockstate.CCBlockStateLoader:load:132]: 	at sun.reflect.NativeMethodAccessorImpl.invoke(NativeMethodAccessorImpl.java:62)
[10:22:52] [Client thread/INFO]: [codechicken.lib.model.blockstate.CCBlockStateLoader:load:132]: 	at sun.reflect.DelegatingMethodAccessorImpl.invoke(DelegatingMethodAccessorImpl.java:43)
[10:22:52] [Client thread/INFO]: [codechicken.lib.model.blockstate.CCBlockStateLoader:load:132]: 	at java.lang.reflect.Method.invoke(Method.java:497)
[10:22:52] [Client thread/INFO]: [codechicken.lib.model.blockstate.CCBlockStateLoader:load:132]: 	at net.minecraft.launchwrapper.Launch.launch(Launch.java:135)
[10:22:52] [Client thread/INFO]: [codechicken.lib.model.blockstate.CCBlockStateLoader:load:132]: 	at net.minecraft.launchwrapper.Launch.main(Launch.java:28)
[10:22:52] [Client thread/INFO]: [java.lang.Throwable:printStackTrace:634]: Caused by: com.google.gson.stream.MalformedJsonException: Expected name at line 8 column 6
[10:22:52] [Client thread/INFO]: [java.lang.Throwable:printStackTrace:634]: 	at com.google.gson.stream.JsonReader.syntaxError(JsonReader.java:1505)
[10:22:52] [Client thread/INFO]: [java.lang.Throwable:printStackTrace:634]: 	at com.google.gson.stream.JsonReader.doPeek(JsonReader.java:494)
[10:22:52] [Client thread/INFO]: [java.lang.Throwable:printStackTrace:634]: 	at com.google.gson.stream.JsonReader.hasNext(JsonReader.java:403)
[10:22:52] [Client thread/INFO]: [java.lang.Throwable:printStackTrace:634]: 	at com.google.gson.internal.bind.TypeAdapters$25.read(TypeAdapters.java:666)
[10:22:52] [Client thread/INFO]: [java.lang.Throwable:printStackTrace:634]: 	at com.google.gson.internal.bind.TypeAdapters$25.read(TypeAdapters.java:667)
[10:22:52] [Client thread/INFO]: [java.lang.Throwable:printStackTrace:634]: 	at com.google.gson.internal.bind.TypeAdapters$25.read(TypeAdapters.java:642)
[10:22:52] [Client thread/INFO]: [java.lang.Throwable:printStackTrace:634]: 	at com.google.gson.internal.Streams.parse(Streams.java:44)
[10:22:52] [Client thread/INFO]: [java.lang.Throwable:printStackTrace:634]: 	... 27 more
[10:22:53] [Client thread/ERROR]: Could not load vanilla model parent 'randomthings:block/platform' for 'net.minecraft.client.renderer.block.model.ModelBlock@7338296f
net.minecraftforge.client.model.ModelLoaderRegistry$LoaderException: Exception loading model randomthings:block/platform with loader VanillaLoader.INSTANCE, skipping
	at net.minecraftforge.client.model.ModelLoaderRegistry.getModel(ModelLoaderRegistry.java:153) ~[ModelLoaderRegistry.class:?]
	at net.minecraftforge.client.model.ModelLoaderRegistry.getModelOrLogError(ModelLoaderRegistry.java:203) [ModelLoaderRegistry.class:?]
	at net.minecraftforge.client.model.ModelLoader$VanillaModelWrapper.getTextures(ModelLoader.java:489) [ModelLoader$VanillaModelWrapper.class:?]
	at net.minecraftforge.client.model.ModelLoaderRegistry.getModel(ModelLoaderRegistry.java:163) [ModelLoaderRegistry.class:?]
	at net.minecraftforge.client.model.ModelLoader.func_177590_d(ModelLoader.java:328) [ModelLoader.class:?]
	at net.minecraft.client.renderer.block.model.ModelBakery.func_177577_b(ModelBakery.java:170) [byo.class:?]
	at net.minecraftforge.client.model.ModelLoader.func_177570_a(ModelLoader.java:72) [ModelLoader.class:?]
	at net.minecraft.client.renderer.block.model.ModelManager.func_110549_a(ModelManager.java:28) [byp.class:?]
	at net.minecraft.client.resources.SimpleReloadableResourceManager.func_110544_b(SimpleReloadableResourceManager.java:132) [bxi.class:?]
	at net.minecraft.client.resources.SimpleReloadableResourceManager.func_110541_a(SimpleReloadableResourceManager.java:113) [bxi.class:?]
	at net.minecraft.client.Minecraft.func_110436_a(Minecraft.java:755) [bcx.class:?]
	at net.minecraftforge.fml.client.FMLClientHandler.finishMinecraftLoading(FMLClientHandler.java:350) [FMLClientHandler.class:?]
	at net.minecraft.client.Minecraft.func_71384_a(Minecraft.java:520) [bcx.class:?]
	at net.minecraft.client.Minecraft.func_99999_d(Minecraft.java:351) [bcx.class:?]
	at net.minecraft.client.main.Main.main(SourceFile:124) [Main.class:?]
	at sun.reflect.NativeMethodAccessorImpl.invoke0(Native Method) ~[?:1.8.0_51]
	at sun.reflect.NativeMethodAccessorImpl.invoke(NativeMethodAccessorImpl.java:62) ~[?:1.8.0_51]
	at sun.reflect.DelegatingMethodAccessorImpl.invoke(DelegatingMethodAccessorImpl.java:43) ~[?:1.8.0_51]
	at java.lang.reflect.Method.invoke(Method.java:497) ~[?:1.8.0_51]
	at net.minecraft.launchwrapper.Launch.launch(Launch.java:135) [launchwrapper-1.12.jar:?]
	at net.minecraft.launchwrapper.Launch.main(Launch.java:28) [launchwrapper-1.12.jar:?]
Caused by: java.io.FileNotFoundException: randomthings:models/block/platform.json
	at net.minecraft.client.resources.FallbackResourceManager.func_110536_a(FallbackResourceManager.java:68) ~[bww.class:?]
	at net.minecraft.client.resources.SimpleReloadableResourceManager.func_110536_a(SimpleReloadableResourceManager.java:65) ~[bxi.class:?]
	at net.minecraft.client.renderer.block.model.ModelBakery.func_177594_c(ModelBakery.java:311) ~[byo.class:?]
	at net.minecraftforge.client.model.ModelLoader.access$1100(ModelLoader.java:118) ~[ModelLoader.class:?]
	at net.minecraftforge.client.model.ModelLoader$VanillaLoader.loadModel(ModelLoader.java:879) ~[ModelLoader$VanillaLoader.class:?]
	at net.minecraftforge.client.model.ModelLoaderRegistry.getModel(ModelLoaderRegistry.java:149) ~[ModelLoaderRegistry.class:?]
	... 20 more
[10:22:54] [Client thread/INFO]: Stitching Revolver Textures!
[10:22:55] [Client thread/INFO]: Max texture size: 16384
[10:23:09] [Client thread/INFO]: Created: 4096x4096 textures-atlas
[10:23:15] [Client thread/INFO]: Clearing unnecessary model registry of size 48735.
[10:23:15] [Client thread/INFO]: Clearing unnecessary model store of size 83503.
[10:23:15] [Client thread/INFO]: Clearing unnecessary item shapes cache of size 4736.
[10:23:15] [ForkJoinPool.commonPool-worker-1/INFO]: [pl.asie.foamfix.coremod.FoamFixTransformer:spliceClasses:133]: Spliced in METHOD: net.minecraftforge.client.model.pipeline.VertexLighterFlat.setParent
[10:23:15] [ForkJoinPool.commonPool-worker-1/INFO]: [pl.asie.foamfix.coremod.FoamFixTransformer:spliceClasses:133]: Spliced in METHOD: net.minecraftforge.client.model.pipeline.VertexLighterFlat.updateLightmap
[10:23:15] [ForkJoinPool.commonPool-worker-1/INFO]: [pl.asie.foamfix.coremod.FoamFixTransformer:spliceClasses:143]: Added METHOD: net.minecraftforge.client.model.pipeline.VertexLighterFlat.getVertexFormatWithNormal
[10:23:15] [ForkJoinPool.commonPool-worker-1/INFO]: [pl.asie.foamfix.coremod.FoamFixTransformer:spliceClasses:133]: Spliced in METHOD: net.minecraftforge.client.model.pipeline.VertexLighterFlat.updateBlockInfo
[10:23:16] [ForkJoinPool.commonPool-worker-1/INFO]: [pl.asie.foamfix.coremod.FoamFixTransformer:spliceClasses:120]: Added INTERFACE: pl/asie/foamfix/coremod/injections/client/IFoamFixBlockInfoDataProxy
[10:23:16] [ForkJoinPool.commonPool-worker-1/INFO]: [pl.asie.foamfix.coremod.FoamFixTransformer:spliceClasses:143]: Added METHOD: net.minecraftforge.client.model.pipeline.BlockInfo.getRawS
[10:23:16] [ForkJoinPool.commonPool-worker-1/INFO]: [pl.asie.foamfix.coremod.FoamFixTransformer:spliceClasses:143]: Added METHOD: net.minecraftforge.client.model.pipeline.BlockInfo.getRawB
[10:23:16] [ForkJoinPool.commonPool-worker-1/INFO]: [pl.asie.foamfix.coremod.FoamFixTransformer:spliceClasses:143]: Added METHOD: net.minecraftforge.client.model.pipeline.BlockInfo.updateRawBS
[10:23:16] [ForkJoinPool.commonPool-worker-5/WARN]: Unable to resolve texture due to upward reference: #side in immersiveengineering:models/block/ieScaffolding
[10:23:16] [ForkJoinPool.commonPool-worker-7/WARN]: Unable to resolve texture due to upward reference: #side in immersiveengineering:models/block/ieScaffolding
[10:23:16] [ForkJoinPool.commonPool-worker-7/WARN]: Unable to resolve texture due to upward reference: #side in immersiveengineering:models/block/ieScaffolding
[10:23:16] [ForkJoinPool.commonPool-worker-2/WARN]: Unable to resolve texture due to upward reference: #side in immersiveengineering:models/block/ieScaffolding
[10:23:16] [ForkJoinPool.commonPool-worker-4/WARN]: Unable to resolve texture due to upward reference: #side in immersiveengineering:models/block/ieScaffolding
[10:23:16] [ForkJoinPool.commonPool-worker-6/WARN]: Unable to resolve texture due to upward reference: #side in immersiveengineering:models/block/ieScaffolding
[10:23:16] [ForkJoinPool.commonPool-worker-1/WARN]: Unable to resolve texture due to upward reference: #side in immersiveengineering:models/block/ieScaffolding
[10:23:16] [ForkJoinPool.commonPool-worker-6/ERROR]: MultiModel minecraft:builtin/missing is empty (no base model or parts were provided/resolved)
[10:23:16] [ForkJoinPool.commonPool-worker-7/WARN]: Unable to resolve texture due to upward reference: #side in immersiveengineering:models/block/ieScaffolding
[10:23:16] [ForkJoinPool.commonPool-worker-3/WARN]: Unable to resolve texture due to upward reference: #side in immersiveengineering:models/block/ieScaffolding
[10:23:16] [ForkJoinPool.commonPool-worker-6/ERROR]: MultiModel minecraft:builtin/missing is empty (no base model or parts were provided/resolved)
[10:23:16] [ForkJoinPool.commonPool-worker-6/WARN]: Unable to resolve texture due to upward reference: #side in immersiveengineering:models/block/ieScaffolding
[10:23:16] [ForkJoinPool.commonPool-worker-6/WARN]: Unable to resolve texture due to upward reference: #side in immersiveengineering:models/block/ieScaffolding
[10:23:17] [ForkJoinPool.commonPool-worker-5/WARN]: Unable to resolve texture due to upward reference: #side in immersiveengineering:models/block/ieScaffolding
[10:23:17] [ForkJoinPool.commonPool-worker-6/WARN]: Unable to resolve texture due to upward reference: #side in immersiveengineering:models/block/ieScaffolding
[10:23:17] [ForkJoinPool.commonPool-worker-6/WARN]: Unable to resolve texture due to upward reference: #side in immersiveengineering:models/block/ieScaffolding
[10:23:17] [ForkJoinPool.commonPool-worker-7/WARN]: Unable to resolve texture due to upward reference: #side in immersiveengineering:models/block/ieScaffolding
[10:23:17] [ForkJoinPool.commonPool-worker-6/WARN]: Unable to resolve texture due to upward reference: #side in immersiveengineering:models/block/ieScaffolding
[10:23:17] [ForkJoinPool.commonPool-worker-1/ERROR]: MultiModel minecraft:builtin/missing is empty (no base model or parts were provided/resolved)
[10:23:17] [ForkJoinPool.commonPool-worker-2/ERROR]: MultiModel minecraft:builtin/missing is empty (no base model or parts were provided/resolved)
[10:23:17] [ForkJoinPool.commonPool-worker-7/ERROR]: MultiModel minecraft:builtin/missing is empty (no base model or parts were provided/resolved)
[10:23:17] [ForkJoinPool.commonPool-worker-4/WARN]: Unable to resolve texture due to upward reference: #side in immersiveengineering:models/block/ieScaffolding
[10:23:17] [Client thread/WARN]: Unable to resolve texture due to upward reference: #side in immersiveengineering:models/block/ieScaffolding
[10:23:17] [ForkJoinPool.commonPool-worker-1/WARN]: Unable to resolve texture due to upward reference: #side in immersiveengineering:models/block/ieScaffolding
[10:23:17] [ForkJoinPool.commonPool-worker-4/ERROR]: MultiModel minecraft:builtin/missing is empty (no base model or parts were provided/resolved)
[10:23:17] [Client thread/WARN]: Unable to resolve texture due to upward reference: #side in immersiveengineering:models/block/ieScaffolding
[10:23:17] [ForkJoinPool.commonPool-worker-3/WARN]: Unable to resolve texture due to upward reference: #side in immersiveengineering:models/block/ieScaffolding
[10:23:18] [ForkJoinPool.commonPool-worker-1/WARN]: Unable to resolve texture due to upward reference: #side in immersiveengineering:models/block/ieScaffolding
[10:23:18] [ForkJoinPool.commonPool-worker-5/WARN]: Unable to resolve texture due to upward reference: #side in immersiveengineering:models/block/ieScaffolding
[10:23:18] [Client thread/WARN]: Unable to resolve texture due to upward reference: #side in immersiveengineering:models/block/ieScaffolding
[10:23:18] [ForkJoinPool.commonPool-worker-7/WARN]: Unable to resolve texture due to upward reference: #side in immersiveengineering:models/block/ieScaffolding
[10:23:18] [ForkJoinPool.commonPool-worker-4/ERROR]: MultiModel minecraft:builtin/missing is empty (no base model or parts were provided/resolved)
[10:23:18] [ForkJoinPool.commonPool-worker-7/WARN]: Unable to resolve texture due to upward reference: #side in immersiveengineering:models/block/ieScaffolding
[10:23:18] [ForkJoinPool.commonPool-worker-4/WARN]: Unable to resolve texture due to upward reference: #side in immersiveengineering:models/block/ieScaffolding
[10:23:18] [ForkJoinPool.commonPool-worker-5/WARN]: Unable to resolve texture due to upward reference: #all in minecraft:models/block/cube_all
[10:23:18] [ForkJoinPool.commonPool-worker-5/WARN]: Unable to resolve texture due to upward reference: #side in immersiveengineering:models/block/ieScaffolding
[10:23:18] [ForkJoinPool.commonPool-worker-1/WARN]: Unable to resolve texture due to upward reference: #side in immersiveengineering:models/block/ieScaffolding
[10:23:18] [ForkJoinPool.commonPool-worker-3/WARN]: Unable to resolve texture due to upward reference: #side in immersiveengineering:models/block/ieScaffolding
[10:23:18] [ForkJoinPool.commonPool-worker-1/WARN]: Unable to resolve texture due to upward reference: #side in immersiveengineering:models/block/ieScaffolding
[10:23:18] [ForkJoinPool.commonPool-worker-4/WARN]: Unable to resolve texture due to upward reference: #side in immersiveengineering:models/block/ieScaffolding
[10:23:18] [ForkJoinPool.commonPool-worker-6/WARN]: Unable to resolve texture due to upward reference: #side in immersiveengineering:models/block/ieScaffolding
[10:23:18] [ForkJoinPool.commonPool-worker-7/WARN]: Unable to resolve texture due to upward reference: #side in immersiveengineering:models/block/ieScaffolding
[10:23:18] [ForkJoinPool.commonPool-worker-3/WARN]: Unable to resolve texture due to upward reference: #side in immersiveengineering:models/block/ieScaffolding
[10:23:18] [ForkJoinPool.commonPool-worker-1/WARN]: Unable to resolve texture due to upward reference: #side in immersiveengineering:models/block/ieScaffolding
[10:23:18] [ForkJoinPool.commonPool-worker-3/WARN]: Unable to resolve texture due to upward reference: #side in immersiveengineering:models/block/ieScaffolding
[10:23:18] [ForkJoinPool.commonPool-worker-3/ERROR]: MultiModel minecraft:builtin/missing is empty (no base model or parts were provided/resolved)
[10:23:18] [ForkJoinPool.commonPool-worker-1/WARN]: Unable to resolve texture due to upward reference: #side in immersiveengineering:models/block/ieScaffolding
[10:23:18] [ForkJoinPool.commonPool-worker-6/ERROR]: MultiModel minecraft:builtin/missing is empty (no base model or parts were provided/resolved)
[10:23:18] [ForkJoinPool.commonPool-worker-3/WARN]: Unable to resolve texture due to upward reference: #side in immersiveengineering:models/block/ieScaffolding
[10:23:18] [ForkJoinPool.commonPool-worker-2/WARN]: Unable to resolve texture due to upward reference: #side in immersiveengineering:models/block/ieScaffolding
[10:23:18] [ForkJoinPool.commonPool-worker-1/WARN]: Unable to resolve texture due to upward reference: #side in immersiveengineering:models/block/ieScaffolding
[10:23:22] [ForkJoinPool.commonPool-worker-5/WARN]: Unable to resolve texture due to upward reference: #side in immersiveengineering:models/block/ieScaffolding
[10:23:22] [ForkJoinPool.commonPool-worker-3/WARN]: Unable to resolve texture due to upward reference: #side in immersiveengineering:models/block/ieScaffolding
[10:23:22] [ForkJoinPool.commonPool-worker-4/WARN]: Unable to resolve texture due to upward reference: #side in immersiveengineering:models/block/ieScaffolding
[10:23:22] [ForkJoinPool.commonPool-worker-3/ERROR]: MultiModel minecraft:builtin/missing is empty (no base model or parts were provided/resolved)
[10:23:22] [ForkJoinPool.commonPool-worker-4/WARN]: Unable to resolve texture due to upward reference: #side in immersiveengineering:models/block/ieScaffolding
[10:23:22] [ForkJoinPool.commonPool-worker-3/WARN]: Unable to resolve texture due to upward reference: #side in immersiveengineering:models/block/ieScaffolding
[10:23:22] [ForkJoinPool.commonPool-worker-4/WARN]: Unable to resolve texture due to upward reference: #side in immersiveengineering:models/block/ieScaffolding
[10:23:22] [ForkJoinPool.commonPool-worker-4/ERROR]: MultiModel minecraft:builtin/missing is empty (no base model or parts were provided/resolved)
[10:23:22] [ForkJoinPool.commonPool-worker-7/WARN]: Unable to resolve texture due to upward reference: #side in immersiveengineering:models/block/ieScaffolding
[10:23:22] [ForkJoinPool.commonPool-worker-7/WARN]: Unable to resolve texture due to upward reference: #side in immersiveengineering:models/block/ieScaffolding
[10:23:22] [ForkJoinPool.commonPool-worker-7/WARN]: Unable to resolve texture due to upward reference: #side in immersiveengineering:models/block/ieScaffolding
[10:23:22] [ForkJoinPool.commonPool-worker-7/WARN]: Unable to resolve texture due to upward reference: #side in immersiveengineering:models/block/ieScaffolding
[10:23:22] [ForkJoinPool.commonPool-worker-1/ERROR]: MultiModel minecraft:builtin/missing is empty (no base model or parts were provided/resolved)
[10:23:23] [ForkJoinPool.commonPool-worker-5/WARN]: Unable to resolve texture due to upward reference: #side in immersiveengineering:models/block/ieScaffolding
[10:23:23] [ForkJoinPool.commonPool-worker-7/ERROR]: MultiModel minecraft:builtin/missing is empty (no base model or parts were provided/resolved)
[10:23:23] [ForkJoinPool.commonPool-worker-6/ERROR]: MultiModel minecraft:builtin/missing is empty (no base model or parts were provided/resolved)
[10:23:23] [ForkJoinPool.commonPool-worker-6/WARN]: Unable to resolve texture due to upward reference: #side in immersiveengineering:models/block/ieScaffolding
[10:23:23] [ForkJoinPool.commonPool-worker-2/WARN]: Unable to resolve texture due to upward reference: #side in immersiveengineering:models/block/ieScaffolding
[10:23:23] [ForkJoinPool.commonPool-worker-5/ERROR]: MultiModel minecraft:builtin/missing is empty (no base model or parts were provided/resolved)
[10:23:23] [ForkJoinPool.commonPool-worker-1/WARN]: Unable to resolve texture due to upward reference: #side in immersiveengineering:models/block/ieScaffolding
[10:23:23] [ForkJoinPool.commonPool-worker-2/WARN]: Unable to resolve texture due to upward reference: #side in immersiveengineering:models/block/ieScaffolding
[10:23:23] [ForkJoinPool.commonPool-worker-6/WARN]: Unable to resolve texture due to upward reference: #side in immersiveengineering:models/block/ieScaffolding
[10:23:23] [ForkJoinPool.commonPool-worker-1/ERROR]: MultiModel minecraft:builtin/missing is empty (no base model or parts were provided/resolved)
[10:23:23] [ForkJoinPool.commonPool-worker-1/WARN]: Unable to resolve texture due to upward reference: #side in immersiveengineering:models/block/ieScaffolding
[10:23:23] [ForkJoinPool.commonPool-worker-5/WARN]: Unable to resolve texture due to upward reference: #side in immersiveengineering:models/block/ieScaffolding
[10:23:23] [ForkJoinPool.commonPool-worker-1/WARN]: Unable to resolve texture due to upward reference: #side in immersiveengineering:models/block/ieScaffolding
[10:23:23] [ForkJoinPool.commonPool-worker-7/WARN]: Unable to resolve texture due to upward reference: #side in immersiveengineering:models/block/ieScaffolding
[10:23:23] [ForkJoinPool.commonPool-worker-3/ERROR]: MultiModel minecraft:builtin/missing is empty (no base model or parts were provided/resolved)
[10:23:23] [ForkJoinPool.commonPool-worker-7/ERROR]: MultiModel minecraft:builtin/missing is empty (no base model or parts were provided/resolved)
[10:23:23] [ForkJoinPool.commonPool-worker-5/ERROR]: MultiModel minecraft:builtin/missing is empty (no base model or parts were provided/resolved)
[10:23:23] [ForkJoinPool.commonPool-worker-3/WARN]: Unable to resolve texture due to upward reference: #side in immersiveengineering:models/block/ieScaffolding
[10:23:23] [ForkJoinPool.commonPool-worker-6/ERROR]: MultiModel minecraft:builtin/missing is empty (no base model or parts were provided/resolved)
[10:23:23] [ForkJoinPool.commonPool-worker-2/ERROR]: MultiModel minecraft:builtin/missing is empty (no base model or parts were provided/resolved)
[10:23:23] [ForkJoinPool.commonPool-worker-1/WARN]: Unable to resolve texture due to upward reference: #side in immersiveengineering:models/block/ieScaffolding
[10:23:23] [ForkJoinPool.commonPool-worker-1/WARN]: Unable to resolve texture due to upward reference: #side in immersiveengineering:models/block/ieScaffolding
[10:23:23] [ForkJoinPool.commonPool-worker-4/WARN]: Unable to resolve texture due to upward reference: #side in immersiveengineering:models/block/ieScaffolding
[10:23:23] [ForkJoinPool.commonPool-worker-7/WARN]: Unable to resolve texture due to upward reference: #side in immersiveengineering:models/block/ieScaffolding
[10:23:23] [ForkJoinPool.commonPool-worker-6/WARN]: Unable to resolve texture due to upward reference: #side in immersiveengineering:models/block/ieScaffolding
[10:23:23] [ForkJoinPool.commonPool-worker-3/WARN]: Unable to resolve texture due to upward reference: #side in immersiveengineering:models/block/ieScaffolding
[10:23:23] [ForkJoinPool.commonPool-worker-4/WARN]: Unable to resolve texture due to upward reference: #side in immersiveengineering:models/block/ieScaffolding
[10:23:23] [ForkJoinPool.commonPool-worker-2/WARN]: Unable to resolve texture due to upward reference: #side in immersiveengineering:models/block/ieScaffolding
[10:23:23] [ForkJoinPool.commonPool-worker-7/WARN]: Unable to resolve texture due to upward reference: #side in immersiveengineering:models/block/ieScaffolding
[10:23:23] [ForkJoinPool.commonPool-worker-6/WARN]: Unable to resolve texture due to upward reference: #side in immersiveengineering:models/block/ieScaffolding
[10:23:24] [ForkJoinPool.commonPool-worker-3/WARN]: Unable to resolve texture due to upward reference: #side in immersiveengineering:models/block/ieScaffolding
[10:23:24] [ForkJoinPool.commonPool-worker-4/WARN]: Unable to resolve texture due to upward reference: #side in immersiveengineering:models/block/ieScaffolding
[10:23:24] [ForkJoinPool.commonPool-worker-4/WARN]: Unable to resolve texture due to upward reference: #side in immersiveengineering:models/block/ieScaffolding
[10:23:24] [ForkJoinPool.commonPool-worker-4/WARN]: Unable to resolve texture due to upward reference: #side in immersiveengineering:models/block/ieScaffolding
[10:23:24] [ForkJoinPool.commonPool-worker-5/ERROR]: MultiModel minecraft:builtin/missing is empty (no base model or parts were provided/resolved)
[10:23:24] [ForkJoinPool.commonPool-worker-2/ERROR]: MultiModel minecraft:builtin/missing is empty (no base model or parts were provided/resolved)
[10:23:24] [ForkJoinPool.commonPool-worker-3/ERROR]: MultiModel minecraft:builtin/missing is empty (no base model or parts were provided/resolved)
[10:23:24] [ForkJoinPool.commonPool-worker-3/WARN]: Unable to resolve texture due to upward reference: #side in immersiveengineering:models/block/ieScaffolding
[10:23:24] [ForkJoinPool.commonPool-worker-2/WARN]: Unable to resolve texture due to upward reference: #side in immersiveengineering:models/block/ieScaffolding
[10:23:24] [ForkJoinPool.commonPool-worker-6/ERROR]: MultiModel minecraft:builtin/missing is empty (no base model or parts were provided/resolved)
[10:23:24] [ForkJoinPool.commonPool-worker-7/WARN]: Unable to resolve texture due to upward reference: #side in immersiveengineering:models/block/ieScaffolding
[10:23:28] [ForkJoinPool.commonPool-worker-3/ERROR]: MultiModel minecraft:builtin/missing is empty (no base model or parts were provided/resolved)
[10:23:28] [ForkJoinPool.commonPool-worker-1/WARN]: Unable to resolve texture due to upward reference: #side in immersiveengineering:models/block/ieScaffolding
[10:23:28] [ForkJoinPool.commonPool-worker-1/WARN]: Unable to resolve texture due to upward reference: #side in immersiveengineering:models/block/ieScaffolding
[10:23:28] [ForkJoinPool.commonPool-worker-4/WARN]: Unable to resolve texture due to upward reference: #side in immersiveengineering:models/block/ieScaffolding
[10:23:28] [ForkJoinPool.commonPool-worker-4/WARN]: Unable to resolve texture due to upward reference: #side in immersiveengineering:models/block/ieScaffolding
[10:23:28] [ForkJoinPool.commonPool-worker-6/ERROR]: MultiModel minecraft:builtin/missing is empty (no base model or parts were provided/resolved)
[10:23:28] [ForkJoinPool.commonPool-worker-5/ERROR]: MultiModel minecraft:builtin/missing is empty (no base model or parts were provided/resolved)
[10:23:28] [ForkJoinPool.commonPool-worker-4/WARN]: Unable to resolve texture due to upward reference: #side in immersiveengineering:models/block/ieScaffolding
[10:23:28] [ForkJoinPool.commonPool-worker-4/ERROR]: MultiModel minecraft:builtin/missing is empty (no base model or parts were provided/resolved)
[10:23:28] [ForkJoinPool.commonPool-worker-7/ERROR]: MultiModel minecraft:builtin/missing is empty (no base model or parts were provided/resolved)
[10:23:28] [ForkJoinPool.commonPool-worker-6/WARN]: Unable to resolve texture due to upward reference: #side in immersiveengineering:models/block/ieScaffolding
[10:23:28] [ForkJoinPool.commonPool-worker-2/WARN]: Unable to resolve texture due to upward reference: #side in immersiveengineering:models/block/ieScaffolding
[10:23:28] [ForkJoinPool.commonPool-worker-5/WARN]: Unable to resolve texture due to upward reference: #side in immersiveengineering:models/block/ieScaffolding
[10:23:28] [ForkJoinPool.commonPool-worker-4/WARN]: Unable to resolve texture due to upward reference: #side in immersiveengineering:models/block/ieScaffolding
[10:23:28] [ForkJoinPool.commonPool-worker-6/WARN]: Unable to resolve texture due to upward reference: #side in immersiveengineering:models/block/ieScaffolding
[10:23:28] [ForkJoinPool.commonPool-worker-5/ERROR]: MultiModel minecraft:builtin/missing is empty (no base model or parts were provided/resolved)
[10:23:29] [ForkJoinPool.commonPool-worker-5/WARN]: Unable to resolve texture due to upward reference: #side in immersiveengineering:models/block/ieScaffolding
[10:23:29] [ForkJoinPool.commonPool-worker-5/ERROR]: MultiModel minecraft:builtin/missing is empty (no base model or parts were provided/resolved)
[10:23:29] [ForkJoinPool.commonPool-worker-2/WARN]: Unable to resolve texture due to upward reference: #side in immersiveengineering:models/block/ieScaffolding
[10:23:29] [ForkJoinPool.commonPool-worker-6/WARN]: Unable to resolve texture due to upward reference: #side in immersiveengineering:models/block/ieScaffolding
[10:23:29] [ForkJoinPool.commonPool-worker-3/WARN]: Unable to resolve texture due to upward reference: #side in immersiveengineering:models/block/ieScaffolding
[10:23:29] [ForkJoinPool.commonPool-worker-7/ERROR]: MultiModel minecraft:builtin/missing is empty (no base model or parts were provided/resolved)
[10:23:29] [ForkJoinPool.commonPool-worker-3/ERROR]: MultiModel minecraft:builtin/missing is empty (no base model or parts were provided/resolved)
[10:23:29] [ForkJoinPool.commonPool-worker-7/WARN]: Unable to resolve texture due to upward reference: #side in immersiveengineering:models/block/ieScaffolding
[10:23:29] [ForkJoinPool.commonPool-worker-7/WARN]: Unable to resolve texture due to upward reference: #side in immersiveengineering:models/block/ieScaffolding
[10:23:29] [ForkJoinPool.commonPool-worker-6/WARN]: Unable to resolve texture due to upward reference: #side in immersiveengineering:models/block/ieScaffolding
[10:23:29] [ForkJoinPool.commonPool-worker-6/ERROR]: MultiModel minecraft:builtin/missing is empty (no base model or parts were provided/resolved)
[10:23:34] [ForkJoinPool.commonPool-worker-2/ERROR]: MultiModel minecraft:builtin/missing is empty (no base model or parts were provided/resolved)
[10:23:40] [Client thread/INFO]: Deduplicating models...
[10:23:51] [Client thread/INFO]: Deduplicated 7029617 objects.
[10:23:52] [Client thread/ERROR]: Could not load vanilla model parent 'randomthings:block/platform' for 'net.minecraft.client.renderer.block.model.ModelBlock@7338296f
net.minecraftforge.client.model.ModelLoaderRegistry$LoaderException: Exception loading model randomthings:block/platform with loader VanillaLoader.INSTANCE, skipping
	at net.minecraftforge.client.model.ModelLoaderRegistry.getModel(ModelLoaderRegistry.java:153) ~[ModelLoaderRegistry.class:?]
	at net.minecraftforge.client.model.ModelLoaderRegistry.getModelOrLogError(ModelLoaderRegistry.java:203) [ModelLoaderRegistry.class:?]
	at net.minecraftforge.client.model.ModelLoader$VanillaModelWrapper.getTextures(ModelLoader.java:489) [ModelLoader$VanillaModelWrapper.class:?]
	at team.chisel.ctm.client.util.TextureMetadataHandler.onModelBake(TextureMetadataHandler.java:121) [TextureMetadataHandler.class:?]
	at net.minecraftforge.fml.common.eventhandler.ASMEventHandler_325_TextureMetadataHandler_onModelBake_ModelBakeEvent.invoke(.dynamic) [?:?]
	at net.minecraftforge.fml.common.eventhandler.ASMEventHandler.invoke(ASMEventHandler.java:90) [ASMEventHandler.class:?]
	at net.minecraftforge.fml.common.eventhandler.EventBus.post(EventBus.java:185) [EventBus.class:?]
	at net.minecraftforge.client.ForgeHooksClient.onModelBake(ForgeHooksClient.java:400) [ForgeHooksClient.class:?]
	at net.minecraft.client.renderer.block.model.ModelManager.func_110549_a(ModelManager.java:30) [byp.class:?]
	at net.minecraft.client.resources.SimpleReloadableResourceManager.func_110544_b(SimpleReloadableResourceManager.java:132) [bxi.class:?]
	at net.minecraft.client.resources.SimpleReloadableResourceManager.func_110541_a(SimpleReloadableResourceManager.java:113) [bxi.class:?]
	at net.minecraft.client.Minecraft.func_110436_a(Minecraft.java:755) [bcx.class:?]
	at net.minecraftforge.fml.client.FMLClientHandler.finishMinecraftLoading(FMLClientHandler.java:350) [FMLClientHandler.class:?]
	at net.minecraft.client.Minecraft.func_71384_a(Minecraft.java:520) [bcx.class:?]
	at net.minecraft.client.Minecraft.func_99999_d(Minecraft.java:351) [bcx.class:?]
	at net.minecraft.client.main.Main.main(SourceFile:124) [Main.class:?]
	at sun.reflect.NativeMethodAccessorImpl.invoke0(Native Method) ~[?:1.8.0_51]
	at sun.reflect.NativeMethodAccessorImpl.invoke(NativeMethodAccessorImpl.java:62) ~[?:1.8.0_51]
	at sun.reflect.DelegatingMethodAccessorImpl.invoke(DelegatingMethodAccessorImpl.java:43) ~[?:1.8.0_51]
	at java.lang.reflect.Method.invoke(Method.java:497) ~[?:1.8.0_51]
	at net.minecraft.launchwrapper.Launch.launch(Launch.java:135) [launchwrapper-1.12.jar:?]
	at net.minecraft.launchwrapper.Launch.main(Launch.java:28) [launchwrapper-1.12.jar:?]
Caused by: java.io.FileNotFoundException: randomthings:models/block/platform.json
	at net.minecraft.client.resources.FallbackResourceManager.func_110536_a(FallbackResourceManager.java:68) ~[bww.class:?]
	at net.minecraft.client.resources.SimpleReloadableResourceManager.func_110536_a(SimpleReloadableResourceManager.java:65) ~[bxi.class:?]
	at net.minecraft.client.renderer.block.model.ModelBakery.func_177594_c(ModelBakery.java:311) ~[byo.class:?]
	at net.minecraftforge.client.model.ModelLoader.access$1100(ModelLoader.java:118) ~[ModelLoader.class:?]
	at net.minecraftforge.client.model.ModelLoader$VanillaLoader.loadModel(ModelLoader.java:879) ~[ModelLoader$VanillaLoader.class:?]
	at net.minecraftforge.client.model.ModelLoaderRegistry.getModel(ModelLoaderRegistry.java:149) ~[ModelLoaderRegistry.class:?]
	... 21 more
[10:23:52] [Client thread/ERROR]: Exception loading model for variant harvestcraft:crops/lettucecrop_stage0#inventory, normal location exception: 
net.minecraftforge.client.model.ModelLoaderRegistry$LoaderException: Exception loading model harvestcraft:item/crops/lettucecrop_stage0 with loader VanillaLoader.INSTANCE, skipping
	at net.minecraftforge.client.model.ModelLoaderRegistry.getModel(ModelLoaderRegistry.java:153) ~[ModelLoaderRegistry.class:?]
	at net.minecraftforge.client.model.ModelLoader.func_177590_d(ModelLoader.java:328) ~[ModelLoader.class:?]
	at net.minecraft.client.renderer.block.model.ModelBakery.func_177577_b(ModelBakery.java:170) ~[byo.class:?]
	at net.minecraftforge.client.model.ModelLoader.func_177570_a(ModelLoader.java:72) ~[ModelLoader.class:?]
	at net.minecraft.client.renderer.block.model.ModelManager.func_110549_a(ModelManager.java:28) [byp.class:?]
	at net.minecraft.client.resources.SimpleReloadableResourceManager.func_110544_b(SimpleReloadableResourceManager.java:132) [bxi.class:?]
	at net.minecraft.client.resources.SimpleReloadableResourceManager.func_110541_a(SimpleReloadableResourceManager.java:113) [bxi.class:?]
	at net.minecraft.client.Minecraft.func_110436_a(Minecraft.java:755) [bcx.class:?]
	at net.minecraftforge.fml.client.FMLClientHandler.finishMinecraftLoading(FMLClientHandler.java:350) [FMLClientHandler.class:?]
	at net.minecraft.client.Minecraft.func_71384_a(Minecraft.java:520) [bcx.class:?]
	at net.minecraft.client.Minecraft.func_99999_d(Minecraft.java:351) [bcx.class:?]
	at net.minecraft.client.main.Main.main(SourceFile:124) [Main.class:?]
	at sun.reflect.NativeMethodAccessorImpl.invoke0(Native Method) ~[?:1.8.0_51]
	at sun.reflect.NativeMethodAccessorImpl.invoke(NativeMethodAccessorImpl.java:62) ~[?:1.8.0_51]
	at sun.reflect.DelegatingMethodAccessorImpl.invoke(DelegatingMethodAccessorImpl.java:43) ~[?:1.8.0_51]
	at java.lang.reflect.Method.invoke(Method.java:497) ~[?:1.8.0_51]
	at net.minecraft.launchwrapper.Launch.launch(Launch.java:135) [launchwrapper-1.12.jar:?]
	at net.minecraft.launchwrapper.Launch.main(Launch.java:28) [launchwrapper-1.12.jar:?]
Caused by: java.io.FileNotFoundException: harvestcraft:models/item/crops/lettucecrop_stage0.json
	at net.minecraft.client.resources.FallbackResourceManager.func_110536_a(FallbackResourceManager.java:68) ~[bww.class:?]
	at net.minecraft.client.resources.SimpleReloadableResourceManager.func_110536_a(SimpleReloadableResourceManager.java:65) ~[bxi.class:?]
	at net.minecraft.client.renderer.block.model.ModelBakery.func_177594_c(ModelBakery.java:311) ~[byo.class:?]
	at net.minecraftforge.client.model.ModelLoader.access$1100(ModelLoader.java:118) ~[ModelLoader.class:?]
	at net.minecraftforge.client.model.ModelLoader$VanillaLoader.loadModel(ModelLoader.java:879) ~[ModelLoader$VanillaLoader.class:?]
	at net.minecraftforge.client.model.ModelLoaderRegistry.getModel(ModelLoaderRegistry.java:149) ~[ModelLoaderRegistry.class:?]
	... 17 more
[10:23:52] [Client thread/ERROR]: Exception loading model for variant harvestcraft:crops/lettucecrop_stage0#inventory, blockstate location exception: 
net.minecraftforge.client.model.ModelLoaderRegistry$LoaderException: Exception loading model harvestcraft:crops/lettucecrop_stage0#inventory with loader VariantLoader.INSTANCE, skipping
	at net.minecraftforge.client.model.ModelLoaderRegistry.getModel(ModelLoaderRegistry.java:153) ~[ModelLoaderRegistry.class:?]
	at net.minecraftforge.client.model.ModelLoader.func_177590_d(ModelLoader.java:336) ~[ModelLoader.class:?]
	at net.minecraft.client.renderer.block.model.ModelBakery.func_177577_b(ModelBakery.java:170) ~[byo.class:?]
	at net.minecraftforge.client.model.ModelLoader.func_177570_a(ModelLoader.java:72) ~[ModelLoader.class:?]
	at net.minecraft.client.renderer.block.model.ModelManager.func_110549_a(ModelManager.java:28) [byp.class:?]
	at net.minecraft.client.resources.SimpleReloadableResourceManager.func_110544_b(SimpleReloadableResourceManager.java:132) [bxi.class:?]
	at net.minecraft.client.resources.SimpleReloadableResourceManager.func_110541_a(SimpleReloadableResourceManager.java:113) [bxi.class:?]
	at net.minecraft.client.Minecraft.func_110436_a(Minecraft.java:755) [bcx.class:?]
	at net.minecraftforge.fml.client.FMLClientHandler.finishMinecraftLoading(FMLClientHandler.java:350) [FMLClientHandler.class:?]
	at net.minecraft.client.Minecraft.func_71384_a(Minecraft.java:520) [bcx.class:?]
	at net.minecraft.client.Minecraft.func_99999_d(Minecraft.java:351) [bcx.class:?]
	at net.minecraft.client.main.Main.main(SourceFile:124) [Main.class:?]
	at sun.reflect.NativeMethodAccessorImpl.invoke0(Native Method) ~[?:1.8.0_51]
	at sun.reflect.NativeMethodAccessorImpl.invoke(NativeMethodAccessorImpl.java:62) ~[?:1.8.0_51]
	at sun.reflect.DelegatingMethodAccessorImpl.invoke(DelegatingMethodAccessorImpl.java:43) ~[?:1.8.0_51]
	at java.lang.reflect.Method.invoke(Method.java:497) ~[?:1.8.0_51]
	at net.minecraft.launchwrapper.Launch.launch(Launch.java:135) [launchwrapper-1.12.jar:?]
	at net.minecraft.launchwrapper.Launch.main(Launch.java:28) [launchwrapper-1.12.jar:?]
Caused by: net.minecraft.client.renderer.block.model.ModelBlockDefinition$MissingVariantException
	at net.minecraft.client.renderer.block.model.ModelBlockDefinition.func_188004_c(ModelBlockDefinition.java:78) ~[bpe.class:?]
	at net.minecraftforge.client.model.ModelLoader$VariantLoader.loadModel(ModelLoader.java:1195) ~[ModelLoader$VariantLoader.class:?]
	at net.minecraftforge.client.model.ModelLoaderRegistry.getModel(ModelLoaderRegistry.java:149) ~[ModelLoaderRegistry.class:?]
	... 17 more
[10:23:52] [Client thread/ERROR]: Exception loading model for variant harvestcraft:crops/peanutcrop_stage3#inventory, normal location exception: 
net.minecraftforge.client.model.ModelLoaderRegistry$LoaderException: Exception loading model harvestcraft:item/crops/peanutcrop_stage3 with loader VanillaLoader.INSTANCE, skipping
	at net.minecraftforge.client.model.ModelLoaderRegistry.getModel(ModelLoaderRegistry.java:153) ~[ModelLoaderRegistry.class:?]
	at net.minecraftforge.client.model.ModelLoader.func_177590_d(ModelLoader.java:328) ~[ModelLoader.class:?]
	at net.minecraft.client.renderer.block.model.ModelBakery.func_177577_b(ModelBakery.java:170) ~[byo.class:?]
	at net.minecraftforge.client.model.ModelLoader.func_177570_a(ModelLoader.java:72) ~[ModelLoader.class:?]
	at net.minecraft.client.renderer.block.model.ModelManager.func_110549_a(ModelManager.java:28) [byp.class:?]
	at net.minecraft.client.resources.SimpleReloadableResourceManager.func_110544_b(SimpleReloadableResourceManager.java:132) [bxi.class:?]
	at net.minecraft.client.resources.SimpleReloadableResourceManager.func_110541_a(SimpleReloadableResourceManager.java:113) [bxi.class:?]
	at net.minecraft.client.Minecraft.func_110436_a(Minecraft.java:755) [bcx.class:?]
	at net.minecraftforge.fml.client.FMLClientHandler.finishMinecraftLoading(FMLClientHandler.java:350) [FMLClientHandler.class:?]
	at net.minecraft.client.Minecraft.func_71384_a(Minecraft.java:520) [bcx.class:?]
	at net.minecraft.client.Minecraft.func_99999_d(Minecraft.java:351) [bcx.class:?]
	at net.minecraft.client.main.Main.main(SourceFile:124) [Main.class:?]
	at sun.reflect.NativeMethodAccessorImpl.invoke0(Native Method) ~[?:1.8.0_51]
	at sun.reflect.NativeMethodAccessorImpl.invoke(NativeMethodAccessorImpl.java:62) ~[?:1.8.0_51]
	at sun.reflect.DelegatingMethodAccessorImpl.invoke(DelegatingMethodAccessorImpl.java:43) ~[?:1.8.0_51]
	at java.lang.reflect.Method.invoke(Method.java:497) ~[?:1.8.0_51]
	at net.minecraft.launchwrapper.Launch.launch(Launch.java:135) [launchwrapper-1.12.jar:?]
	at net.minecraft.launchwrapper.Launch.main(Launch.java:28) [launchwrapper-1.12.jar:?]
Caused by: java.io.FileNotFoundException: harvestcraft:models/item/crops/peanutcrop_stage3.json
	at net.minecraft.client.resources.FallbackResourceManager.func_110536_a(FallbackResourceManager.java:68) ~[bww.class:?]
	at net.minecraft.client.resources.SimpleReloadableResourceManager.func_110536_a(SimpleReloadableResourceManager.java:65) ~[bxi.class:?]
	at net.minecraft.client.renderer.block.model.ModelBakery.func_177594_c(ModelBakery.java:311) ~[byo.class:?]
	at net.minecraftforge.client.model.ModelLoader.access$1100(ModelLoader.java:118) ~[ModelLoader.class:?]
	at net.minecraftforge.client.model.ModelLoader$VanillaLoader.loadModel(ModelLoader.java:879) ~[ModelLoader$VanillaLoader.class:?]
	at net.minecraftforge.client.model.ModelLoaderRegistry.getModel(ModelLoaderRegistry.java:149) ~[ModelLoaderRegistry.class:?]
	... 17 more
[10:23:52] [Client thread/ERROR]: Exception loading model for variant harvestcraft:crops/peanutcrop_stage3#inventory, blockstate location exception: 
net.minecraftforge.client.model.ModelLoaderRegistry$LoaderException: Exception loading model harvestcraft:crops/peanutcrop_stage3#inventory with loader VariantLoader.INSTANCE, skipping
	at net.minecraftforge.client.model.ModelLoaderRegistry.getModel(ModelLoaderRegistry.java:153) ~[ModelLoaderRegistry.class:?]
	at net.minecraftforge.client.model.ModelLoader.func_177590_d(ModelLoader.java:336) ~[ModelLoader.class:?]
	at net.minecraft.client.renderer.block.model.ModelBakery.func_177577_b(ModelBakery.java:170) ~[byo.class:?]
	at net.minecraftforge.client.model.ModelLoader.func_177570_a(ModelLoader.java:72) ~[ModelLoader.class:?]
	at net.minecraft.client.renderer.block.model.ModelManager.func_110549_a(ModelManager.java:28) [byp.class:?]
	at net.minecraft.client.resources.SimpleReloadableResourceManager.func_110544_b(SimpleReloadableResourceManager.java:132) [bxi.class:?]
	at net.minecraft.client.resources.SimpleReloadableResourceManager.func_110541_a(SimpleReloadableResourceManager.java:113) [bxi.class:?]
	at net.minecraft.client.Minecraft.func_110436_a(Minecraft.java:755) [bcx.class:?]
	at net.minecraftforge.fml.client.FMLClientHandler.finishMinecraftLoading(FMLClientHandler.java:350) [FMLClientHandler.class:?]
	at net.minecraft.client.Minecraft.func_71384_a(Minecraft.java:520) [bcx.class:?]
	at net.minecraft.client.Minecraft.func_99999_d(Minecraft.java:351) [bcx.class:?]
	at net.minecraft.client.main.Main.main(SourceFile:124) [Main.class:?]
	at sun.reflect.NativeMethodAccessorImpl.invoke0(Native Method) ~[?:1.8.0_51]
	at sun.reflect.NativeMethodAccessorImpl.invoke(NativeMethodAccessorImpl.java:62) ~[?:1.8.0_51]
	at sun.reflect.DelegatingMethodAccessorImpl.invoke(DelegatingMethodAccessorImpl.java:43) ~[?:1.8.0_51]
	at java.lang.reflect.Method.invoke(Method.java:497) ~[?:1.8.0_51]
	at net.minecraft.launchwrapper.Launch.launch(Launch.java:135) [launchwrapper-1.12.jar:?]
	at net.minecraft.launchwrapper.Launch.main(Launch.java:28) [launchwrapper-1.12.jar:?]
Caused by: net.minecraft.client.renderer.block.model.ModelBlockDefinition$MissingVariantException
	at net.minecraft.client.renderer.block.model.ModelBlockDefinition.func_188004_c(ModelBlockDefinition.java:78) ~[bpe.class:?]
	at net.minecraftforge.client.model.ModelLoader$VariantLoader.loadModel(ModelLoader.java:1195) ~[ModelLoader$VariantLoader.class:?]
	at net.minecraftforge.client.model.ModelLoaderRegistry.getModel(ModelLoaderRegistry.java:149) ~[ModelLoaderRegistry.class:?]
	... 17 more
[10:23:52] [Client thread/ERROR]: Exception loading model for variant harvestcraft:crops/lettucecrop_stage1#inventory, normal location exception: 
net.minecraftforge.client.model.ModelLoaderRegistry$LoaderException: Exception loading model harvestcraft:item/crops/lettucecrop_stage1 with loader VanillaLoader.INSTANCE, skipping
	at net.minecraftforge.client.model.ModelLoaderRegistry.getModel(ModelLoaderRegistry.java:153) ~[ModelLoaderRegistry.class:?]
	at net.minecraftforge.client.model.ModelLoader.func_177590_d(ModelLoader.java:328) ~[ModelLoader.class:?]
	at net.minecraft.client.renderer.block.model.ModelBakery.func_177577_b(ModelBakery.java:170) ~[byo.class:?]
	at net.minecraftforge.client.model.ModelLoader.func_177570_a(ModelLoader.java:72) ~[ModelLoader.class:?]
	at net.minecraft.client.renderer.block.model.ModelManager.func_110549_a(ModelManager.java:28) [byp.class:?]
	at net.minecraft.client.resources.SimpleReloadableResourceManager.func_110544_b(SimpleReloadableResourceManager.java:132) [bxi.class:?]
	at net.minecraft.client.resources.SimpleReloadableResourceManager.func_110541_a(SimpleReloadableResourceManager.java:113) [bxi.class:?]
	at net.minecraft.client.Minecraft.func_110436_a(Minecraft.java:755) [bcx.class:?]
	at net.minecraftforge.fml.client.FMLClientHandler.finishMinecraftLoading(FMLClientHandler.java:350) [FMLClientHandler.class:?]
	at net.minecraft.client.Minecraft.func_71384_a(Minecraft.java:520) [bcx.class:?]
	at net.minecraft.client.Minecraft.func_99999_d(Minecraft.java:351) [bcx.class:?]
	at net.minecraft.client.main.Main.main(SourceFile:124) [Main.class:?]
	at sun.reflect.NativeMethodAccessorImpl.invoke0(Native Method) ~[?:1.8.0_51]
	at sun.reflect.NativeMethodAccessorImpl.invoke(NativeMethodAccessorImpl.java:62) ~[?:1.8.0_51]
	at sun.reflect.DelegatingMethodAccessorImpl.invoke(DelegatingMethodAccessorImpl.java:43) ~[?:1.8.0_51]
	at java.lang.reflect.Method.invoke(Method.java:497) ~[?:1.8.0_51]
	at net.minecraft.launchwrapper.Launch.launch(Launch.java:135) [launchwrapper-1.12.jar:?]
	at net.minecraft.launchwrapper.Launch.main(Launch.java:28) [launchwrapper-1.12.jar:?]
Caused by: java.io.FileNotFoundException: harvestcraft:models/item/crops/lettucecrop_stage1.json
	at net.minecraft.client.resources.FallbackResourceManager.func_110536_a(FallbackResourceManager.java:68) ~[bww.class:?]
	at net.minecraft.client.resources.SimpleReloadableResourceManager.func_110536_a(SimpleReloadableResourceManager.java:65) ~[bxi.class:?]
	at net.minecraft.client.renderer.block.model.ModelBakery.func_177594_c(ModelBakery.java:311) ~[byo.class:?]
	at net.minecraftforge.client.model.ModelLoader.access$1100(ModelLoader.java:118) ~[ModelLoader.class:?]
	at net.minecraftforge.client.model.ModelLoader$VanillaLoader.loadModel(ModelLoader.java:879) ~[ModelLoader$VanillaLoader.class:?]
	at net.minecraftforge.client.model.ModelLoaderRegistry.getModel(ModelLoaderRegistry.java:149) ~[ModelLoaderRegistry.class:?]
	... 17 more
[10:23:52] [Client thread/ERROR]: Exception loading model for variant harvestcraft:crops/lettucecrop_stage1#inventory, blockstate location exception: 
net.minecraftforge.client.model.ModelLoaderRegistry$LoaderException: Exception loading model harvestcraft:crops/lettucecrop_stage1#inventory with loader VariantLoader.INSTANCE, skipping
	at net.minecraftforge.client.model.ModelLoaderRegistry.getModel(ModelLoaderRegistry.java:153) ~[ModelLoaderRegistry.class:?]
	at net.minecraftforge.client.model.ModelLoader.func_177590_d(ModelLoader.java:336) ~[ModelLoader.class:?]
	at net.minecraft.client.renderer.block.model.ModelBakery.func_177577_b(ModelBakery.java:170) ~[byo.class:?]
	at net.minecraftforge.client.model.ModelLoader.func_177570_a(ModelLoader.java:72) ~[ModelLoader.class:?]
	at net.minecraft.client.renderer.block.model.ModelManager.func_110549_a(ModelManager.java:28) [byp.class:?]
	at net.minecraft.client.resources.SimpleReloadableResourceManager.func_110544_b(SimpleReloadableResourceManager.java:132) [bxi.class:?]
	at net.minecraft.client.resources.SimpleReloadableResourceManager.func_110541_a(SimpleReloadableResourceManager.java:113) [bxi.class:?]
	at net.minecraft.client.Minecraft.func_110436_a(Minecraft.java:755) [bcx.class:?]
	at net.minecraftforge.fml.client.FMLClientHandler.finishMinecraftLoading(FMLClientHandler.java:350) [FMLClientHandler.class:?]
	at net.minecraft.client.Minecraft.func_71384_a(Minecraft.java:520) [bcx.class:?]
	at net.minecraft.client.Minecraft.func_99999_d(Minecraft.java:351) [bcx.class:?]
	at net.minecraft.client.main.Main.main(SourceFile:124) [Main.class:?]
	at sun.reflect.NativeMethodAccessorImpl.invoke0(Native Method) ~[?:1.8.0_51]
	at sun.reflect.NativeMethodAccessorImpl.invoke(NativeMethodAccessorImpl.java:62) ~[?:1.8.0_51]
	at sun.reflect.DelegatingMethodAccessorImpl.invoke(DelegatingMethodAccessorImpl.java:43) ~[?:1.8.0_51]
	at java.lang.reflect.Method.invoke(Method.java:497) ~[?:1.8.0_51]
	at net.minecraft.launchwrapper.Launch.launch(Launch.java:135) [launchwrapper-1.12.jar:?]
	at net.minecraft.launchwrapper.Launch.main(Launch.java:28) [launchwrapper-1.12.jar:?]
Caused by: net.minecraft.client.renderer.block.model.ModelBlockDefinition$MissingVariantException
	at net.minecraft.client.renderer.block.model.ModelBlockDefinition.func_188004_c(ModelBlockDefinition.java:78) ~[bpe.class:?]
	at net.minecraftforge.client.model.ModelLoader$VariantLoader.loadModel(ModelLoader.java:1195) ~[ModelLoader$VariantLoader.class:?]
	at net.minecraftforge.client.model.ModelLoaderRegistry.getModel(ModelLoaderRegistry.java:149) ~[ModelLoaderRegistry.class:?]
	... 17 more
[10:23:52] [Client thread/ERROR]: Exception loading model for variant harvestcraft:crops/lettucecrop_stage2#inventory, normal location exception: 
net.minecraftforge.client.model.ModelLoaderRegistry$LoaderException: Exception loading model harvestcraft:item/crops/lettucecrop_stage2 with loader VanillaLoader.INSTANCE, skipping
	at net.minecraftforge.client.model.ModelLoaderRegistry.getModel(ModelLoaderRegistry.java:153) ~[ModelLoaderRegistry.class:?]
	at net.minecraftforge.client.model.ModelLoader.func_177590_d(ModelLoader.java:328) ~[ModelLoader.class:?]
	at net.minecraft.client.renderer.block.model.ModelBakery.func_177577_b(ModelBakery.java:170) ~[byo.class:?]
	at net.minecraftforge.client.model.ModelLoader.func_177570_a(ModelLoader.java:72) ~[ModelLoader.class:?]
	at net.minecraft.client.renderer.block.model.ModelManager.func_110549_a(ModelManager.java:28) [byp.class:?]
	at net.minecraft.client.resources.SimpleReloadableResourceManager.func_110544_b(SimpleReloadableResourceManager.java:132) [bxi.class:?]
	at net.minecraft.client.resources.SimpleReloadableResourceManager.func_110541_a(SimpleReloadableResourceManager.java:113) [bxi.class:?]
	at net.minecraft.client.Minecraft.func_110436_a(Minecraft.java:755) [bcx.class:?]
	at net.minecraftforge.fml.client.FMLClientHandler.finishMinecraftLoading(FMLClientHandler.java:350) [FMLClientHandler.class:?]
	at net.minecraft.client.Minecraft.func_71384_a(Minecraft.java:520) [bcx.class:?]
	at net.minecraft.client.Minecraft.func_99999_d(Minecraft.java:351) [bcx.class:?]
	at net.minecraft.client.main.Main.main(SourceFile:124) [Main.class:?]
	at sun.reflect.NativeMethodAccessorImpl.invoke0(Native Method) ~[?:1.8.0_51]
	at sun.reflect.NativeMethodAccessorImpl.invoke(NativeMethodAccessorImpl.java:62) ~[?:1.8.0_51]
	at sun.reflect.DelegatingMethodAccessorImpl.invoke(DelegatingMethodAccessorImpl.java:43) ~[?:1.8.0_51]
	at java.lang.reflect.Method.invoke(Method.java:497) ~[?:1.8.0_51]
	at net.minecraft.launchwrapper.Launch.launch(Launch.java:135) [launchwrapper-1.12.jar:?]
	at net.minecraft.launchwrapper.Launch.main(Launch.java:28) [launchwrapper-1.12.jar:?]
Caused by: java.io.FileNotFoundException: harvestcraft:models/item/crops/lettucecrop_stage2.json
	at net.minecraft.client.resources.FallbackResourceManager.func_110536_a(FallbackResourceManager.java:68) ~[bww.class:?]
	at net.minecraft.client.resources.SimpleReloadableResourceManager.func_110536_a(SimpleReloadableResourceManager.java:65) ~[bxi.class:?]
	at net.minecraft.client.renderer.block.model.ModelBakery.func_177594_c(ModelBakery.java:311) ~[byo.class:?]
	at net.minecraftforge.client.model.ModelLoader.access$1100(ModelLoader.java:118) ~[ModelLoader.class:?]
	at net.minecraftforge.client.model.ModelLoader$VanillaLoader.loadModel(ModelLoader.java:879) ~[ModelLoader$VanillaLoader.class:?]
	at net.minecraftforge.client.model.ModelLoaderRegistry.getModel(ModelLoaderRegistry.java:149) ~[ModelLoaderRegistry.class:?]
	... 17 more
[10:23:52] [Client thread/ERROR]: Exception loading model for variant harvestcraft:crops/lettucecrop_stage2#inventory, blockstate location exception: 
net.minecraftforge.client.model.ModelLoaderRegistry$LoaderException: Exception loading model harvestcraft:crops/lettucecrop_stage2#inventory with loader VariantLoader.INSTANCE, skipping
	at net.minecraftforge.client.model.ModelLoaderRegistry.getModel(ModelLoaderRegistry.java:153) ~[ModelLoaderRegistry.class:?]
	at net.minecraftforge.client.model.ModelLoader.func_177590_d(ModelLoader.java:336) ~[ModelLoader.class:?]
	at net.minecraft.client.renderer.block.model.ModelBakery.func_177577_b(ModelBakery.java:170) ~[byo.class:?]
	at net.minecraftforge.client.model.ModelLoader.func_177570_a(ModelLoader.java:72) ~[ModelLoader.class:?]
	at net.minecraft.client.renderer.block.model.ModelManager.func_110549_a(ModelManager.java:28) [byp.class:?]
	at net.minecraft.client.resources.SimpleReloadableResourceManager.func_110544_b(SimpleReloadableResourceManager.java:132) [bxi.class:?]
	at net.minecraft.client.resources.SimpleReloadableResourceManager.func_110541_a(SimpleReloadableResourceManager.java:113) [bxi.class:?]
	at net.minecraft.client.Minecraft.func_110436_a(Minecraft.java:755) [bcx.class:?]
	at net.minecraftforge.fml.client.FMLClientHandler.finishMinecraftLoading(FMLClientHandler.java:350) [FMLClientHandler.class:?]
	at net.minecraft.client.Minecraft.func_71384_a(Minecraft.java:520) [bcx.class:?]
	at net.minecraft.client.Minecraft.func_99999_d(Minecraft.java:351) [bcx.class:?]
	at net.minecraft.client.main.Main.main(SourceFile:124) [Main.class:?]
	at sun.reflect.NativeMethodAccessorImpl.invoke0(Native Method) ~[?:1.8.0_51]
	at sun.reflect.NativeMethodAccessorImpl.invoke(NativeMethodAccessorImpl.java:62) ~[?:1.8.0_51]
	at sun.reflect.DelegatingMethodAccessorImpl.invoke(DelegatingMethodAccessorImpl.java:43) ~[?:1.8.0_51]
	at java.lang.reflect.Method.invoke(Method.java:497) ~[?:1.8.0_51]
	at net.minecraft.launchwrapper.Launch.launch(Launch.java:135) [launchwrapper-1.12.jar:?]
	at net.minecraft.launchwrapper.Launch.main(Launch.java:28) [launchwrapper-1.12.jar:?]
Caused by: net.minecraft.client.renderer.block.model.ModelBlockDefinition$MissingVariantException
	at net.minecraft.client.renderer.block.model.ModelBlockDefinition.func_188004_c(ModelBlockDefinition.java:78) ~[bpe.class:?]
	at net.minecraftforge.client.model.ModelLoader$VariantLoader.loadModel(ModelLoader.java:1195) ~[ModelLoader$VariantLoader.class:?]
	at net.minecraftforge.client.model.ModelLoaderRegistry.getModel(ModelLoaderRegistry.java:149) ~[ModelLoaderRegistry.class:?]
	... 17 more
[10:23:52] [Client thread/ERROR]: Exception loading model for variant immersiveengineering:metalDevice1#_0multiblockslave=true,boolean0=true,facing=east,type=turret_rail
net.minecraftforge.client.model.ModelLoaderRegistry$LoaderException: Exception loading model immersiveengineering:metalDevice1#_0multiblockslave=true,boolean0=true,facing=east,type=turret_rail with loader VariantLoader.INSTANCE, skipping
	at net.minecraftforge.client.model.ModelLoaderRegistry.getModel(ModelLoaderRegistry.java:153) ~[ModelLoaderRegistry.class:?]
	at net.minecraftforge.client.model.ModelLoader.func_177569_a(ModelLoader.java:252) ~[ModelLoader.class:?]
	at net.minecraft.client.renderer.block.model.ModelBakery.loadBlock(ModelBakery.java:145) ~[byo.class:?]
	at net.minecraftforge.client.model.ModelLoader.func_188640_b(ModelLoader.java:240) ~[ModelLoader.class:?]
	at net.minecraftforge.client.model.ModelLoader.func_177570_a(ModelLoader.java:71) ~[ModelLoader.class:?]
	at net.minecraft.client.renderer.block.model.ModelManager.func_110549_a(ModelManager.java:28) [byp.class:?]
	at net.minecraft.client.resources.SimpleReloadableResourceManager.func_110544_b(SimpleReloadableResourceManager.java:132) [bxi.class:?]
	at net.minecraft.client.resources.SimpleReloadableResourceManager.func_110541_a(SimpleReloadableResourceManager.java:113) [bxi.class:?]
	at net.minecraft.client.Minecraft.func_110436_a(Minecraft.java:755) [bcx.class:?]
	at net.minecraftforge.fml.client.FMLClientHandler.finishMinecraftLoading(FMLClientHandler.java:350) [FMLClientHandler.class:?]
	at net.minecraft.client.Minecraft.func_71384_a(Minecraft.java:520) [bcx.class:?]
	at net.minecraft.client.Minecraft.func_99999_d(Minecraft.java:351) [bcx.class:?]
	at net.minecraft.client.main.Main.main(SourceFile:124) [Main.class:?]
	at sun.reflect.NativeMethodAccessorImpl.invoke0(Native Method) ~[?:1.8.0_51]
	at sun.reflect.NativeMethodAccessorImpl.invoke(NativeMethodAccessorImpl.java:62) ~[?:1.8.0_51]
	at sun.reflect.DelegatingMethodAccessorImpl.invoke(DelegatingMethodAccessorImpl.java:43) ~[?:1.8.0_51]
	at java.lang.reflect.Method.invoke(Method.java:497) ~[?:1.8.0_51]
	at net.minecraft.launchwrapper.Launch.launch(Launch.java:135) [launchwrapper-1.12.jar:?]
	at net.minecraft.launchwrapper.Launch.main(Launch.java:28) [launchwrapper-1.12.jar:?]
Caused by: net.minecraft.client.renderer.block.model.ModelBlockDefinition$MissingVariantException
	at net.minecraft.client.renderer.block.model.ModelBlockDefinition.func_188004_c(ModelBlockDefinition.java:78) ~[bpe.class:?]
	at net.minecraftforge.client.model.ModelLoader$VariantLoader.loadModel(ModelLoader.java:1195) ~[ModelLoader$VariantLoader.class:?]
	at net.minecraftforge.client.model.ModelLoaderRegistry.getModel(ModelLoaderRegistry.java:149) ~[ModelLoaderRegistry.class:?]
	... 18 more
[10:23:52] [Client thread/ERROR]: Exception loading model for variant refinedstorage:controller#inventory, normal location exception: 
net.minecraftforge.client.model.ModelLoaderRegistry$LoaderException: Exception loading model refinedstorage:item/controller with loader VanillaLoader.INSTANCE, skipping
	at net.minecraftforge.client.model.ModelLoaderRegistry.getModel(ModelLoaderRegistry.java:153) ~[ModelLoaderRegistry.class:?]
	at net.minecraftforge.client.model.ModelLoader.func_177590_d(ModelLoader.java:328) ~[ModelLoader.class:?]
	at net.minecraft.client.renderer.block.model.ModelBakery.func_177577_b(ModelBakery.java:170) ~[byo.class:?]
	at net.minecraftforge.client.model.ModelLoader.func_177570_a(ModelLoader.java:72) ~[ModelLoader.class:?]
	at net.minecraft.client.renderer.block.model.ModelManager.func_110549_a(ModelManager.java:28) [byp.class:?]
	at net.minecraft.client.resources.SimpleReloadableResourceManager.func_110544_b(SimpleReloadableResourceManager.java:132) [bxi.class:?]
	at net.minecraft.client.resources.SimpleReloadableResourceManager.func_110541_a(SimpleReloadableResourceManager.java:113) [bxi.class:?]
	at net.minecraft.client.Minecraft.func_110436_a(Minecraft.java:755) [bcx.class:?]
	at net.minecraftforge.fml.client.FMLClientHandler.finishMinecraftLoading(FMLClientHandler.java:350) [FMLClientHandler.class:?]
	at net.minecraft.client.Minecraft.func_71384_a(Minecraft.java:520) [bcx.class:?]
	at net.minecraft.client.Minecraft.func_99999_d(Minecraft.java:351) [bcx.class:?]
	at net.minecraft.client.main.Main.main(SourceFile:124) [Main.class:?]
	at sun.reflect.NativeMethodAccessorImpl.invoke0(Native Method) ~[?:1.8.0_51]
	at sun.reflect.NativeMethodAccessorImpl.invoke(NativeMethodAccessorImpl.java:62) ~[?:1.8.0_51]
	at sun.reflect.DelegatingMethodAccessorImpl.invoke(DelegatingMethodAccessorImpl.java:43) ~[?:1.8.0_51]
	at java.lang.reflect.Method.invoke(Method.java:497) ~[?:1.8.0_51]
	at net.minecraft.launchwrapper.Launch.launch(Launch.java:135) [launchwrapper-1.12.jar:?]
	at net.minecraft.launchwrapper.Launch.main(Launch.java:28) [launchwrapper-1.12.jar:?]
Caused by: java.io.FileNotFoundException: refinedstorage:models/item/controller.json
	at net.minecraft.client.resources.FallbackResourceManager.func_110536_a(FallbackResourceManager.java:68) ~[bww.class:?]
	at net.minecraft.client.resources.SimpleReloadableResourceManager.func_110536_a(SimpleReloadableResourceManager.java:65) ~[bxi.class:?]
	at net.minecraft.client.renderer.block.model.ModelBakery.func_177594_c(ModelBakery.java:311) ~[byo.class:?]
	at net.minecraftforge.client.model.ModelLoader.access$1100(ModelLoader.java:118) ~[ModelLoader.class:?]
	at net.minecraftforge.client.model.ModelLoader$VanillaLoader.loadModel(ModelLoader.java:879) ~[ModelLoader$VanillaLoader.class:?]
	at net.minecraftforge.client.model.ModelLoaderRegistry.getModel(ModelLoaderRegistry.java:149) ~[ModelLoaderRegistry.class:?]
	... 17 more
[10:23:52] [Client thread/ERROR]: Exception loading model for variant refinedstorage:controller#inventory, blockstate location exception: 
net.minecraftforge.client.model.ModelLoaderRegistry$LoaderException: Exception loading model refinedstorage:controller#inventory with loader VariantLoader.INSTANCE, skipping
	at net.minecraftforge.client.model.ModelLoaderRegistry.getModel(ModelLoaderRegistry.java:153) ~[ModelLoaderRegistry.class:?]
	at net.minecraftforge.client.model.ModelLoader.func_177590_d(ModelLoader.java:336) ~[ModelLoader.class:?]
	at net.minecraft.client.renderer.block.model.ModelBakery.func_177577_b(ModelBakery.java:170) ~[byo.class:?]
	at net.minecraftforge.client.model.ModelLoader.func_177570_a(ModelLoader.java:72) ~[ModelLoader.class:?]
	at net.minecraft.client.renderer.block.model.ModelManager.func_110549_a(ModelManager.java:28) [byp.class:?]
	at net.minecraft.client.resources.SimpleReloadableResourceManager.func_110544_b(SimpleReloadableResourceManager.java:132) [bxi.class:?]
	at net.minecraft.client.resources.SimpleReloadableResourceManager.func_110541_a(SimpleReloadableResourceManager.java:113) [bxi.class:?]
	at net.minecraft.client.Minecraft.func_110436_a(Minecraft.java:755) [bcx.class:?]
	at net.minecraftforge.fml.client.FMLClientHandler.finishMinecraftLoading(FMLClientHandler.java:350) [FMLClientHandler.class:?]
	at net.minecraft.client.Minecraft.func_71384_a(Minecraft.java:520) [bcx.class:?]
	at net.minecraft.client.Minecraft.func_99999_d(Minecraft.java:351) [bcx.class:?]
	at net.minecraft.client.main.Main.main(SourceFile:124) [Main.class:?]
	at sun.reflect.NativeMethodAccessorImpl.invoke0(Native Method) ~[?:1.8.0_51]
	at sun.reflect.NativeMethodAccessorImpl.invoke(NativeMethodAccessorImpl.java:62) ~[?:1.8.0_51]
	at sun.reflect.DelegatingMethodAccessorImpl.invoke(DelegatingMethodAccessorImpl.java:43) ~[?:1.8.0_51]
	at java.lang.reflect.Method.invoke(Method.java:497) ~[?:1.8.0_51]
	at net.minecraft.launchwrapper.Launch.launch(Launch.java:135) [launchwrapper-1.12.jar:?]
	at net.minecraft.launchwrapper.Launch.main(Launch.java:28) [launchwrapper-1.12.jar:?]
Caused by: net.minecraft.client.renderer.block.model.ModelBlockDefinition$MissingVariantException
	at net.minecraft.client.renderer.block.model.ModelBlockDefinition.func_188004_c(ModelBlockDefinition.java:78) ~[bpe.class:?]
	at net.minecraftforge.client.model.ModelLoader$VariantLoader.loadModel(ModelLoader.java:1195) ~[ModelLoader$VariantLoader.class:?]
	at net.minecraftforge.client.model.ModelLoaderRegistry.getModel(ModelLoaderRegistry.java:149) ~[ModelLoaderRegistry.class:?]
	... 17 more
[10:23:52] [Client thread/ERROR]: Exception loading model for variant immersiveengineering:metalDevice1#_0multiblockslave=false,boolean0=true,facing=north,type=turret_rail
net.minecraftforge.client.model.ModelLoaderRegistry$LoaderException: Exception loading model immersiveengineering:metalDevice1#_0multiblockslave=false,boolean0=true,facing=north,type=turret_rail with loader VariantLoader.INSTANCE, skipping
	at net.minecraftforge.client.model.ModelLoaderRegistry.getModel(ModelLoaderRegistry.java:153) ~[ModelLoaderRegistry.class:?]
	at net.minecraftforge.client.model.ModelLoader.func_177569_a(ModelLoader.java:252) ~[ModelLoader.class:?]
	at net.minecraft.client.renderer.block.model.ModelBakery.loadBlock(ModelBakery.java:145) ~[byo.class:?]
	at net.minecraftforge.client.model.ModelLoader.func_188640_b(ModelLoader.java:240) ~[ModelLoader.class:?]
	at net.minecraftforge.client.model.ModelLoader.func_177570_a(ModelLoader.java:71) ~[ModelLoader.class:?]
	at net.minecraft.client.renderer.block.model.ModelManager.func_110549_a(ModelManager.java:28) [byp.class:?]
	at net.minecraft.client.resources.SimpleReloadableResourceManager.func_110544_b(SimpleReloadableResourceManager.java:132) [bxi.class:?]
	at net.minecraft.client.resources.SimpleReloadableResourceManager.func_110541_a(SimpleReloadableResourceManager.java:113) [bxi.class:?]
	at net.minecraft.client.Minecraft.func_110436_a(Minecraft.java:755) [bcx.class:?]
	at net.minecraftforge.fml.client.FMLClientHandler.finishMinecraftLoading(FMLClientHandler.java:350) [FMLClientHandler.class:?]
	at net.minecraft.client.Minecraft.func_71384_a(Minecraft.java:520) [bcx.class:?]
	at net.minecraft.client.Minecraft.func_99999_d(Minecraft.java:351) [bcx.class:?]
	at net.minecraft.client.main.Main.main(SourceFile:124) [Main.class:?]
	at sun.reflect.NativeMethodAccessorImpl.invoke0(Native Method) ~[?:1.8.0_51]
	at sun.reflect.NativeMethodAccessorImpl.invoke(NativeMethodAccessorImpl.java:62) ~[?:1.8.0_51]
	at sun.reflect.DelegatingMethodAccessorImpl.invoke(DelegatingMethodAccessorImpl.java:43) ~[?:1.8.0_51]
	at java.lang.reflect.Method.invoke(Method.java:497) ~[?:1.8.0_51]
	at net.minecraft.launchwrapper.Launch.launch(Launch.java:135) [launchwrapper-1.12.jar:?]
	at net.minecraft.launchwrapper.Launch.main(Launch.java:28) [launchwrapper-1.12.jar:?]
Caused by: net.minecraft.client.renderer.block.model.ModelBlockDefinition$MissingVariantException
	at net.minecraft.client.renderer.block.model.ModelBlockDefinition.func_188004_c(ModelBlockDefinition.java:78) ~[bpe.class:?]
	at net.minecraftforge.client.model.ModelLoader$VariantLoader.loadModel(ModelLoader.java:1195) ~[ModelLoader$VariantLoader.class:?]
	at net.minecraftforge.client.model.ModelLoaderRegistry.getModel(ModelLoaderRegistry.java:149) ~[ModelLoaderRegistry.class:?]
	... 18 more
[10:23:52] [Client thread/ERROR]: Exception loading model for variant openmodularturrets:base_addon#facing=north,model=4
net.minecraftforge.client.model.ModelLoaderRegistry$LoaderException: Exception loading model openmodularturrets:base_addon#facing=north,model=4 with loader VariantLoader.INSTANCE, skipping
	at net.minecraftforge.client.model.ModelLoaderRegistry.getModel(ModelLoaderRegistry.java:153) ~[ModelLoaderRegistry.class:?]
	at net.minecraftforge.client.model.ModelLoader.func_177569_a(ModelLoader.java:252) ~[ModelLoader.class:?]
	at net.minecraft.client.renderer.block.model.ModelBakery.loadBlock(ModelBakery.java:145) ~[byo.class:?]
	at net.minecraftforge.client.model.ModelLoader.func_188640_b(ModelLoader.java:240) ~[ModelLoader.class:?]
	at net.minecraftforge.client.model.ModelLoader.func_177570_a(ModelLoader.java:71) ~[ModelLoader.class:?]
	at net.minecraft.client.renderer.block.model.ModelManager.func_110549_a(ModelManager.java:28) [byp.class:?]
	at net.minecraft.client.resources.SimpleReloadableResourceManager.func_110544_b(SimpleReloadableResourceManager.java:132) [bxi.class:?]
	at net.minecraft.client.resources.SimpleReloadableResourceManager.func_110541_a(SimpleReloadableResourceManager.java:113) [bxi.class:?]
	at net.minecraft.client.Minecraft.func_110436_a(Minecraft.java:755) [bcx.class:?]
	at net.minecraftforge.fml.client.FMLClientHandler.finishMinecraftLoading(FMLClientHandler.java:350) [FMLClientHandler.class:?]
	at net.minecraft.client.Minecraft.func_71384_a(Minecraft.java:520) [bcx.class:?]
	at net.minecraft.client.Minecraft.func_99999_d(Minecraft.java:351) [bcx.class:?]
	at net.minecraft.client.main.Main.main(SourceFile:124) [Main.class:?]
	at sun.reflect.NativeMethodAccessorImpl.invoke0(Native Method) ~[?:1.8.0_51]
	at sun.reflect.NativeMethodAccessorImpl.invoke(NativeMethodAccessorImpl.java:62) ~[?:1.8.0_51]
	at sun.reflect.DelegatingMethodAccessorImpl.invoke(DelegatingMethodAccessorImpl.java:43) ~[?:1.8.0_51]
	at java.lang.reflect.Method.invoke(Method.java:497) ~[?:1.8.0_51]
	at net.minecraft.launchwrapper.Launch.launch(Launch.java:135) [launchwrapper-1.12.jar:?]
	at net.minecraft.launchwrapper.Launch.main(Launch.java:28) [launchwrapper-1.12.jar:?]
Caused by: net.minecraft.client.renderer.block.model.ModelBlockDefinition$MissingVariantException
	at net.minecraft.client.renderer.block.model.ModelBlockDefinition.func_188004_c(ModelBlockDefinition.java:78) ~[bpe.class:?]
	at net.minecraftforge.client.model.ModelLoader$VariantLoader.loadModel(ModelLoader.java:1195) ~[ModelLoader$VariantLoader.class:?]
	at net.minecraftforge.client.model.ModelLoaderRegistry.getModel(ModelLoaderRegistry.java:149) ~[ModelLoaderRegistry.class:?]
	... 18 more
[10:23:52] [Client thread/ERROR]: Exception loading model for variant openmodularturrets:base_addon#facing=north,model=3
net.minecraftforge.client.model.ModelLoaderRegistry$LoaderException: Exception loading model openmodularturrets:base_addon#facing=north,model=3 with loader VariantLoader.INSTANCE, skipping
	at net.minecraftforge.client.model.ModelLoaderRegistry.getModel(ModelLoaderRegistry.java:153) ~[ModelLoaderRegistry.class:?]
	at net.minecraftforge.client.model.ModelLoader.func_177569_a(ModelLoader.java:252) ~[ModelLoader.class:?]
	at net.minecraft.client.renderer.block.model.ModelBakery.loadBlock(ModelBakery.java:145) ~[byo.class:?]
	at net.minecraftforge.client.model.ModelLoader.func_188640_b(ModelLoader.java:240) ~[ModelLoader.class:?]
	at net.minecraftforge.client.model.ModelLoader.func_177570_a(ModelLoader.java:71) ~[ModelLoader.class:?]
	at net.minecraft.client.renderer.block.model.ModelManager.func_110549_a(ModelManager.java:28) [byp.class:?]
	at net.minecraft.client.resources.SimpleReloadableResourceManager.func_110544_b(SimpleReloadableResourceManager.java:132) [bxi.class:?]
	at net.minecraft.client.resources.SimpleReloadableResourceManager.func_110541_a(SimpleReloadableResourceManager.java:113) [bxi.class:?]
	at net.minecraft.client.Minecraft.func_110436_a(Minecraft.java:755) [bcx.class:?]
	at net.minecraftforge.fml.client.FMLClientHandler.finishMinecraftLoading(FMLClientHandler.java:350) [FMLClientHandler.class:?]
	at net.minecraft.client.Minecraft.func_71384_a(Minecraft.java:520) [bcx.class:?]
	at net.minecraft.client.Minecraft.func_99999_d(Minecraft.java:351) [bcx.class:?]
	at net.minecraft.client.main.Main.main(SourceFile:124) [Main.class:?]
	at sun.reflect.NativeMethodAccessorImpl.invoke0(Native Method) ~[?:1.8.0_51]
	at sun.reflect.NativeMethodAccessorImpl.invoke(NativeMethodAccessorImpl.java:62) ~[?:1.8.0_51]
	at sun.reflect.DelegatingMethodAccessorImpl.invoke(DelegatingMethodAccessorImpl.java:43) ~[?:1.8.0_51]
	at java.lang.reflect.Method.invoke(Method.java:497) ~[?:1.8.0_51]
	at net.minecraft.launchwrapper.Launch.launch(Launch.java:135) [launchwrapper-1.12.jar:?]
	at net.minecraft.launchwrapper.Launch.main(Launch.java:28) [launchwrapper-1.12.jar:?]
Caused by: net.minecraft.client.renderer.block.model.ModelBlockDefinition$MissingVariantException
	at net.minecraft.client.renderer.block.model.ModelBlockDefinition.func_188004_c(ModelBlockDefinition.java:78) ~[bpe.class:?]
	at net.minecraftforge.client.model.ModelLoader$VariantLoader.loadModel(ModelLoader.java:1195) ~[ModelLoader$VariantLoader.class:?]
	at net.minecraftforge.client.model.ModelLoaderRegistry.getModel(ModelLoaderRegistry.java:149) ~[ModelLoaderRegistry.class:?]
	... 18 more
[10:23:52] [Client thread/ERROR]: Exception loading model for variant openmodularturrets:base_addon#facing=north,model=2
net.minecraftforge.client.model.ModelLoaderRegistry$LoaderException: Exception loading model openmodularturrets:base_addon#facing=north,model=2 with loader VariantLoader.INSTANCE, skipping
	at net.minecraftforge.client.model.ModelLoaderRegistry.getModel(ModelLoaderRegistry.java:153) ~[ModelLoaderRegistry.class:?]
	at net.minecraftforge.client.model.ModelLoader.func_177569_a(ModelLoader.java:252) ~[ModelLoader.class:?]
	at net.minecraft.client.renderer.block.model.ModelBakery.loadBlock(ModelBakery.java:145) ~[byo.class:?]
	at net.minecraftforge.client.model.ModelLoader.func_188640_b(ModelLoader.java:240) ~[ModelLoader.class:?]
	at net.minecraftforge.client.model.ModelLoader.func_177570_a(ModelLoader.java:71) ~[ModelLoader.class:?]
	at net.minecraft.client.renderer.block.model.ModelManager.func_110549_a(ModelManager.java:28) [byp.class:?]
	at net.minecraft.client.resources.SimpleReloadableResourceManager.func_110544_b(SimpleReloadableResourceManager.java:132) [bxi.class:?]
	at net.minecraft.client.resources.SimpleReloadableResourceManager.func_110541_a(SimpleReloadableResourceManager.java:113) [bxi.class:?]
	at net.minecraft.client.Minecraft.func_110436_a(Minecraft.java:755) [bcx.class:?]
	at net.minecraftforge.fml.client.FMLClientHandler.finishMinecraftLoading(FMLClientHandler.java:350) [FMLClientHandler.class:?]
	at net.minecraft.client.Minecraft.func_71384_a(Minecraft.java:520) [bcx.class:?]
	at net.minecraft.client.Minecraft.func_99999_d(Minecraft.java:351) [bcx.class:?]
	at net.minecraft.client.main.Main.main(SourceFile:124) [Main.class:?]
	at sun.reflect.NativeMethodAccessorImpl.invoke0(Native Method) ~[?:1.8.0_51]
	at sun.reflect.NativeMethodAccessorImpl.invoke(NativeMethodAccessorImpl.java:62) ~[?:1.8.0_51]
	at sun.reflect.DelegatingMethodAccessorImpl.invoke(DelegatingMethodAccessorImpl.java:43) ~[?:1.8.0_51]
	at java.lang.reflect.Method.invoke(Method.java:497) ~[?:1.8.0_51]
	at net.minecraft.launchwrapper.Launch.launch(Launch.java:135) [launchwrapper-1.12.jar:?]
	at net.minecraft.launchwrapper.Launch.main(Launch.java:28) [launchwrapper-1.12.jar:?]
Caused by: net.minecraft.client.renderer.block.model.ModelBlockDefinition$MissingVariantException
	at net.minecraft.client.renderer.block.model.ModelBlockDefinition.func_188004_c(ModelBlockDefinition.java:78) ~[bpe.class:?]
	at net.minecraftforge.client.model.ModelLoader$VariantLoader.loadModel(ModelLoader.java:1195) ~[ModelLoader$VariantLoader.class:?]
	at net.minecraftforge.client.model.ModelLoaderRegistry.getModel(ModelLoaderRegistry.java:149) ~[ModelLoaderRegistry.class:?]
	... 18 more
[10:23:52] [Client thread/ERROR]: Exception loading model for variant openmodularturrets:base_addon#facing=north,model=1
net.minecraftforge.client.model.ModelLoaderRegistry$LoaderException: Exception loading model openmodularturrets:base_addon#facing=north,model=1 with loader VariantLoader.INSTANCE, skipping
	at net.minecraftforge.client.model.ModelLoaderRegistry.getModel(ModelLoaderRegistry.java:153) ~[ModelLoaderRegistry.class:?]
	at net.minecraftforge.client.model.ModelLoader.func_177569_a(ModelLoader.java:252) ~[ModelLoader.class:?]
	at net.minecraft.client.renderer.block.model.ModelBakery.loadBlock(ModelBakery.java:145) ~[byo.class:?]
	at net.minecraftforge.client.model.ModelLoader.func_188640_b(ModelLoader.java:240) ~[ModelLoader.class:?]
	at net.minecraftforge.client.model.ModelLoader.func_177570_a(ModelLoader.java:71) ~[ModelLoader.class:?]
	at net.minecraft.client.renderer.block.model.ModelManager.func_110549_a(ModelManager.java:28) [byp.class:?]
	at net.minecraft.client.resources.SimpleReloadableResourceManager.func_110544_b(SimpleReloadableResourceManager.java:132) [bxi.class:?]
	at net.minecraft.client.resources.SimpleReloadableResourceManager.func_110541_a(SimpleReloadableResourceManager.java:113) [bxi.class:?]
	at net.minecraft.client.Minecraft.func_110436_a(Minecraft.java:755) [bcx.class:?]
	at net.minecraftforge.fml.client.FMLClientHandler.finishMinecraftLoading(FMLClientHandler.java:350) [FMLClientHandler.class:?]
	at net.minecraft.client.Minecraft.func_71384_a(Minecraft.java:520) [bcx.class:?]
	at net.minecraft.client.Minecraft.func_99999_d(Minecraft.java:351) [bcx.class:?]
	at net.minecraft.client.main.Main.main(SourceFile:124) [Main.class:?]
	at sun.reflect.NativeMethodAccessorImpl.invoke0(Native Method) ~[?:1.8.0_51]
	at sun.reflect.NativeMethodAccessorImpl.invoke(NativeMethodAccessorImpl.java:62) ~[?:1.8.0_51]
	at sun.reflect.DelegatingMethodAccessorImpl.invoke(DelegatingMethodAccessorImpl.java:43) ~[?:1.8.0_51]
	at java.lang.reflect.Method.invoke(Method.java:497) ~[?:1.8.0_51]
	at net.minecraft.launchwrapper.Launch.launch(Launch.java:135) [launchwrapper-1.12.jar:?]
	at net.minecraft.launchwrapper.Launch.main(Launch.java:28) [launchwrapper-1.12.jar:?]
Caused by: net.minecraft.client.renderer.block.model.ModelBlockDefinition$MissingVariantException
	at net.minecraft.client.renderer.block.model.ModelBlockDefinition.func_188004_c(ModelBlockDefinition.java:78) ~[bpe.class:?]
	at net.minecraftforge.client.model.ModelLoader$VariantLoader.loadModel(ModelLoader.java:1195) ~[ModelLoader$VariantLoader.class:?]
	at net.minecraftforge.client.model.ModelLoaderRegistry.getModel(ModelLoaderRegistry.java:149) ~[ModelLoaderRegistry.class:?]
	... 18 more
[10:23:52] [Client thread/ERROR]: Exception loading model for variant immersiveengineering:metalDevice1#_0multiblockslave=true,boolean0=false,facing=north,type=turret_rail
net.minecraftforge.client.model.ModelLoaderRegistry$LoaderException: Exception loading model immersiveengineering:metalDevice1#_0multiblockslave=true,boolean0=false,facing=north,type=turret_rail with loader VariantLoader.INSTANCE, skipping
	at net.minecraftforge.client.model.ModelLoaderRegistry.getModel(ModelLoaderRegistry.java:153) ~[ModelLoaderRegistry.class:?]
	at net.minecraftforge.client.model.ModelLoader.func_177569_a(ModelLoader.java:252) ~[ModelLoader.class:?]
	at net.minecraft.client.renderer.block.model.ModelBakery.loadBlock(ModelBakery.java:145) ~[byo.class:?]
	at net.minecraftforge.client.model.ModelLoader.func_188640_b(ModelLoader.java:240) ~[ModelLoader.class:?]
	at net.minecraftforge.client.model.ModelLoader.func_177570_a(ModelLoader.java:71) ~[ModelLoader.class:?]
	at net.minecraft.client.renderer.block.model.ModelManager.func_110549_a(ModelManager.java:28) [byp.class:?]
	at net.minecraft.client.resources.SimpleReloadableResourceManager.func_110544_b(SimpleReloadableResourceManager.java:132) [bxi.class:?]
	at net.minecraft.client.resources.SimpleReloadableResourceManager.func_110541_a(SimpleReloadableResourceManager.java:113) [bxi.class:?]
	at net.minecraft.client.Minecraft.func_110436_a(Minecraft.java:755) [bcx.class:?]
	at net.minecraftforge.fml.client.FMLClientHandler.finishMinecraftLoading(FMLClientHandler.java:350) [FMLClientHandler.class:?]
	at net.minecraft.client.Minecraft.func_71384_a(Minecraft.java:520) [bcx.class:?]
	at net.minecraft.client.Minecraft.func_99999_d(Minecraft.java:351) [bcx.class:?]
	at net.minecraft.client.main.Main.main(SourceFile:124) [Main.class:?]
	at sun.reflect.NativeMethodAccessorImpl.invoke0(Native Method) ~[?:1.8.0_51]
	at sun.reflect.NativeMethodAccessorImpl.invoke(NativeMethodAccessorImpl.java:62) ~[?:1.8.0_51]
	at sun.reflect.DelegatingMethodAccessorImpl.invoke(DelegatingMethodAccessorImpl.java:43) ~[?:1.8.0_51]
	at java.lang.reflect.Method.invoke(Method.java:497) ~[?:1.8.0_51]
	at net.minecraft.launchwrapper.Launch.launch(Launch.java:135) [launchwrapper-1.12.jar:?]
	at net.minecraft.launchwrapper.Launch.main(Launch.java:28) [launchwrapper-1.12.jar:?]
Caused by: net.minecraft.client.renderer.block.model.ModelBlockDefinition$MissingVariantException
	at net.minecraft.client.renderer.block.model.ModelBlockDefinition.func_188004_c(ModelBlockDefinition.java:78) ~[bpe.class:?]
	at net.minecraftforge.client.model.ModelLoader$VariantLoader.loadModel(ModelLoader.java:1195) ~[ModelLoader$VariantLoader.class:?]
	at net.minecraftforge.client.model.ModelLoaderRegistry.getModel(ModelLoaderRegistry.java:149) ~[ModelLoaderRegistry.class:?]
	... 18 more
[10:23:52] [Client thread/ERROR]: Exception loading model for variant immersiveengineering:metalDevice1#_0multiblockslave=true,boolean0=true,facing=down,type=turret_rail
net.minecraftforge.client.model.ModelLoaderRegistry$LoaderException: Exception loading model immersiveengineering:metalDevice1#_0multiblockslave=true,boolean0=true,facing=down,type=turret_rail with loader VariantLoader.INSTANCE, skipping
	at net.minecraftforge.client.model.ModelLoaderRegistry.getModel(ModelLoaderRegistry.java:153) ~[ModelLoaderRegistry.class:?]
	at net.minecraftforge.client.model.ModelLoader.func_177569_a(ModelLoader.java:252) ~[ModelLoader.class:?]
	at net.minecraft.client.renderer.block.model.ModelBakery.loadBlock(ModelBakery.java:145) ~[byo.class:?]
	at net.minecraftforge.client.model.ModelLoader.func_188640_b(ModelLoader.java:240) ~[ModelLoader.class:?]
	at net.minecraftforge.client.model.ModelLoader.func_177570_a(ModelLoader.java:71) ~[ModelLoader.class:?]
	at net.minecraft.client.renderer.block.model.ModelManager.func_110549_a(ModelManager.java:28) [byp.class:?]
	at net.minecraft.client.resources.SimpleReloadableResourceManager.func_110544_b(SimpleReloadableResourceManager.java:132) [bxi.class:?]
	at net.minecraft.client.resources.SimpleReloadableResourceManager.func_110541_a(SimpleReloadableResourceManager.java:113) [bxi.class:?]
	at net.minecraft.client.Minecraft.func_110436_a(Minecraft.java:755) [bcx.class:?]
	at net.minecraftforge.fml.client.FMLClientHandler.finishMinecraftLoading(FMLClientHandler.java:350) [FMLClientHandler.class:?]
	at net.minecraft.client.Minecraft.func_71384_a(Minecraft.java:520) [bcx.class:?]
	at net.minecraft.client.Minecraft.func_99999_d(Minecraft.java:351) [bcx.class:?]
	at net.minecraft.client.main.Main.main(SourceFile:124) [Main.class:?]
	at sun.reflect.NativeMethodAccessorImpl.invoke0(Native Method) ~[?:1.8.0_51]
	at sun.reflect.NativeMethodAccessorImpl.invoke(NativeMethodAccessorImpl.java:62) ~[?:1.8.0_51]
	at sun.reflect.DelegatingMethodAccessorImpl.invoke(DelegatingMethodAccessorImpl.java:43) ~[?:1.8.0_51]
	at java.lang.reflect.Method.invoke(Method.java:497) ~[?:1.8.0_51]
	at net.minecraft.launchwrapper.Launch.launch(Launch.java:135) [launchwrapper-1.12.jar:?]
	at net.minecraft.launchwrapper.Launch.main(Launch.java:28) [launchwrapper-1.12.jar:?]
Caused by: net.minecraft.client.renderer.block.model.ModelBlockDefinition$MissingVariantException
	at net.minecraft.client.renderer.block.model.ModelBlockDefinition.func_188004_c(ModelBlockDefinition.java:78) ~[bpe.class:?]
	at net.minecraftforge.client.model.ModelLoader$VariantLoader.loadModel(ModelLoader.java:1195) ~[ModelLoader$VariantLoader.class:?]
	at net.minecraftforge.client.model.ModelLoaderRegistry.getModel(ModelLoaderRegistry.java:149) ~[ModelLoaderRegistry.class:?]
	... 18 more
[10:23:52] [Client thread/ERROR]: Exception loading model for variant avaritia:infinity_sword#inventory, normal location exception: 
net.minecraftforge.client.model.ModelLoaderRegistry$LoaderException: Exception loading model avaritia:item/infinity_sword with loader VanillaLoader.INSTANCE, skipping
	at net.minecraftforge.client.model.ModelLoaderRegistry.getModel(ModelLoaderRegistry.java:153) ~[ModelLoaderRegistry.class:?]
	at net.minecraftforge.client.model.ModelLoader.func_177590_d(ModelLoader.java:328) ~[ModelLoader.class:?]
	at net.minecraft.client.renderer.block.model.ModelBakery.func_177577_b(ModelBakery.java:170) ~[byo.class:?]
	at net.minecraftforge.client.model.ModelLoader.func_177570_a(ModelLoader.java:72) ~[ModelLoader.class:?]
	at net.minecraft.client.renderer.block.model.ModelManager.func_110549_a(ModelManager.java:28) [byp.class:?]
	at net.minecraft.client.resources.SimpleReloadableResourceManager.func_110544_b(SimpleReloadableResourceManager.java:132) [bxi.class:?]
	at net.minecraft.client.resources.SimpleReloadableResourceManager.func_110541_a(SimpleReloadableResourceManager.java:113) [bxi.class:?]
	at net.minecraft.client.Minecraft.func_110436_a(Minecraft.java:755) [bcx.class:?]
	at net.minecraftforge.fml.client.FMLClientHandler.finishMinecraftLoading(FMLClientHandler.java:350) [FMLClientHandler.class:?]
	at net.minecraft.client.Minecraft.func_71384_a(Minecraft.java:520) [bcx.class:?]
	at net.minecraft.client.Minecraft.func_99999_d(Minecraft.java:351) [bcx.class:?]
	at net.minecraft.client.main.Main.main(SourceFile:124) [Main.class:?]
	at sun.reflect.NativeMethodAccessorImpl.invoke0(Native Method) ~[?:1.8.0_51]
	at sun.reflect.NativeMethodAccessorImpl.invoke(NativeMethodAccessorImpl.java:62) ~[?:1.8.0_51]
	at sun.reflect.DelegatingMethodAccessorImpl.invoke(DelegatingMethodAccessorImpl.java:43) ~[?:1.8.0_51]
	at java.lang.reflect.Method.invoke(Method.java:497) ~[?:1.8.0_51]
	at net.minecraft.launchwrapper.Launch.launch(Launch.java:135) [launchwrapper-1.12.jar:?]
	at net.minecraft.launchwrapper.Launch.main(Launch.java:28) [launchwrapper-1.12.jar:?]
Caused by: java.io.FileNotFoundException: avaritia:models/item/infinity_sword.json
	at net.minecraft.client.resources.FallbackResourceManager.func_110536_a(FallbackResourceManager.java:68) ~[bww.class:?]
	at net.minecraft.client.resources.SimpleReloadableResourceManager.func_110536_a(SimpleReloadableResourceManager.java:65) ~[bxi.class:?]
	at net.minecraft.client.renderer.block.model.ModelBakery.func_177594_c(ModelBakery.java:311) ~[byo.class:?]
	at net.minecraftforge.client.model.ModelLoader.access$1100(ModelLoader.java:118) ~[ModelLoader.class:?]
	at net.minecraftforge.client.model.ModelLoader$VanillaLoader.loadModel(ModelLoader.java:879) ~[ModelLoader$VanillaLoader.class:?]
	at net.minecraftforge.client.model.ModelLoaderRegistry.getModel(ModelLoaderRegistry.java:149) ~[ModelLoaderRegistry.class:?]
	... 17 more
[10:23:52] [Client thread/ERROR]: Exception loading model for variant avaritia:infinity_sword#inventory, blockstate location exception: 
net.minecraftforge.client.model.ModelLoaderRegistry$LoaderException: Exception loading model avaritia:infinity_sword#inventory with loader VariantLoader.INSTANCE, skipping
	at net.minecraftforge.client.model.ModelLoaderRegistry.getModel(ModelLoaderRegistry.java:153) ~[ModelLoaderRegistry.class:?]
	at net.minecraftforge.client.model.ModelLoader.func_177590_d(ModelLoader.java:336) ~[ModelLoader.class:?]
	at net.minecraft.client.renderer.block.model.ModelBakery.func_177577_b(ModelBakery.java:170) ~[byo.class:?]
	at net.minecraftforge.client.model.ModelLoader.func_177570_a(ModelLoader.java:72) ~[ModelLoader.class:?]
	at net.minecraft.client.renderer.block.model.ModelManager.func_110549_a(ModelManager.java:28) [byp.class:?]
	at net.minecraft.client.resources.SimpleReloadableResourceManager.func_110544_b(SimpleReloadableResourceManager.java:132) [bxi.class:?]
	at net.minecraft.client.resources.SimpleReloadableResourceManager.func_110541_a(SimpleReloadableResourceManager.java:113) [bxi.class:?]
	at net.minecraft.client.Minecraft.func_110436_a(Minecraft.java:755) [bcx.class:?]
	at net.minecraftforge.fml.client.FMLClientHandler.finishMinecraftLoading(FMLClientHandler.java:350) [FMLClientHandler.class:?]
	at net.minecraft.client.Minecraft.func_71384_a(Minecraft.java:520) [bcx.class:?]
	at net.minecraft.client.Minecraft.func_99999_d(Minecraft.java:351) [bcx.class:?]
	at net.minecraft.client.main.Main.main(SourceFile:124) [Main.class:?]
	at sun.reflect.NativeMethodAccessorImpl.invoke0(Native Method) ~[?:1.8.0_51]
	at sun.reflect.NativeMethodAccessorImpl.invoke(NativeMethodAccessorImpl.java:62) ~[?:1.8.0_51]
	at sun.reflect.DelegatingMethodAccessorImpl.invoke(DelegatingMethodAccessorImpl.java:43) ~[?:1.8.0_51]
	at java.lang.reflect.Method.invoke(Method.java:497) ~[?:1.8.0_51]
	at net.minecraft.launchwrapper.Launch.launch(Launch.java:135) [launchwrapper-1.12.jar:?]
	at net.minecraft.launchwrapper.Launch.main(Launch.java:28) [launchwrapper-1.12.jar:?]
Caused by: net.minecraft.client.renderer.block.model.ModelBlockDefinition$MissingVariantException
	at net.minecraft.client.renderer.block.model.ModelBlockDefinition.func_188004_c(ModelBlockDefinition.java:78) ~[bpe.class:?]
	at net.minecraftforge.client.model.ModelLoader$VariantLoader.loadModel(ModelLoader.java:1195) ~[ModelLoader$VariantLoader.class:?]
	at net.minecraftforge.client.model.ModelLoaderRegistry.getModel(ModelLoaderRegistry.java:149) ~[ModelLoaderRegistry.class:?]
	... 17 more
[10:23:52] [Client thread/ERROR]: Exception loading model for variant storagedrawersextra:extra_trim_3#meta=15
net.minecraftforge.client.model.ModelLoaderRegistry$LoaderException: Exception loading model storagedrawersextra:extra_trim_3#meta=15 with loader VariantLoader.INSTANCE, skipping
	at net.minecraftforge.client.model.ModelLoaderRegistry.getModel(ModelLoaderRegistry.java:153) ~[ModelLoaderRegistry.class:?]
	at net.minecraftforge.client.model.ModelLoader.func_177569_a(ModelLoader.java:252) ~[ModelLoader.class:?]
	at net.minecraft.client.renderer.block.model.ModelBakery.loadBlock(ModelBakery.java:145) ~[byo.class:?]
	at net.minecraftforge.client.model.ModelLoader.func_188640_b(ModelLoader.java:240) ~[ModelLoader.class:?]
	at net.minecraftforge.client.model.ModelLoader.func_177570_a(ModelLoader.java:71) ~[ModelLoader.class:?]
	at net.minecraft.client.renderer.block.model.ModelManager.func_110549_a(ModelManager.java:28) [byp.class:?]
	at net.minecraft.client.resources.SimpleReloadableResourceManager.func_110544_b(SimpleReloadableResourceManager.java:132) [bxi.class:?]
	at net.minecraft.client.resources.SimpleReloadableResourceManager.func_110541_a(SimpleReloadableResourceManager.java:113) [bxi.class:?]
	at net.minecraft.client.Minecraft.func_110436_a(Minecraft.java:755) [bcx.class:?]
	at net.minecraftforge.fml.client.FMLClientHandler.finishMinecraftLoading(FMLClientHandler.java:350) [FMLClientHandler.class:?]
	at net.minecraft.client.Minecraft.func_71384_a(Minecraft.java:520) [bcx.class:?]
	at net.minecraft.client.Minecraft.func_99999_d(Minecraft.java:351) [bcx.class:?]
	at net.minecraft.client.main.Main.main(SourceFile:124) [Main.class:?]
	at sun.reflect.NativeMethodAccessorImpl.invoke0(Native Method) ~[?:1.8.0_51]
	at sun.reflect.NativeMethodAccessorImpl.invoke(NativeMethodAccessorImpl.java:62) ~[?:1.8.0_51]
	at sun.reflect.DelegatingMethodAccessorImpl.invoke(DelegatingMethodAccessorImpl.java:43) ~[?:1.8.0_51]
	at java.lang.reflect.Method.invoke(Method.java:497) ~[?:1.8.0_51]
	at net.minecraft.launchwrapper.Launch.launch(Launch.java:135) [launchwrapper-1.12.jar:?]
	at net.minecraft.launchwrapper.Launch.main(Launch.java:28) [launchwrapper-1.12.jar:?]
Caused by: net.minecraft.client.renderer.block.model.ModelBlockDefinition$MissingVariantException
	at net.minecraft.client.renderer.block.model.ModelBlockDefinition.func_188004_c(ModelBlockDefinition.java:78) ~[bpe.class:?]
	at net.minecraftforge.client.model.ModelLoader$VariantLoader.loadModel(ModelLoader.java:1195) ~[ModelLoader$VariantLoader.class:?]
	at net.minecraftforge.client.model.ModelLoaderRegistry.getModel(ModelLoaderRegistry.java:149) ~[ModelLoaderRegistry.class:?]
	... 18 more
[10:23:52] [Client thread/ERROR]: Exception loading blockstate for the variant storagedrawersextra:extra_trim_3#meta=15: 
java.lang.Exception: Could not load model definition for variant storagedrawersextra:extra_trim_3
	at net.minecraftforge.client.model.ModelLoader.func_177586_a(ModelLoader.java:285) ~[ModelLoader.class:?]
	at net.minecraft.client.renderer.block.model.ModelBakery.loadBlock(ModelBakery.java:121) ~[byo.class:?]
	at net.minecraftforge.client.model.ModelLoader.func_188640_b(ModelLoader.java:240) ~[ModelLoader.class:?]
	at net.minecraftforge.client.model.ModelLoader.func_177570_a(ModelLoader.java:71) ~[ModelLoader.class:?]
	at net.minecraft.client.renderer.block.model.ModelManager.func_110549_a(ModelManager.java:28) [byp.class:?]
	at net.minecraft.client.resources.SimpleReloadableResourceManager.func_110544_b(SimpleReloadableResourceManager.java:132) [bxi.class:?]
	at net.minecraft.client.resources.SimpleReloadableResourceManager.func_110541_a(SimpleReloadableResourceManager.java:113) [bxi.class:?]
	at net.minecraft.client.Minecraft.func_110436_a(Minecraft.java:755) [bcx.class:?]
	at net.minecraftforge.fml.client.FMLClientHandler.finishMinecraftLoading(FMLClientHandler.java:350) [FMLClientHandler.class:?]
	at net.minecraft.client.Minecraft.func_71384_a(Minecraft.java:520) [bcx.class:?]
	at net.minecraft.client.Minecraft.func_99999_d(Minecraft.java:351) [bcx.class:?]
	at net.minecraft.client.main.Main.main(SourceFile:124) [Main.class:?]
	at sun.reflect.NativeMethodAccessorImpl.invoke0(Native Method) ~[?:1.8.0_51]
	at sun.reflect.NativeMethodAccessorImpl.invoke(NativeMethodAccessorImpl.java:62) ~[?:1.8.0_51]
	at sun.reflect.DelegatingMethodAccessorImpl.invoke(DelegatingMethodAccessorImpl.java:43) ~[?:1.8.0_51]
	at java.lang.reflect.Method.invoke(Method.java:497) ~[?:1.8.0_51]
	at net.minecraft.launchwrapper.Launch.launch(Launch.java:135) [launchwrapper-1.12.jar:?]
	at net.minecraft.launchwrapper.Launch.main(Launch.java:28) [launchwrapper-1.12.jar:?]
Caused by: java.lang.RuntimeException: Encountered an exception when loading model definition of model storagedrawersextra:blockstates/extra_trim_3.json
	at net.minecraft.client.renderer.block.model.ModelBakery.func_188632_a(ModelBakery.java:205) ~[byo.class:?]
	at net.minecraft.client.renderer.block.model.ModelBakery.func_177586_a(ModelBakery.java:185) ~[byo.class:?]
	at net.minecraftforge.client.model.ModelLoader.func_177586_a(ModelLoader.java:281) ~[ModelLoader.class:?]
	... 17 more
Caused by: java.io.FileNotFoundException: storagedrawersextra:blockstates/extra_trim_3.json
	at net.minecraft.client.resources.FallbackResourceManager.func_135056_b(FallbackResourceManager.java:103) ~[bww.class:?]
	at net.minecraft.client.resources.SimpleReloadableResourceManager.func_135056_b(SimpleReloadableResourceManager.java:79) ~[bxi.class:?]
	at net.minecraft.client.renderer.block.model.ModelBakery.func_188632_a(ModelBakery.java:198) ~[byo.class:?]
	at net.minecraft.client.renderer.block.model.ModelBakery.func_177586_a(ModelBakery.java:185) ~[byo.class:?]
	at net.minecraftforge.client.model.ModelLoader.func_177586_a(ModelLoader.java:281) ~[ModelLoader.class:?]
	... 17 more
[10:23:52] [Client thread/ERROR]: Exception loading model for variant storagedrawersextra:extra_trim_3#meta=12
net.minecraftforge.client.model.ModelLoaderRegistry$LoaderException: Exception loading model storagedrawersextra:extra_trim_3#meta=12 with loader VariantLoader.INSTANCE, skipping
	at net.minecraftforge.client.model.ModelLoaderRegistry.getModel(ModelLoaderRegistry.java:153) ~[ModelLoaderRegistry.class:?]
	at net.minecraftforge.client.model.ModelLoader.func_177569_a(ModelLoader.java:252) ~[ModelLoader.class:?]
	at net.minecraft.client.renderer.block.model.ModelBakery.loadBlock(ModelBakery.java:145) ~[byo.class:?]
	at net.minecraftforge.client.model.ModelLoader.func_188640_b(ModelLoader.java:240) ~[ModelLoader.class:?]
	at net.minecraftforge.client.model.ModelLoader.func_177570_a(ModelLoader.java:71) ~[ModelLoader.class:?]
	at net.minecraft.client.renderer.block.model.ModelManager.func_110549_a(ModelManager.java:28) [byp.class:?]
	at net.minecraft.client.resources.SimpleReloadableResourceManager.func_110544_b(SimpleReloadableResourceManager.java:132) [bxi.class:?]
	at net.minecraft.client.resources.SimpleReloadableResourceManager.func_110541_a(SimpleReloadableResourceManager.java:113) [bxi.class:?]
	at net.minecraft.client.Minecraft.func_110436_a(Minecraft.java:755) [bcx.class:?]
	at net.minecraftforge.fml.client.FMLClientHandler.finishMinecraftLoading(FMLClientHandler.java:350) [FMLClientHandler.class:?]
	at net.minecraft.client.Minecraft.func_71384_a(Minecraft.java:520) [bcx.class:?]
	at net.minecraft.client.Minecraft.func_99999_d(Minecraft.java:351) [bcx.class:?]
	at net.minecraft.client.main.Main.main(SourceFile:124) [Main.class:?]
	at sun.reflect.NativeMethodAccessorImpl.invoke0(Native Method) ~[?:1.8.0_51]
	at sun.reflect.NativeMethodAccessorImpl.invoke(NativeMethodAccessorImpl.java:62) ~[?:1.8.0_51]
	at sun.reflect.DelegatingMethodAccessorImpl.invoke(DelegatingMethodAccessorImpl.java:43) ~[?:1.8.0_51]
	at java.lang.reflect.Method.invoke(Method.java:497) ~[?:1.8.0_51]
	at net.minecraft.launchwrapper.Launch.launch(Launch.java:135) [launchwrapper-1.12.jar:?]
	at net.minecraft.launchwrapper.Launch.main(Launch.java:28) [launchwrapper-1.12.jar:?]
Caused by: net.minecraft.client.renderer.block.model.ModelBlockDefinition$MissingVariantException
	at net.minecraft.client.renderer.block.model.ModelBlockDefinition.func_188004_c(ModelBlockDefinition.java:78) ~[bpe.class:?]
	at net.minecraftforge.client.model.ModelLoader$VariantLoader.loadModel(ModelLoader.java:1195) ~[ModelLoader$VariantLoader.class:?]
	at net.minecraftforge.client.model.ModelLoaderRegistry.getModel(ModelLoaderRegistry.java:149) ~[ModelLoaderRegistry.class:?]
	... 18 more
[10:23:52] [Client thread/ERROR]: Exception loading model for variant storagedrawersextra:extra_trim_3#meta=13
net.minecraftforge.client.model.ModelLoaderRegistry$LoaderException: Exception loading model storagedrawersextra:extra_trim_3#meta=13 with loader VariantLoader.INSTANCE, skipping
	at net.minecraftforge.client.model.ModelLoaderRegistry.getModel(ModelLoaderRegistry.java:153) ~[ModelLoaderRegistry.class:?]
	at net.minecraftforge.client.model.ModelLoader.func_177569_a(ModelLoader.java:252) ~[ModelLoader.class:?]
	at net.minecraft.client.renderer.block.model.ModelBakery.loadBlock(ModelBakery.java:145) ~[byo.class:?]
	at net.minecraftforge.client.model.ModelLoader.func_188640_b(ModelLoader.java:240) ~[ModelLoader.class:?]
	at net.minecraftforge.client.model.ModelLoader.func_177570_a(ModelLoader.java:71) ~[ModelLoader.class:?]
	at net.minecraft.client.renderer.block.model.ModelManager.func_110549_a(ModelManager.java:28) [byp.class:?]
	at net.minecraft.client.resources.SimpleReloadableResourceManager.func_110544_b(SimpleReloadableResourceManager.java:132) [bxi.class:?]
	at net.minecraft.client.resources.SimpleReloadableResourceManager.func_110541_a(SimpleReloadableResourceManager.java:113) [bxi.class:?]
	at net.minecraft.client.Minecraft.func_110436_a(Minecraft.java:755) [bcx.class:?]
	at net.minecraftforge.fml.client.FMLClientHandler.finishMinecraftLoading(FMLClientHandler.java:350) [FMLClientHandler.class:?]
	at net.minecraft.client.Minecraft.func_71384_a(Minecraft.java:520) [bcx.class:?]
	at net.minecraft.client.Minecraft.func_99999_d(Minecraft.java:351) [bcx.class:?]
	at net.minecraft.client.main.Main.main(SourceFile:124) [Main.class:?]
	at sun.reflect.NativeMethodAccessorImpl.invoke0(Native Method) ~[?:1.8.0_51]
	at sun.reflect.NativeMethodAccessorImpl.invoke(NativeMethodAccessorImpl.java:62) ~[?:1.8.0_51]
	at sun.reflect.DelegatingMethodAccessorImpl.invoke(DelegatingMethodAccessorImpl.java:43) ~[?:1.8.0_51]
	at java.lang.reflect.Method.invoke(Method.java:497) ~[?:1.8.0_51]
	at net.minecraft.launchwrapper.Launch.launch(Launch.java:135) [launchwrapper-1.12.jar:?]
	at net.minecraft.launchwrapper.Launch.main(Launch.java:28) [launchwrapper-1.12.jar:?]
Caused by: net.minecraft.client.renderer.block.model.ModelBlockDefinition$MissingVariantException
	at net.minecraft.client.renderer.block.model.ModelBlockDefinition.func_188004_c(ModelBlockDefinition.java:78) ~[bpe.class:?]
	at net.minecraftforge.client.model.ModelLoader$VariantLoader.loadModel(ModelLoader.java:1195) ~[ModelLoader$VariantLoader.class:?]
	at net.minecraftforge.client.model.ModelLoaderRegistry.getModel(ModelLoaderRegistry.java:149) ~[ModelLoaderRegistry.class:?]
	... 18 more
[10:23:52] [Client thread/ERROR]: Exception loading model for variant storagedrawersextra:extra_trim_3#meta=14
net.minecraftforge.client.model.ModelLoaderRegistry$LoaderException: Exception loading model storagedrawersextra:extra_trim_3#meta=14 with loader VariantLoader.INSTANCE, skipping
	at net.minecraftforge.client.model.ModelLoaderRegistry.getModel(ModelLoaderRegistry.java:153) ~[ModelLoaderRegistry.class:?]
	at net.minecraftforge.client.model.ModelLoader.func_177569_a(ModelLoader.java:252) ~[ModelLoader.class:?]
	at net.minecraft.client.renderer.block.model.ModelBakery.loadBlock(ModelBakery.java:145) ~[byo.class:?]
	at net.minecraftforge.client.model.ModelLoader.func_188640_b(ModelLoader.java:240) ~[ModelLoader.class:?]
	at net.minecraftforge.client.model.ModelLoader.func_177570_a(ModelLoader.java:71) ~[ModelLoader.class:?]
	at net.minecraft.client.renderer.block.model.ModelManager.func_110549_a(ModelManager.java:28) [byp.class:?]
	at net.minecraft.client.resources.SimpleReloadableResourceManager.func_110544_b(SimpleReloadableResourceManager.java:132) [bxi.class:?]
	at net.minecraft.client.resources.SimpleReloadableResourceManager.func_110541_a(SimpleReloadableResourceManager.java:113) [bxi.class:?]
	at net.minecraft.client.Minecraft.func_110436_a(Minecraft.java:755) [bcx.class:?]
	at net.minecraftforge.fml.client.FMLClientHandler.finishMinecraftLoading(FMLClientHandler.java:350) [FMLClientHandler.class:?]
	at net.minecraft.client.Minecraft.func_71384_a(Minecraft.java:520) [bcx.class:?]
	at net.minecraft.client.Minecraft.func_99999_d(Minecraft.java:351) [bcx.class:?]
	at net.minecraft.client.main.Main.main(SourceFile:124) [Main.class:?]
	at sun.reflect.NativeMethodAccessorImpl.invoke0(Native Method) ~[?:1.8.0_51]
	at sun.reflect.NativeMethodAccessorImpl.invoke(NativeMethodAccessorImpl.java:62) ~[?:1.8.0_51]
	at sun.reflect.DelegatingMethodAccessorImpl.invoke(DelegatingMethodAccessorImpl.java:43) ~[?:1.8.0_51]
	at java.lang.reflect.Method.invoke(Method.java:497) ~[?:1.8.0_51]
	at net.minecraft.launchwrapper.Launch.launch(Launch.java:135) [launchwrapper-1.12.jar:?]
	at net.minecraft.launchwrapper.Launch.main(Launch.java:28) [launchwrapper-1.12.jar:?]
Caused by: net.minecraft.client.renderer.block.model.ModelBlockDefinition$MissingVariantException
	at net.minecraft.client.renderer.block.model.ModelBlockDefinition.func_188004_c(ModelBlockDefinition.java:78) ~[bpe.class:?]
	at net.minecraftforge.client.model.ModelLoader$VariantLoader.loadModel(ModelLoader.java:1195) ~[ModelLoader$VariantLoader.class:?]
	at net.minecraftforge.client.model.ModelLoaderRegistry.getModel(ModelLoaderRegistry.java:149) ~[ModelLoaderRegistry.class:?]
	... 18 more
[10:23:52] [Client thread/ERROR]: Exception loading model for variant randomthings:specialBeanStalk#inventory, normal location exception: 
net.minecraftforge.client.model.ModelLoaderRegistry$LoaderException: Exception loading model randomthings:item/specialBeanStalk with loader VanillaLoader.INSTANCE, skipping
	at net.minecraftforge.client.model.ModelLoaderRegistry.getModel(ModelLoaderRegistry.java:153) ~[ModelLoaderRegistry.class:?]
	at net.minecraftforge.client.model.ModelLoader.func_177590_d(ModelLoader.java:328) ~[ModelLoader.class:?]
	at net.minecraft.client.renderer.block.model.ModelBakery.func_177577_b(ModelBakery.java:170) ~[byo.class:?]
	at net.minecraftforge.client.model.ModelLoader.func_177570_a(ModelLoader.java:72) ~[ModelLoader.class:?]
	at net.minecraft.client.renderer.block.model.ModelManager.func_110549_a(ModelManager.java:28) [byp.class:?]
	at net.minecraft.client.resources.SimpleReloadableResourceManager.func_110544_b(SimpleReloadableResourceManager.java:132) [bxi.class:?]
	at net.minecraft.client.resources.SimpleReloadableResourceManager.func_110541_a(SimpleReloadableResourceManager.java:113) [bxi.class:?]
	at net.minecraft.client.Minecraft.func_110436_a(Minecraft.java:755) [bcx.class:?]
	at net.minecraftforge.fml.client.FMLClientHandler.finishMinecraftLoading(FMLClientHandler.java:350) [FMLClientHandler.class:?]
	at net.minecraft.client.Minecraft.func_71384_a(Minecraft.java:520) [bcx.class:?]
	at net.minecraft.client.Minecraft.func_99999_d(Minecraft.java:351) [bcx.class:?]
	at net.minecraft.client.main.Main.main(SourceFile:124) [Main.class:?]
	at sun.reflect.NativeMethodAccessorImpl.invoke0(Native Method) ~[?:1.8.0_51]
	at sun.reflect.NativeMethodAccessorImpl.invoke(NativeMethodAccessorImpl.java:62) ~[?:1.8.0_51]
	at sun.reflect.DelegatingMethodAccessorImpl.invoke(DelegatingMethodAccessorImpl.java:43) ~[?:1.8.0_51]
	at java.lang.reflect.Method.invoke(Method.java:497) ~[?:1.8.0_51]
	at net.minecraft.launchwrapper.Launch.launch(Launch.java:135) [launchwrapper-1.12.jar:?]
	at net.minecraft.launchwrapper.Launch.main(Launch.java:28) [launchwrapper-1.12.jar:?]
Caused by: java.io.FileNotFoundException: randomthings:models/item/specialBeanStalk.json
	at net.minecraft.client.resources.FallbackResourceManager.func_110536_a(FallbackResourceManager.java:68) ~[bww.class:?]
	at net.minecraft.client.resources.SimpleReloadableResourceManager.func_110536_a(SimpleReloadableResourceManager.java:65) ~[bxi.class:?]
	at net.minecraft.client.renderer.block.model.ModelBakery.func_177594_c(ModelBakery.java:311) ~[byo.class:?]
	at net.minecraftforge.client.model.ModelLoader.access$1100(ModelLoader.java:118) ~[ModelLoader.class:?]
	at net.minecraftforge.client.model.ModelLoader$VanillaLoader.loadModel(ModelLoader.java:879) ~[ModelLoader$VanillaLoader.class:?]
	at net.minecraftforge.client.model.ModelLoaderRegistry.getModel(ModelLoaderRegistry.java:149) ~[ModelLoaderRegistry.class:?]
	... 17 more
[10:23:52] [Client thread/ERROR]: Exception loading model for variant randomthings:specialBeanStalk#inventory, blockstate location exception: 
net.minecraftforge.client.model.ModelLoaderRegistry$LoaderException: Exception loading model randomthings:specialBeanStalk#inventory with loader VariantLoader.INSTANCE, skipping
	at net.minecraftforge.client.model.ModelLoaderRegistry.getModel(ModelLoaderRegistry.java:153) ~[ModelLoaderRegistry.class:?]
	at net.minecraftforge.client.model.ModelLoader.func_177590_d(ModelLoader.java:336) ~[ModelLoader.class:?]
	at net.minecraft.client.renderer.block.model.ModelBakery.func_177577_b(ModelBakery.java:170) ~[byo.class:?]
	at net.minecraftforge.client.model.ModelLoader.func_177570_a(ModelLoader.java:72) ~[ModelLoader.class:?]
	at net.minecraft.client.renderer.block.model.ModelManager.func_110549_a(ModelManager.java:28) [byp.class:?]
	at net.minecraft.client.resources.SimpleReloadableResourceManager.func_110544_b(SimpleReloadableResourceManager.java:132) [bxi.class:?]
	at net.minecraft.client.resources.SimpleReloadableResourceManager.func_110541_a(SimpleReloadableResourceManager.java:113) [bxi.class:?]
	at net.minecraft.client.Minecraft.func_110436_a(Minecraft.java:755) [bcx.class:?]
	at net.minecraftforge.fml.client.FMLClientHandler.finishMinecraftLoading(FMLClientHandler.java:350) [FMLClientHandler.class:?]
	at net.minecraft.client.Minecraft.func_71384_a(Minecraft.java:520) [bcx.class:?]
	at net.minecraft.client.Minecraft.func_99999_d(Minecraft.java:351) [bcx.class:?]
	at net.minecraft.client.main.Main.main(SourceFile:124) [Main.class:?]
	at sun.reflect.NativeMethodAccessorImpl.invoke0(Native Method) ~[?:1.8.0_51]
	at sun.reflect.NativeMethodAccessorImpl.invoke(NativeMethodAccessorImpl.java:62) ~[?:1.8.0_51]
	at sun.reflect.DelegatingMethodAccessorImpl.invoke(DelegatingMethodAccessorImpl.java:43) ~[?:1.8.0_51]
	at java.lang.reflect.Method.invoke(Method.java:497) ~[?:1.8.0_51]
	at net.minecraft.launchwrapper.Launch.launch(Launch.java:135) [launchwrapper-1.12.jar:?]
	at net.minecraft.launchwrapper.Launch.main(Launch.java:28) [launchwrapper-1.12.jar:?]
Caused by: net.minecraft.client.renderer.block.model.ModelBlockDefinition$MissingVariantException
	at net.minecraft.client.renderer.block.model.ModelBlockDefinition.func_188004_c(ModelBlockDefinition.java:78) ~[bpe.class:?]
	at net.minecraftforge.client.model.ModelLoader$VariantLoader.loadModel(ModelLoader.java:1195) ~[ModelLoader$VariantLoader.class:?]
	at net.minecraftforge.client.model.ModelLoaderRegistry.getModel(ModelLoaderRegistry.java:149) ~[ModelLoaderRegistry.class:?]
	... 17 more
[10:23:52] [Client thread/ERROR]: Exception loading model for variant omlib:fake_sword#inventory, normal location exception: 
net.minecraftforge.client.model.ModelLoaderRegistry$LoaderException: Exception loading model omlib:item/fake_sword with loader VanillaLoader.INSTANCE, skipping
	at net.minecraftforge.client.model.ModelLoaderRegistry.getModel(ModelLoaderRegistry.java:153) ~[ModelLoaderRegistry.class:?]
	at net.minecraftforge.client.model.ModelLoader.func_177590_d(ModelLoader.java:328) ~[ModelLoader.class:?]
	at net.minecraft.client.renderer.block.model.ModelBakery.func_177577_b(ModelBakery.java:170) ~[byo.class:?]
	at net.minecraftforge.client.model.ModelLoader.func_177570_a(ModelLoader.java:72) ~[ModelLoader.class:?]
	at net.minecraft.client.renderer.block.model.ModelManager.func_110549_a(ModelManager.java:28) [byp.class:?]
	at net.minecraft.client.resources.SimpleReloadableResourceManager.func_110544_b(SimpleReloadableResourceManager.java:132) [bxi.class:?]
	at net.minecraft.client.resources.SimpleReloadableResourceManager.func_110541_a(SimpleReloadableResourceManager.java:113) [bxi.class:?]
	at net.minecraft.client.Minecraft.func_110436_a(Minecraft.java:755) [bcx.class:?]
	at net.minecraftforge.fml.client.FMLClientHandler.finishMinecraftLoading(FMLClientHandler.java:350) [FMLClientHandler.class:?]
	at net.minecraft.client.Minecraft.func_71384_a(Minecraft.java:520) [bcx.class:?]
	at net.minecraft.client.Minecraft.func_99999_d(Minecraft.java:351) [bcx.class:?]
	at net.minecraft.client.main.Main.main(SourceFile:124) [Main.class:?]
	at sun.reflect.NativeMethodAccessorImpl.invoke0(Native Method) ~[?:1.8.0_51]
	at sun.reflect.NativeMethodAccessorImpl.invoke(NativeMethodAccessorImpl.java:62) ~[?:1.8.0_51]
	at sun.reflect.DelegatingMethodAccessorImpl.invoke(DelegatingMethodAccessorImpl.java:43) ~[?:1.8.0_51]
	at java.lang.reflect.Method.invoke(Method.java:497) ~[?:1.8.0_51]
	at net.minecraft.launchwrapper.Launch.launch(Launch.java:135) [launchwrapper-1.12.jar:?]
	at net.minecraft.launchwrapper.Launch.main(Launch.java:28) [launchwrapper-1.12.jar:?]
Caused by: java.io.FileNotFoundException: omlib:models/item/fake_sword.json
	at net.minecraft.client.resources.FallbackResourceManager.func_110536_a(FallbackResourceManager.java:68) ~[bww.class:?]
	at net.minecraft.client.resources.SimpleReloadableResourceManager.func_110536_a(SimpleReloadableResourceManager.java:65) ~[bxi.class:?]
	at net.minecraft.client.renderer.block.model.ModelBakery.func_177594_c(ModelBakery.java:311) ~[byo.class:?]
	at net.minecraftforge.client.model.ModelLoader.access$1100(ModelLoader.java:118) ~[ModelLoader.class:?]
	at net.minecraftforge.client.model.ModelLoader$VanillaLoader.loadModel(ModelLoader.java:879) ~[ModelLoader$VanillaLoader.class:?]
	at net.minecraftforge.client.model.ModelLoaderRegistry.getModel(ModelLoaderRegistry.java:149) ~[ModelLoaderRegistry.class:?]
	... 17 more
[10:23:52] [Client thread/ERROR]: Exception loading model for variant omlib:fake_sword#inventory, blockstate location exception: 
net.minecraftforge.client.model.ModelLoaderRegistry$LoaderException: Exception loading model omlib:fake_sword#inventory with loader VariantLoader.INSTANCE, skipping
	at net.minecraftforge.client.model.ModelLoaderRegistry.getModel(ModelLoaderRegistry.java:153) ~[ModelLoaderRegistry.class:?]
	at net.minecraftforge.client.model.ModelLoader.func_177590_d(ModelLoader.java:336) ~[ModelLoader.class:?]
	at net.minecraft.client.renderer.block.model.ModelBakery.func_177577_b(ModelBakery.java:170) ~[byo.class:?]
	at net.minecraftforge.client.model.ModelLoader.func_177570_a(ModelLoader.java:72) ~[ModelLoader.class:?]
	at net.minecraft.client.renderer.block.model.ModelManager.func_110549_a(ModelManager.java:28) [byp.class:?]
	at net.minecraft.client.resources.SimpleReloadableResourceManager.func_110544_b(SimpleReloadableResourceManager.java:132) [bxi.class:?]
	at net.minecraft.client.resources.SimpleReloadableResourceManager.func_110541_a(SimpleReloadableResourceManager.java:113) [bxi.class:?]
	at net.minecraft.client.Minecraft.func_110436_a(Minecraft.java:755) [bcx.class:?]
	at net.minecraftforge.fml.client.FMLClientHandler.finishMinecraftLoading(FMLClientHandler.java:350) [FMLClientHandler.class:?]
	at net.minecraft.client.Minecraft.func_71384_a(Minecraft.java:520) [bcx.class:?]
	at net.minecraft.client.Minecraft.func_99999_d(Minecraft.java:351) [bcx.class:?]
	at net.minecraft.client.main.Main.main(SourceFile:124) [Main.class:?]
	at sun.reflect.NativeMethodAccessorImpl.invoke0(Native Method) ~[?:1.8.0_51]
	at sun.reflect.NativeMethodAccessorImpl.invoke(NativeMethodAccessorImpl.java:62) ~[?:1.8.0_51]
	at sun.reflect.DelegatingMethodAccessorImpl.invoke(DelegatingMethodAccessorImpl.java:43) ~[?:1.8.0_51]
	at java.lang.reflect.Method.invoke(Method.java:497) ~[?:1.8.0_51]
	at net.minecraft.launchwrapper.Launch.launch(Launch.java:135) [launchwrapper-1.12.jar:?]
	at net.minecraft.launchwrapper.Launch.main(Launch.java:28) [launchwrapper-1.12.jar:?]
Caused by: net.minecraft.client.renderer.block.model.ModelBlockDefinition$MissingVariantException
	at net.minecraft.client.renderer.block.model.ModelBlockDefinition.func_188004_c(ModelBlockDefinition.java:78) ~[bpe.class:?]
	at net.minecraftforge.client.model.ModelLoader$VariantLoader.loadModel(ModelLoader.java:1195) ~[ModelLoader$VariantLoader.class:?]
	at net.minecraftforge.client.model.ModelLoaderRegistry.getModel(ModelLoaderRegistry.java:149) ~[ModelLoaderRegistry.class:?]
	... 17 more
[10:23:52] [Client thread/ERROR]: Exception loading model for variant avaritia:block_resource#inventory, normal location exception: 
net.minecraftforge.client.model.ModelLoaderRegistry$LoaderException: Exception loading model avaritia:item/block_resource with loader VanillaLoader.INSTANCE, skipping
	at net.minecraftforge.client.model.ModelLoaderRegistry.getModel(ModelLoaderRegistry.java:153) ~[ModelLoaderRegistry.class:?]
	at net.minecraftforge.client.model.ModelLoader.func_177590_d(ModelLoader.java:328) ~[ModelLoader.class:?]
	at net.minecraft.client.renderer.block.model.ModelBakery.func_177577_b(ModelBakery.java:170) ~[byo.class:?]
	at net.minecraftforge.client.model.ModelLoader.func_177570_a(ModelLoader.java:72) ~[ModelLoader.class:?]
	at net.minecraft.client.renderer.block.model.ModelManager.func_110549_a(ModelManager.java:28) [byp.class:?]
	at net.minecraft.client.resources.SimpleReloadableResourceManager.func_110544_b(SimpleReloadableResourceManager.java:132) [bxi.class:?]
	at net.minecraft.client.resources.SimpleReloadableResourceManager.func_110541_a(SimpleReloadableResourceManager.java:113) [bxi.class:?]
	at net.minecraft.client.Minecraft.func_110436_a(Minecraft.java:755) [bcx.class:?]
	at net.minecraftforge.fml.client.FMLClientHandler.finishMinecraftLoading(FMLClientHandler.java:350) [FMLClientHandler.class:?]
	at net.minecraft.client.Minecraft.func_71384_a(Minecraft.java:520) [bcx.class:?]
	at net.minecraft.client.Minecraft.func_99999_d(Minecraft.java:351) [bcx.class:?]
	at net.minecraft.client.main.Main.main(SourceFile:124) [Main.class:?]
	at sun.reflect.NativeMethodAccessorImpl.invoke0(Native Method) ~[?:1.8.0_51]
	at sun.reflect.NativeMethodAccessorImpl.invoke(NativeMethodAccessorImpl.java:62) ~[?:1.8.0_51]
	at sun.reflect.DelegatingMethodAccessorImpl.invoke(DelegatingMethodAccessorImpl.java:43) ~[?:1.8.0_51]
	at java.lang.reflect.Method.invoke(Method.java:497) ~[?:1.8.0_51]
	at net.minecraft.launchwrapper.Launch.launch(Launch.java:135) [launchwrapper-1.12.jar:?]
	at net.minecraft.launchwrapper.Launch.main(Launch.java:28) [launchwrapper-1.12.jar:?]
Caused by: java.io.FileNotFoundException: avaritia:models/item/block_resource.json
	at net.minecraft.client.resources.FallbackResourceManager.func_110536_a(FallbackResourceManager.java:68) ~[bww.class:?]
	at net.minecraft.client.resources.SimpleReloadableResourceManager.func_110536_a(SimpleReloadableResourceManager.java:65) ~[bxi.class:?]
	at net.minecraft.client.renderer.block.model.ModelBakery.func_177594_c(ModelBakery.java:311) ~[byo.class:?]
	at net.minecraftforge.client.model.ModelLoader.access$1100(ModelLoader.java:118) ~[ModelLoader.class:?]
	at net.minecraftforge.client.model.ModelLoader$VanillaLoader.loadModel(ModelLoader.java:879) ~[ModelLoader$VanillaLoader.class:?]
	at net.minecraftforge.client.model.ModelLoaderRegistry.getModel(ModelLoaderRegistry.java:149) ~[ModelLoaderRegistry.class:?]
	... 17 more
[10:23:52] [Client thread/ERROR]: Exception loading model for variant avaritia:block_resource#inventory, blockstate location exception: 
net.minecraftforge.client.model.ModelLoaderRegistry$LoaderException: Exception loading model avaritia:block_resource#inventory with loader VariantLoader.INSTANCE, skipping
	at net.minecraftforge.client.model.ModelLoaderRegistry.getModel(ModelLoaderRegistry.java:153) ~[ModelLoaderRegistry.class:?]
	at net.minecraftforge.client.model.ModelLoader.func_177590_d(ModelLoader.java:336) ~[ModelLoader.class:?]
	at net.minecraft.client.renderer.block.model.ModelBakery.func_177577_b(ModelBakery.java:170) ~[byo.class:?]
	at net.minecraftforge.client.model.ModelLoader.func_177570_a(ModelLoader.java:72) ~[ModelLoader.class:?]
	at net.minecraft.client.renderer.block.model.ModelManager.func_110549_a(ModelManager.java:28) [byp.class:?]
	at net.minecraft.client.resources.SimpleReloadableResourceManager.func_110544_b(SimpleReloadableResourceManager.java:132) [bxi.class:?]
	at net.minecraft.client.resources.SimpleReloadableResourceManager.func_110541_a(SimpleReloadableResourceManager.java:113) [bxi.class:?]
	at net.minecraft.client.Minecraft.func_110436_a(Minecraft.java:755) [bcx.class:?]
	at net.minecraftforge.fml.client.FMLClientHandler.finishMinecraftLoading(FMLClientHandler.java:350) [FMLClientHandler.class:?]
	at net.minecraft.client.Minecraft.func_71384_a(Minecraft.java:520) [bcx.class:?]
	at net.minecraft.client.Minecraft.func_99999_d(Minecraft.java:351) [bcx.class:?]
	at net.minecraft.client.main.Main.main(SourceFile:124) [Main.class:?]
	at sun.reflect.NativeMethodAccessorImpl.invoke0(Native Method) ~[?:1.8.0_51]
	at sun.reflect.NativeMethodAccessorImpl.invoke(NativeMethodAccessorImpl.java:62) ~[?:1.8.0_51]
	at sun.reflect.DelegatingMethodAccessorImpl.invoke(DelegatingMethodAccessorImpl.java:43) ~[?:1.8.0_51]
	at java.lang.reflect.Method.invoke(Method.java:497) ~[?:1.8.0_51]
	at net.minecraft.launchwrapper.Launch.launch(Launch.java:135) [launchwrapper-1.12.jar:?]
	at net.minecraft.launchwrapper.Launch.main(Launch.java:28) [launchwrapper-1.12.jar:?]
Caused by: net.minecraft.client.renderer.block.model.ModelBlockDefinition$MissingVariantException
	at net.minecraft.client.renderer.block.model.ModelBlockDefinition.func_188004_c(ModelBlockDefinition.java:78) ~[bpe.class:?]
	at net.minecraftforge.client.model.ModelLoader$VariantLoader.loadModel(ModelLoader.java:1195) ~[ModelLoader$VariantLoader.class:?]
	at net.minecraftforge.client.model.ModelLoaderRegistry.getModel(ModelLoaderRegistry.java:149) ~[ModelLoaderRegistry.class:?]
	... 17 more
[10:23:52] [Client thread/ERROR]: Exception loading model for variant avaritia:infinity_bow#inventory, normal location exception: 
net.minecraftforge.client.model.ModelLoaderRegistry$LoaderException: Exception loading model avaritia:item/infinity_bow with loader VanillaLoader.INSTANCE, skipping
	at net.minecraftforge.client.model.ModelLoaderRegistry.getModel(ModelLoaderRegistry.java:153) ~[ModelLoaderRegistry.class:?]
	at net.minecraftforge.client.model.ModelLoader.func_177590_d(ModelLoader.java:328) ~[ModelLoader.class:?]
	at net.minecraft.client.renderer.block.model.ModelBakery.func_177577_b(ModelBakery.java:170) ~[byo.class:?]
	at net.minecraftforge.client.model.ModelLoader.func_177570_a(ModelLoader.java:72) ~[ModelLoader.class:?]
	at net.minecraft.client.renderer.block.model.ModelManager.func_110549_a(ModelManager.java:28) [byp.class:?]
	at net.minecraft.client.resources.SimpleReloadableResourceManager.func_110544_b(SimpleReloadableResourceManager.java:132) [bxi.class:?]
	at net.minecraft.client.resources.SimpleReloadableResourceManager.func_110541_a(SimpleReloadableResourceManager.java:113) [bxi.class:?]
	at net.minecraft.client.Minecraft.func_110436_a(Minecraft.java:755) [bcx.class:?]
	at net.minecraftforge.fml.client.FMLClientHandler.finishMinecraftLoading(FMLClientHandler.java:350) [FMLClientHandler.class:?]
	at net.minecraft.client.Minecraft.func_71384_a(Minecraft.java:520) [bcx.class:?]
	at net.minecraft.client.Minecraft.func_99999_d(Minecraft.java:351) [bcx.class:?]
	at net.minecraft.client.main.Main.main(SourceFile:124) [Main.class:?]
	at sun.reflect.NativeMethodAccessorImpl.invoke0(Native Method) ~[?:1.8.0_51]
	at sun.reflect.NativeMethodAccessorImpl.invoke(NativeMethodAccessorImpl.java:62) ~[?:1.8.0_51]
	at sun.reflect.DelegatingMethodAccessorImpl.invoke(DelegatingMethodAccessorImpl.java:43) ~[?:1.8.0_51]
	at java.lang.reflect.Method.invoke(Method.java:497) ~[?:1.8.0_51]
	at net.minecraft.launchwrapper.Launch.launch(Launch.java:135) [launchwrapper-1.12.jar:?]
	at net.minecraft.launchwrapper.Launch.main(Launch.java:28) [launchwrapper-1.12.jar:?]
Caused by: java.io.FileNotFoundException: avaritia:models/item/infinity_bow.json
	at net.minecraft.client.resources.FallbackResourceManager.func_110536_a(FallbackResourceManager.java:68) ~[bww.class:?]
	at net.minecraft.client.resources.SimpleReloadableResourceManager.func_110536_a(SimpleReloadableResourceManager.java:65) ~[bxi.class:?]
	at net.minecraft.client.renderer.block.model.ModelBakery.func_177594_c(ModelBakery.java:311) ~[byo.class:?]
	at net.minecraftforge.client.model.ModelLoader.access$1100(ModelLoader.java:118) ~[ModelLoader.class:?]
	at net.minecraftforge.client.model.ModelLoader$VanillaLoader.loadModel(ModelLoader.java:879) ~[ModelLoader$VanillaLoader.class:?]
	at net.minecraftforge.client.model.ModelLoaderRegistry.getModel(ModelLoaderRegistry.java:149) ~[ModelLoaderRegistry.class:?]
	... 17 more
[10:23:52] [Client thread/ERROR]: Exception loading model for variant avaritia:infinity_bow#inventory, blockstate location exception: 
net.minecraftforge.client.model.ModelLoaderRegistry$LoaderException: Exception loading model avaritia:infinity_bow#inventory with loader VariantLoader.INSTANCE, skipping
	at net.minecraftforge.client.model.ModelLoaderRegistry.getModel(ModelLoaderRegistry.java:153) ~[ModelLoaderRegistry.class:?]
	at net.minecraftforge.client.model.ModelLoader.func_177590_d(ModelLoader.java:336) ~[ModelLoader.class:?]
	at net.minecraft.client.renderer.block.model.ModelBakery.func_177577_b(ModelBakery.java:170) ~[byo.class:?]
	at net.minecraftforge.client.model.ModelLoader.func_177570_a(ModelLoader.java:72) ~[ModelLoader.class:?]
	at net.minecraft.client.renderer.block.model.ModelManager.func_110549_a(ModelManager.java:28) [byp.class:?]
	at net.minecraft.client.resources.SimpleReloadableResourceManager.func_110544_b(SimpleReloadableResourceManager.java:132) [bxi.class:?]
	at net.minecraft.client.resources.SimpleReloadableResourceManager.func_110541_a(SimpleReloadableResourceManager.java:113) [bxi.class:?]
	at net.minecraft.client.Minecraft.func_110436_a(Minecraft.java:755) [bcx.class:?]
	at net.minecraftforge.fml.client.FMLClientHandler.finishMinecraftLoading(FMLClientHandler.java:350) [FMLClientHandler.class:?]
	at net.minecraft.client.Minecraft.func_71384_a(Minecraft.java:520) [bcx.class:?]
	at net.minecraft.client.Minecraft.func_99999_d(Minecraft.java:351) [bcx.class:?]
	at net.minecraft.client.main.Main.main(SourceFile:124) [Main.class:?]
	at sun.reflect.NativeMethodAccessorImpl.invoke0(Native Method) ~[?:1.8.0_51]
	at sun.reflect.NativeMethodAccessorImpl.invoke(NativeMethodAccessorImpl.java:62) ~[?:1.8.0_51]
	at sun.reflect.DelegatingMethodAccessorImpl.invoke(DelegatingMethodAccessorImpl.java:43) ~[?:1.8.0_51]
	at java.lang.reflect.Method.invoke(Method.java:497) ~[?:1.8.0_51]
	at net.minecraft.launchwrapper.Launch.launch(Launch.java:135) [launchwrapper-1.12.jar:?]
	at net.minecraft.launchwrapper.Launch.main(Launch.java:28) [launchwrapper-1.12.jar:?]
Caused by: net.minecraft.client.renderer.block.model.ModelBlockDefinition$MissingVariantException
	at net.minecraft.client.renderer.block.model.ModelBlockDefinition.func_188004_c(ModelBlockDefinition.java:78) ~[bpe.class:?]
	at net.minecraftforge.client.model.ModelLoader$VariantLoader.loadModel(ModelLoader.java:1195) ~[ModelLoader$VariantLoader.class:?]
	at net.minecraftforge.client.model.ModelLoaderRegistry.getModel(ModelLoaderRegistry.java:149) ~[ModelLoaderRegistry.class:?]
	... 17 more
[10:23:52] [Client thread/ERROR]: Exception loading model for variant tconstruct:fluid_block#quartzenrichediron
net.minecraftforge.client.model.ModelLoaderRegistry$LoaderException: Exception loading model tconstruct:fluid_block#quartzenrichediron with loader VariantLoader.INSTANCE, skipping
	at net.minecraftforge.client.model.ModelLoaderRegistry.getModel(ModelLoaderRegistry.java:153) ~[ModelLoaderRegistry.class:?]
	at net.minecraftforge.client.model.ModelLoader.func_177569_a(ModelLoader.java:252) ~[ModelLoader.class:?]
	at net.minecraft.client.renderer.block.model.ModelBakery.loadBlock(ModelBakery.java:145) ~[byo.class:?]
	at net.minecraftforge.client.model.ModelLoader.func_188640_b(ModelLoader.java:240) ~[ModelLoader.class:?]
	at net.minecraftforge.client.model.ModelLoader.func_177570_a(ModelLoader.java:71) ~[ModelLoader.class:?]
	at net.minecraft.client.renderer.block.model.ModelManager.func_110549_a(ModelManager.java:28) [byp.class:?]
	at net.minecraft.client.resources.SimpleReloadableResourceManager.func_110544_b(SimpleReloadableResourceManager.java:132) [bxi.class:?]
	at net.minecraft.client.resources.SimpleReloadableResourceManager.func_110541_a(SimpleReloadableResourceManager.java:113) [bxi.class:?]
	at net.minecraft.client.Minecraft.func_110436_a(Minecraft.java:755) [bcx.class:?]
	at net.minecraftforge.fml.client.FMLClientHandler.finishMinecraftLoading(FMLClientHandler.java:350) [FMLClientHandler.class:?]
	at net.minecraft.client.Minecraft.func_71384_a(Minecraft.java:520) [bcx.class:?]
	at net.minecraft.client.Minecraft.func_99999_d(Minecraft.java:351) [bcx.class:?]
	at net.minecraft.client.main.Main.main(SourceFile:124) [Main.class:?]
	at sun.reflect.NativeMethodAccessorImpl.invoke0(Native Method) ~[?:1.8.0_51]
	at sun.reflect.NativeMethodAccessorImpl.invoke(NativeMethodAccessorImpl.java:62) ~[?:1.8.0_51]
	at sun.reflect.DelegatingMethodAccessorImpl.invoke(DelegatingMethodAccessorImpl.java:43) ~[?:1.8.0_51]
	at java.lang.reflect.Method.invoke(Method.java:497) ~[?:1.8.0_51]
	at net.minecraft.launchwrapper.Launch.launch(Launch.java:135) [launchwrapper-1.12.jar:?]
	at net.minecraft.launchwrapper.Launch.main(Launch.java:28) [launchwrapper-1.12.jar:?]
Caused by: net.minecraft.client.renderer.block.model.ModelBlockDefinition$MissingVariantException
	at net.minecraft.client.renderer.block.model.ModelBlockDefinition.func_188004_c(ModelBlockDefinition.java:78) ~[bpe.class:?]
	at net.minecraftforge.client.model.ModelLoader$VariantLoader.loadModel(ModelLoader.java:1195) ~[ModelLoader$VariantLoader.class:?]
	at net.minecraftforge.client.model.ModelLoaderRegistry.getModel(ModelLoaderRegistry.java:149) ~[ModelLoaderRegistry.class:?]
	... 18 more
[10:23:52] [Client thread/ERROR]: Suppressed additional 235 model loading errors for domain harvestcraft
[10:23:52] [Client thread/ERROR]: Suppressed additional 21 model loading errors for domain immersiveengineering
[10:23:52] [Client thread/ERROR]: Suppressed additional 85 model loading errors for domain openmodularturrets
[10:23:52] [Client thread/ERROR]: Suppressed additional 1 model loading errors for domain storagedrawersextra
[10:23:57] [Client thread/ERROR]: +=+=+=+=+=+=+=+=+=+=+=+=+=+=+=+=+=+=+=+=+=+=+=+=+=
[10:23:57] [Client thread/ERROR]: The following texture errors were found.
[10:23:57] [Client thread/ERROR]: ==================================================
[10:23:57] [Client thread/ERROR]:   DOMAIN minecraft
[10:23:57] [Client thread/ERROR]: --------------------------------------------------
[10:23:57] [Client thread/ERROR]:   domain minecraft is missing 1 texture
[10:23:57] [Client thread/ERROR]:     domain minecraft has 11 locations:
[10:23:57] [Client thread/ERROR]:       unknown resourcepack type net.minecraft.client.resources.DefaultResourcePack : Default
[10:23:57] [Client thread/ERROR]:       mod actuallyadditions resources at D:\Legacy Launcher\Forever Stranded\mods\ActuallyAdditions-1.10.2-r105.jar
[10:23:57] [Client thread/ERROR]:       mod darkutils resources at D:\Legacy Launcher\Forever Stranded\mods\DarkUtilities-1.1.8.finalrc2.jar
[10:23:57] [Client thread/ERROR]:       mod extrautils2 resources at D:\Legacy Launcher\Forever Stranded\mods\extrautils2-1.10.2-1.9.9.jar
[10:23:57] [Client thread/ERROR]:       mod immersiveengineering resources at D:\Legacy Launcher\Forever Stranded\mods\ImmersiveEngineering-0.10-61.jar
[10:23:57] [Client thread/ERROR]:       mod IC2 resources at D:\Legacy Launcher\Forever Stranded\mods\industrialcraft-2-2.6.252-ex110.jar
[10:23:57] [Client thread/ERROR]:       mod journeymap resources at D:\Legacy Launcher\Forever Stranded\mods\journeymap-1.10.2-5.5.2.jar
[10:23:57] [Client thread/ERROR]:       mod Quark resources at D:\Legacy Launcher\Forever Stranded\mods\Quark-r1.1-70.jar
[10:23:57] [Client thread/ERROR]:       mod valkyrielib resources at D:\Legacy Launcher\Forever Stranded\mods\valkyrielib-1.10.2-0.10.6.jar
[10:23:57] [Client thread/ERROR]:       unknown resourcepack type com.tterrag.blur.util.ShaderResourcePack : Blur dummy resource pack
[10:23:57] [Client thread/ERROR]:       resource pack at path D:\Legacy Launcher\Forever Stranded\mods\Quark-r1.1-70.jar
[10:23:57] [Client thread/ERROR]: -------------------------
[10:23:57] [Client thread/ERROR]:     The missing resources for domain minecraft are:
[10:23:57] [Client thread/ERROR]:       textures/.png
[10:23:57] [Client thread/ERROR]: -------------------------
[10:23:57] [Client thread/ERROR]:     No other errors exist for domain minecraft
[10:23:57] [Client thread/ERROR]: ==================================================
[10:23:57] [Client thread/ERROR]: ==================================================
[10:23:57] [Client thread/ERROR]:   DOMAIN extrautils2
[10:23:57] [Client thread/ERROR]: --------------------------------------------------
[10:23:57] [Client thread/ERROR]:   domain extrautils2 is missing 2 textures
[10:23:57] [Client thread/ERROR]:     domain extrautils2 has 1 location:
[10:23:57] [Client thread/ERROR]:       mod extrautils2 resources at D:\Legacy Launcher\Forever Stranded\mods\extrautils2-1.10.2-1.9.9.jar
[10:23:57] [Client thread/ERROR]: -------------------------
[10:23:57] [Client thread/ERROR]:     The missing resources for domain extrautils2 are:
[10:23:57] [Client thread/ERROR]:       textures/xu_demonic_metal.png
[10:23:57] [Client thread/ERROR]:       textures/potions/purging.png
[10:23:57] [Client thread/ERROR]: -------------------------
[10:23:57] [Client thread/ERROR]:     No other errors exist for domain extrautils2
[10:23:57] [Client thread/ERROR]: ==================================================
[10:23:57] [Client thread/ERROR]: ==================================================
[10:23:57] [Client thread/ERROR]:   DOMAIN harvestcraft
[10:23:57] [Client thread/ERROR]: --------------------------------------------------
[10:23:57] [Client thread/ERROR]:   domain harvestcraft is missing 15 textures
[10:23:57] [Client thread/ERROR]:     domain harvestcraft has 1 location:
[10:23:57] [Client thread/ERROR]:       mod harvestcraft resources at D:\Legacy Launcher\Forever Stranded\mods\Pam's HarvestCraft 1.10.2j.jar
[10:23:57] [Client thread/ERROR]: -------------------------
[10:23:57] [Client thread/ERROR]:     The missing resources for domain harvestcraft are:
[10:23:57] [Client thread/ERROR]:       textures/blocks/candleDeco11.png
[10:23:57] [Client thread/ERROR]:       textures/blocks/candleDeco16.png
[10:23:57] [Client thread/ERROR]:       textures/blocks/candleDeco8.png
[10:23:57] [Client thread/ERROR]:       textures/blocks/candleDeco3.png
[10:23:57] [Client thread/ERROR]:       textures/blocks/candleDeco5.png
[10:23:57] [Client thread/ERROR]:       textures/blocks/candleDeco14.png
[10:23:57] [Client thread/ERROR]:       textures/blocks/candleDeco7.png
[10:23:57] [Client thread/ERROR]:       textures/blocks/candleDeco10.png
[10:23:57] [Client thread/ERROR]:       textures/blocks/candleDeco12.png
[10:23:57] [Client thread/ERROR]:       textures/blocks/candleDeco4.png
[10:23:57] [Client thread/ERROR]:       textures/blocks/candleDeco9.png
[10:23:57] [Client thread/ERROR]:       textures/blocks/candleDeco2.png
[10:23:57] [Client thread/ERROR]:       textures/blocks/candleDeco6.png
[10:23:57] [Client thread/ERROR]:       textures/blocks/candleDeco15.png
[10:23:57] [Client thread/ERROR]:       textures/blocks/candleDeco13.png
[10:23:57] [Client thread/ERROR]: -------------------------
[10:23:57] [Client thread/ERROR]:     No other errors exist for domain harvestcraft
[10:23:57] [Client thread/ERROR]: ==================================================
[10:23:57] [Client thread/ERROR]: ==================================================
[10:23:57] [Client thread/ERROR]:   DOMAIN exnihiloomnia
[10:23:57] [Client thread/ERROR]: --------------------------------------------------
[10:23:57] [Client thread/ERROR]:   domain exnihiloomnia is missing 1 texture
[10:23:57] [Client thread/ERROR]:     domain exnihiloomnia is missing a resource manager - it is probably a side-effect of automatic texture processing
[10:23:57] [Client thread/ERROR]: -------------------------
[10:23:57] [Client thread/ERROR]:     The missing resources for domain exnihiloomnia are:
[10:23:57] [Client thread/ERROR]:       textures/items/hammer_diamond.png
[10:23:57] [Client thread/ERROR]: -------------------------
[10:23:57] [Client thread/ERROR]:     No other errors exist for domain exnihiloomnia
[10:23:57] [Client thread/ERROR]: ==================================================
[10:23:57] [Client thread/ERROR]: ==================================================
[10:23:57] [Client thread/ERROR]:   DOMAIN chisel
[10:23:57] [Client thread/ERROR]: --------------------------------------------------
[10:23:57] [Client thread/ERROR]:   domain chisel is missing 1 texture
[10:23:57] [Client thread/ERROR]:     domain chisel has 1 location:
[10:23:57] [Client thread/ERROR]:       mod chisel resources at D:\Legacy Launcher\Forever Stranded\mods\Chisel-MC1.10.2-0.2.1.47.jar
[10:23:57] [Client thread/ERROR]: -------------------------
[10:23:57] [Client thread/ERROR]:     The missing resources for domain chisel are:
[10:23:57] [Client thread/ERROR]:       textures/blocks/futura/controllerpurple.png
[10:23:57] [Client thread/ERROR]: -------------------------
[10:23:57] [Client thread/ERROR]:     No other errors exist for domain chisel
[10:23:57] [Client thread/ERROR]: ==================================================
[10:23:57] [Client thread/ERROR]: +=+=+=+=+=+=+=+=+=+=+=+=+=+=+=+=+=+=+=+=+=+=+=+=+=
[10:23:58] [Client thread/INFO]: Checking Doc Versions
[10:23:59] [Client thread/INFO]: Color palette file generated for 0 blockstates in 23ms for: D:\Legacy Launcher\Forever Stranded\journeymap\colorpalette.json
[10:23:59] [Client thread/INFO]: Updated color palette for 1382 blockstates in 283ms: D:\Legacy Launcher\Forever Stranded\journeymap\colorpalette.json
[10:24:05] [Client thread/INFO]: No need to load MCP mappings. We're in obfuscated environment.
[10:24:07] [Client thread/INFO]: InvTweaks: successfully transformed setFocused/func_146195_b
[10:24:09] [Client thread/INFO]: Environment: ElyEnvironment[name=ely,authHost=https://authserver.ely.by/auth,accountsHost=https://account.ely.by/api/mojang,sessionHost=https://account.ely.by/api/minecraft/session,servicesHost=<null>]
[10:24:09] [Server thread/INFO]: Starting integrated minecraft server version 1.10.2
[10:24:09] [Server thread/INFO]: Generating keypair
[10:24:09] [Server thread/INFO]: Injecting existing block and item data into this server instance
[10:24:09] [Server thread/INFO]: Found a missing id from the world exnihiloomnia:ore_gravel
[10:24:09] [Server thread/INFO]: Found a missing id from the world exnihiloomnia:barrel_stone
[10:24:09] [Server thread/INFO]: Found a missing id from the world exnihiloomnia:crucible
[10:24:09] [Server thread/INFO]: Found a missing id from the world cyberware:blueprintArchive
[10:24:09] [Server thread/INFO]: Found a missing id from the world machpcraft2:machinery.nuclear_reactor
[10:24:09] [Server thread/INFO]: Found a missing id from the world cyberware:surgery
[10:24:09] [Server thread/INFO]: Found a missing id from the world machpcraft2:tin_ore
[10:24:09] [Server thread/INFO]: Found a missing id from the world exnihiloomnia:witchwater
[10:24:09] [Server thread/INFO]: Found a missing id from the world exnihiloomnia:gravel_nether
[10:24:09] [Server thread/INFO]: Found a missing id from the world cyberware:beacon
[10:24:09] [Server thread/INFO]: Found a missing id from the world cyberware:beaconLarge
[10:24:09] [Server thread/INFO]: Found a missing id from the world enderio:fluidEnder
[10:24:09] [Server thread/INFO]: Found a missing id from the world tp:DirtyGlass
[10:24:09] [Server thread/INFO]: Found a missing id from the world machpcraft2:machinery.ender_port
[10:24:09] [Server thread/INFO]: Found a missing id from the world exnihiloomnia:barrel_wood
[10:24:09] [Server thread/INFO]: Found a missing id from the world tp:CharcoalBlock
[10:24:09] [Server thread/INFO]: Found a missing id from the world tp:ReinforcedObsidian
[10:24:09] [Server thread/INFO]: Found a missing id from the world machpcraft2:blast_furnace_bricks
[10:24:09] [Server thread/INFO]: Found a missing id from the world machpcraft2:item_pipe
[10:24:09] [Server thread/INFO]: Found a missing id from the world exnihiloomnia:gravel_ender
[10:24:09] [Server thread/INFO]: Found a missing id from the world exnihiloomnia:silver
[10:24:09] [Server thread/INFO]: Found a missing id from the world cyberware:scanner
[10:24:09] [Server thread/INFO]: Found a missing id from the world tp:FlintBlock
[10:24:09] [Server thread/INFO]: Found a missing id from the world exnihiloomnia:bee_trap_treated
[10:24:09] [Server thread/INFO]: Found a missing id from the world environmentaltech:chunk_loader_basic
[10:24:09] [Server thread/INFO]: Found a missing id from the world machpcraft2:ruby_ore
[10:24:09] [Server thread/INFO]: Found a missing id from the world tp:StoneTorch
[10:24:09] [Server thread/INFO]: Found a missing id from the world tp:FleshBlock
[10:24:09] [Server thread/INFO]: Found a missing id from the world exnihiloomnia:lead
[10:24:09] [Server thread/INFO]: Found a missing id from the world machpcraft2:machinery.quarry
[10:24:09] [Server thread/INFO]: Found a missing id from the world exnihiloomnia:copper
[10:24:09] [Server thread/INFO]: Found a missing id from the world exnihiloomnia:tin
[10:24:09] [Server thread/INFO]: Found a missing id from the world exnihiloomnia:gold
[10:24:09] [Server thread/INFO]: Found a missing id from the world machpcraft2:machinery.machine_block
[10:24:09] [Server thread/INFO]: Found a missing id from the world supercraftingframe:super_teleportation_frame
[10:24:09] [Server thread/INFO]: Found a missing id from the world machpcraft2:router
[10:24:09] [Server thread/INFO]: Found a missing id from the world tp:NetherStarBlock
[10:24:09] [Server thread/INFO]: Found a missing id from the world flatcoloredblocks:flatcoloredblock_glowing0_3
[10:24:09] [Server thread/INFO]: Found a missing id from the world flatcoloredblocks:flatcoloredblock_glowing0_2
[10:24:09] [Server thread/INFO]: Found a missing id from the world flatcoloredblocks:flatcoloredblock_glowing0_1
[10:24:09] [Server thread/INFO]: Found a missing id from the world exnihiloomnia:ore_sand
[10:24:09] [Server thread/INFO]: Found a missing id from the world flatcoloredblocks:flatcoloredblock_glowing0_0
[10:24:09] [Server thread/INFO]: Found a missing id from the world flatcoloredblocks:flatcoloredblock_glowing0_7
[10:24:09] [Server thread/INFO]: Found a missing id from the world flatcoloredblocks:flatcoloredblock_glowing0_6
[10:24:09] [Server thread/INFO]: Found a missing id from the world flatcoloredblocks:flatcoloredblock_glowing0_5
[10:24:09] [Server thread/INFO]: Found a missing id from the world flatcoloredblocks:flatcoloredblock_glowing0_4
[10:24:09] [Server thread/INFO]: Found a missing id from the world monsteranddungeons:BlockRotten
[10:24:09] [Server thread/INFO]: Found a missing id from the world flatcoloredblocks:flatcoloredblock_glowing0_9
[10:24:09] [Server thread/INFO]: Found a missing id from the world flatcoloredblocks:flatcoloredblock_glowing0_8
[10:24:09] [Server thread/INFO]: Found a missing id from the world cyberware:charger
[10:24:09] [Server thread/INFO]: Found a missing id from the world machpcraft2:machinery.machine_assembler
[10:24:09] [Server thread/INFO]: Found a missing id from the world machpcraft2:silver_ore
[10:24:09] [Server thread/INFO]: Found a missing id from the world exnihiloomnia:chorus_sprout
[10:24:09] [Server thread/INFO]: Found a missing id from the world exnihiloomnia:ore_gravel_nether
[10:24:09] [Server thread/INFO]: Found a missing id from the world tp:SmoothEndStone
[10:24:09] [Server thread/INFO]: Found a missing id from the world machpcraft2:blast_furnace
[10:24:09] [Server thread/INFO]: Found a missing id from the world tanaddons:heater
[10:24:09] [Server thread/INFO]: Found a missing id from the world exnihiloomnia:ore_gravel_ender
[10:24:09] [Server thread/INFO]: Found a missing id from the world exnihiloomnia:dust
[10:24:09] [Server thread/INFO]: Found a missing id from the world machpcraft2:machinery.lunar_panel
[10:24:09] [Server thread/INFO]: Found a missing id from the world machpcraft2:uranium_ore
[10:24:09] [Server thread/INFO]: Found a missing id from the world cyberware:engineeringTable
[10:24:09] [Server thread/INFO]: Found a missing id from the world tp:GraniteBrick
[10:24:09] [Server thread/INFO]: Found a missing id from the world chisel:testblock
[10:24:09] [Server thread/INFO]: Found a missing id from the world enderio:fluidGlowstone
[10:24:09] [Server thread/INFO]: Found a missing id from the world machpcraft2:topaz_ore
[10:24:09] [Server thread/INFO]: Found a missing id from the world supercraftingframe:super_item_frame
[10:24:09] [Server thread/INFO]: Found a missing id from the world exnihiloomnia:nickel
[10:24:09] [Server thread/INFO]: Found a missing id from the world flatcoloredblocks:flatcoloredblock_transparent0_0
[10:24:09] [Server thread/INFO]: Found a missing id from the world flatcoloredblocks:flatcoloredblock_transparent0_2
[10:24:09] [Server thread/INFO]: Found a missing id from the world flatcoloredblocks:flatcoloredblock_transparent0_1
[10:24:09] [Server thread/INFO]: Found a missing id from the world flatcoloredblocks:flatcoloredblock_transparent0_4
[10:24:09] [Server thread/INFO]: Found a missing id from the world flatcoloredblocks:flatcoloredblock_transparent0_3
[10:24:09] [Server thread/INFO]: Found a missing id from the world exnihiloomnia:sieve_wood
[10:24:09] [Server thread/INFO]: Found a missing id from the world flatcoloredblocks:flatcoloredblock_transparent0_6
[10:24:09] [Server thread/INFO]: Found a missing id from the world flatcoloredblocks:flatcoloredblock_transparent0_5
[10:24:09] [Server thread/INFO]: Found a missing id from the world flatcoloredblocks:flatcoloredblock_transparent0_8
[10:24:09] [Server thread/INFO]: Found a missing id from the world flatcoloredblocks:flatcoloredblock_transparent0_7
[10:24:09] [Server thread/INFO]: Found a missing id from the world flatcoloredblocks:flatcoloredblock_transparent0_9
[10:24:09] [Server thread/INFO]: Found a missing id from the world exnihiloomnia:end_cake
[10:24:09] [Server thread/INFO]: Found a missing id from the world machpcraft2:machinery.electric_furnace
[10:24:09] [Server thread/INFO]: Found a missing id from the world exnihiloomnia:barrel_glass
[10:24:09] [Server thread/INFO]: Found a missing id from the world flatcoloredblocks:flatcoloredblock_glowing0_80
[10:24:09] [Server thread/INFO]: Found a missing id from the world supercraftingframe:super_incineration_frame
[10:24:09] [Server thread/INFO]: Found a missing id from the world flatcoloredblocks:flatcoloredblock_glowing0_66
[10:24:09] [Server thread/INFO]: Found a missing id from the world flatcoloredblocks:flatcoloredblock_glowing0_67
[10:24:09] [Server thread/INFO]: Found a missing id from the world flatcoloredblocks:flatcoloredblock_glowing0_64
[10:24:09] [Server thread/INFO]: Found a missing id from the world flatcoloredblocks:flatcoloredblock_glowing0_65
[10:24:09] [Server thread/INFO]: Found a missing id from the world flatcoloredblocks:flatcoloredblock_glowing0_68
[10:24:09] [Server thread/INFO]: Found a missing id from the world flatcoloredblocks:flatcoloredblock_glowing0_69
[10:24:09] [Server thread/INFO]: Found a missing id from the world flatcoloredblocks:flatcoloredblock_glowing0_62
[10:24:09] [Server thread/INFO]: Found a missing id from the world flatcoloredblocks:flatcoloredblock_glowing0_63
[10:24:09] [Server thread/INFO]: Found a missing id from the world flatcoloredblocks:flatcoloredblock_glowing0_60
[10:24:09] [Server thread/INFO]: Found a missing id from the world flatcoloredblocks:flatcoloredblock_glowing0_61
[10:24:09] [Server thread/INFO]: Found a missing id from the world flatcoloredblocks:flatcoloredblock_glowing0_77
[10:24:09] [Server thread/INFO]: Found a missing id from the world flatcoloredblocks:flatcoloredblock_glowing0_78
[10:24:09] [Server thread/INFO]: Found a missing id from the world flatcoloredblocks:flatcoloredblock_glowing0_75
[10:24:09] [Server thread/INFO]: Found a missing id from the world flatcoloredblocks:flatcoloredblock_glowing0_76
[10:24:09] [Server thread/INFO]: Found a missing id from the world flatcoloredblocks:flatcoloredblock_glowing0_79
[10:24:09] [Server thread/INFO]: Found a missing id from the world flatcoloredblocks:flatcoloredblock_glowing0_70
[10:24:09] [Server thread/INFO]: Found a missing id from the world flatcoloredblocks:flatcoloredblock_glowing0_73
[10:24:09] [Server thread/INFO]: Found a missing id from the world flatcoloredblocks:flatcoloredblock_glowing0_74
[10:24:09] [Server thread/INFO]: Found a missing id from the world flatcoloredblocks:flatcoloredblock_glowing0_71
[10:24:09] [Server thread/INFO]: Found a missing id from the world flatcoloredblocks:flatcoloredblock_glowing0_72
[10:24:09] [Server thread/INFO]: Found a missing id from the world machpcraft2:base_wire
[10:24:09] [Server thread/INFO]: Found a missing id from the world exnihiloomnia:infested_leaves
[10:24:09] [Server thread/INFO]: Found a missing id from the world supercraftingframe:super_xp_frame
[10:24:09] [Server thread/INFO]: Found a missing id from the world machpcraft2:amethyst_ore
[10:24:09] [Server thread/INFO]: Found a missing id from the world exnihiloomnia:iron
[10:24:09] [Server thread/INFO]: Found a missing id from the world machpcraft2:sapphire_ore
[10:24:09] [Server thread/INFO]: Found a missing id from the world exnihiloomnia:barrel_glass_colored
[10:24:09] [Server thread/INFO]: Found a missing id from the world exnihiloomnia:ore_dust
[10:24:09] [Server thread/INFO]: Found a missing id from the world machpcraft2:machinery.grinder
[10:24:09] [Server thread/INFO]: Found a missing id from the world enderio:fluidRedstone
[10:24:09] [Server thread/INFO]: Found a missing id from the world flatcoloredblocks:flatcoloredblock_transparent0_68
[10:24:09] [Server thread/INFO]: Found a missing id from the world flatcoloredblocks:flatcoloredblock_transparent0_67
[10:24:09] [Server thread/INFO]: Found a missing id from the world flatcoloredblocks:flatcoloredblock_transparent0_69
[10:24:09] [Server thread/INFO]: Found a missing id from the world flatcoloredblocks:flatcoloredblock_transparent0_60
[10:24:09] [Server thread/INFO]: Found a missing id from the world flatcoloredblocks:flatcoloredblock_transparent0_62
[10:24:09] [Server thread/INFO]: Found a missing id from the world flatcoloredblocks:flatcoloredblock_transparent0_61
[10:24:09] [Server thread/INFO]: Found a missing id from the world flatcoloredblocks:flatcoloredblock_transparent0_64
[10:24:09] [Server thread/INFO]: Found a missing id from the world flatcoloredblocks:flatcoloredblock_transparent0_63
[10:24:09] [Server thread/INFO]: Found a missing id from the world flatcoloredblocks:flatcoloredblock_transparent0_66
[10:24:09] [Server thread/INFO]: Found a missing id from the world flatcoloredblocks:flatcoloredblock_transparent0_65
[10:24:09] [Server thread/INFO]: Found a missing id from the world flatcoloredblocks:flatcoloredblock_transparent0_57
[10:24:09] [Server thread/INFO]: Found a missing id from the world flatcoloredblocks:flatcoloredblock_transparent0_56
[10:24:09] [Server thread/INFO]: Found a missing id from the world flatcoloredblocks:flatcoloredblock_transparent0_59
[10:24:09] [Server thread/INFO]: Found a missing id from the world flatcoloredblocks:flatcoloredblock_transparent0_58
[10:24:09] [Server thread/INFO]: Found a missing id from the world flatcoloredblocks:flatcoloredblock_transparent0_51
[10:24:09] [Server thread/INFO]: Found a missing id from the world flatcoloredblocks:flatcoloredblock_transparent0_50
[10:24:09] [Server thread/INFO]: Found a missing id from the world flatcoloredblocks:flatcoloredblock_transparent0_53
[10:24:09] [Server thread/INFO]: Found a missing id from the world flatcoloredblocks:flatcoloredblock_transparent0_52
[10:24:09] [Server thread/INFO]: Found a missing id from the world flatcoloredblocks:flatcoloredblock_transparent0_55
[10:24:09] [Server thread/INFO]: Found a missing id from the world flatcoloredblocks:flatcoloredblock_transparent0_54
[10:24:09] [Server thread/INFO]: Found a missing id from the world monsteranddungeons:BlockEntityStatue
[10:24:09] [Server thread/INFO]: Found a missing id from the world flatcoloredblocks:flatcoloredblock_transparent0_80
[10:24:09] [Server thread/INFO]: Found a missing id from the world flatcoloredblocks:flatcoloredblock_transparent0_79
[10:24:09] [Server thread/INFO]: Found a missing id from the world flatcoloredblocks:flatcoloredblock_transparent0_78
[10:24:09] [Server thread/INFO]: Found a missing id from the world flatcoloredblocks:flatcoloredblock_transparent0_71
[10:24:09] [Server thread/INFO]: Found a missing id from the world flatcoloredblocks:flatcoloredblock_transparent0_70
[10:24:09] [Server thread/INFO]: Found a missing id from the world flatcoloredblocks:flatcoloredblock_transparent0_73
[10:24:09] [Server thread/INFO]: Found a missing id from the world flatcoloredblocks:flatcoloredblock_transparent0_72
[10:24:09] [Server thread/INFO]: Found a missing id from the world flatcoloredblocks:flatcoloredblock_transparent0_75
[10:24:09] [Server thread/INFO]: Found a missing id from the world flatcoloredblocks:flatcoloredblock_transparent0_74
[10:24:09] [Server thread/INFO]: Found a missing id from the world flatcoloredblocks:flatcoloredblock_transparent0_77
[10:24:09] [Server thread/INFO]: Found a missing id from the world flatcoloredblocks:flatcoloredblock_transparent0_76
[10:24:09] [Server thread/INFO]: Found a missing id from the world exnihiloomnia:platinum
[10:24:09] [Server thread/INFO]: Found a missing id from the world monsteranddungeons:Stone Pagoda
[10:24:09] [Server thread/INFO]: Found a missing id from the world exnihiloomnia:crucible_raw
[10:24:09] [Server thread/INFO]: Found a missing id from the world flatcoloredblocks:flatcoloredblock_transparent0_24
[10:24:09] [Server thread/INFO]: Found a missing id from the world flatcoloredblocks:flatcoloredblock_transparent0_23
[10:24:09] [Server thread/INFO]: Found a missing id from the world flatcoloredblocks:flatcoloredblock_transparent0_26
[10:24:09] [Server thread/INFO]: Found a missing id from the world flatcoloredblocks:flatcoloredblock_transparent0_25
[10:24:09] [Server thread/INFO]: Found a missing id from the world flatcoloredblocks:flatcoloredblock_transparent0_28
[10:24:09] [Server thread/INFO]: Found a missing id from the world flatcoloredblocks:flatcoloredblock_transparent0_27
[10:24:09] [Server thread/INFO]: Found a missing id from the world flatcoloredblocks:flatcoloredblock_transparent0_29
[10:24:09] [Server thread/INFO]: Found a missing id from the world flatcoloredblocks:flatcoloredblock_transparent0_20
[10:24:09] [Server thread/INFO]: Found a missing id from the world flatcoloredblocks:flatcoloredblock_transparent0_22
[10:24:09] [Server thread/INFO]: Found a missing id from the world flatcoloredblocks:flatcoloredblock_transparent0_21
[10:24:09] [Server thread/INFO]: Found a missing id from the world flatcoloredblocks:flatcoloredblock_transparent0_13
[10:24:09] [Server thread/INFO]: Found a missing id from the world flatcoloredblocks:flatcoloredblock_transparent0_12
[10:24:09] [Server thread/INFO]: Found a missing id from the world flatcoloredblocks:flatcoloredblock_transparent0_15
[10:24:09] [Server thread/INFO]: Found a missing id from the world flatcoloredblocks:flatcoloredblock_transparent0_14
[10:24:09] [Server thread/INFO]: Found a missing id from the world flatcoloredblocks:flatcoloredblock_transparent0_17
[10:24:09] [Server thread/INFO]: Found a missing id from the world flatcoloredblocks:flatcoloredblock_transparent0_16
[10:24:09] [Server thread/INFO]: Found a missing id from the world flatcoloredblocks:flatcoloredblock_transparent0_19
[10:24:09] [Server thread/INFO]: Found a missing id from the world flatcoloredblocks:flatcoloredblock_transparent0_18
[10:24:09] [Server thread/INFO]: Found a missing id from the world flatcoloredblocks:flatcoloredblock_transparent0_11
[10:24:09] [Server thread/INFO]: Found a missing id from the world flatcoloredblocks:flatcoloredblock_transparent0_10
[10:24:09] [Server thread/INFO]: Found a missing id from the world exnihiloomnia:uranium
[10:24:09] [Server thread/INFO]: Found a missing id from the world flatcoloredblocks:flatcoloredblock_transparent0_46
[10:24:09] [Server thread/INFO]: Found a missing id from the world flatcoloredblocks:flatcoloredblock_transparent0_45
[10:24:09] [Server thread/INFO]: Found a missing id from the world flatcoloredblocks:flatcoloredblock_transparent0_48
[10:24:09] [Server thread/INFO]: Found a missing id from the world flatcoloredblocks:flatcoloredblock_transparent0_47
[10:24:09] [Server thread/INFO]: Found a missing id from the world flatcoloredblocks:flatcoloredblock_transparent0_49
[10:24:09] [Server thread/INFO]: Found a missing id from the world flatcoloredblocks:flatcoloredblock_transparent0_40
[10:24:09] [Server thread/INFO]: Found a missing id from the world flatcoloredblocks:flatcoloredblock_transparent0_42
[10:24:09] [Server thread/INFO]: Found a missing id from the world flatcoloredblocks:flatcoloredblock_transparent0_41
[10:24:09] [Server thread/INFO]: Found a missing id from the world flatcoloredblocks:flatcoloredblock_transparent0_44
[10:24:09] [Server thread/INFO]: Found a missing id from the world flatcoloredblocks:flatcoloredblock_transparent0_43
[10:24:09] [Server thread/INFO]: Found a missing id from the world flatcoloredblocks:flatcoloredblock_transparent0_35
[10:24:09] [Server thread/INFO]: Found a missing id from the world flatcoloredblocks:flatcoloredblock_transparent0_34
[10:24:09] [Server thread/INFO]: Found a missing id from the world flatcoloredblocks:flatcoloredblock_transparent0_37
[10:24:09] [Server thread/INFO]: Found a missing id from the world flatcoloredblocks:flatcoloredblock_transparent0_36
[10:24:09] [Server thread/INFO]: Found a missing id from the world flatcoloredblocks:flatcoloredblock_transparent0_39
[10:24:09] [Server thread/INFO]: Found a missing id from the world flatcoloredblocks:flatcoloredblock_transparent0_38
[10:24:09] [Server thread/INFO]: Found a missing id from the world flatcoloredblocks:flatcoloredblock_transparent0_31
[10:24:09] [Server thread/INFO]: Found a missing id from the world flatcoloredblocks:flatcoloredblock_transparent0_30
[10:24:09] [Server thread/INFO]: Found a missing id from the world flatcoloredblocks:flatcoloredblock_transparent0_33
[10:24:09] [Server thread/INFO]: Found a missing id from the world flatcoloredblocks:flatcoloredblock_transparent0_32
[10:24:09] [Server thread/INFO]: Found a missing id from the world flatcoloredblocks:flatcoloredblock_glowing0_39
[10:24:09] [Server thread/INFO]: Found a missing id from the world flatcoloredblocks:flatcoloredblock_glowing0_44
[10:24:09] [Server thread/INFO]: Found a missing id from the world flatcoloredblocks:flatcoloredblock_glowing0_45
[10:24:09] [Server thread/INFO]: Found a missing id from the world flatcoloredblocks:flatcoloredblock_glowing0_42
[10:24:09] [Server thread/INFO]: Found a missing id from the world flatcoloredblocks:flatcoloredblock_glowing0_43
[10:24:09] [Server thread/INFO]: Found a missing id from the world flatcoloredblocks:flatcoloredblock_glowing0_48
[10:24:09] [Server thread/INFO]: Found a missing id from the world flatcoloredblocks:flatcoloredblock_glowing0_49
[10:24:09] [Server thread/INFO]: Found a missing id from the world flatcoloredblocks:flatcoloredblock_glowing0_46
[10:24:09] [Server thread/INFO]: Found a missing id from the world flatcoloredblocks:flatcoloredblock_glowing0_47
[10:24:09] [Server thread/INFO]: Found a missing id from the world flatcoloredblocks:flatcoloredblock_glowing0_40
[10:24:09] [Server thread/INFO]: Found a missing id from the world flatcoloredblocks:flatcoloredblock_glowing0_41
[10:24:09] [Server thread/INFO]: Found a missing id from the world flatcoloredblocks:flatcoloredblock_glowing0_55
[10:24:09] [Server thread/INFO]: Found a missing id from the world flatcoloredblocks:flatcoloredblock_glowing0_56
[10:24:09] [Server thread/INFO]: Found a missing id from the world flatcoloredblocks:flatcoloredblock_glowing0_53
[10:24:09] [Server thread/INFO]: Found a missing id from the world supercraftingframe:super_crafting_frame
[10:24:09] [Server thread/INFO]: Found a missing id from the world flatcoloredblocks:flatcoloredblock_glowing0_54
[10:24:09] [Server thread/INFO]: Found a missing id from the world flatcoloredblocks:flatcoloredblock_glowing0_59
[10:24:09] [Server thread/INFO]: Found a missing id from the world flatcoloredblocks:flatcoloredblock_glowing0_57
[10:24:09] [Server thread/INFO]: Found a missing id from the world flatcoloredblocks:flatcoloredblock_glowing0_58
[10:24:09] [Server thread/INFO]: Found a missing id from the world flatcoloredblocks:flatcoloredblock_glowing0_51
[10:24:09] [Server thread/INFO]: Found a missing id from the world flatcoloredblocks:flatcoloredblock_glowing0_52
[10:24:09] [Server thread/INFO]: Found a missing id from the world flatcoloredblocks:flatcoloredblock_glowing0_50
[10:24:09] [Server thread/INFO]: Found a missing id from the world flatcoloredblocks:flatcoloredblock_glowing0_19
[10:24:09] [Server thread/INFO]: Found a missing id from the world flatcoloredblocks:flatcoloredblock_glowing0_17
[10:24:09] [Server thread/INFO]: Found a missing id from the world flatcoloredblocks:flatcoloredblock_glowing0_18
[10:24:09] [Server thread/INFO]: Found a missing id from the world flatcoloredblocks:flatcoloredblock_glowing0_22
[10:24:09] [Server thread/INFO]: Found a missing id from the world flatcoloredblocks:flatcoloredblock_glowing0_23
[10:24:09] [Server thread/INFO]: Found a missing id from the world flatcoloredblocks:flatcoloredblock_glowing0_20
[10:24:09] [Server thread/INFO]: Found a missing id from the world flatcoloredblocks:flatcoloredblock_glowing0_21
[10:24:09] [Server thread/INFO]: Found a missing id from the world flatcoloredblocks:flatcoloredblock_glowing0_26
[10:24:09] [Server thread/INFO]: Found a missing id from the world flatcoloredblocks:flatcoloredblock_glowing0_27
[10:24:09] [Server thread/INFO]: Found a missing id from the world flatcoloredblocks:flatcoloredblock_glowing0_24
[10:24:09] [Server thread/INFO]: Found a missing id from the world flatcoloredblocks:flatcoloredblock_glowing0_25
[10:24:09] [Server thread/INFO]: Found a missing id from the world machpcraft2:machinery.compressor
[10:24:09] [Server thread/INFO]: Found a missing id from the world flatcoloredblocks:flatcoloredblock_glowing0_28
[10:24:09] [Server thread/INFO]: Found a missing id from the world flatcoloredblocks:flatcoloredblock_glowing0_29
[10:24:09] [Server thread/INFO]: Found a missing id from the world flatcoloredblocks:flatcoloredblock_glowing0_33
[10:24:09] [Server thread/INFO]: Found a missing id from the world flatcoloredblocks:flatcoloredblock_glowing0_34
[10:24:09] [Server thread/INFO]: Found a missing id from the world flatcoloredblocks:flatcoloredblock_glowing0_31
[10:24:09] [Server thread/INFO]: Found a missing id from the world flatcoloredblocks:flatcoloredblock_glowing0_32
[10:24:09] [Server thread/INFO]: Found a missing id from the world flatcoloredblocks:flatcoloredblock_glowing0_37
[10:24:09] [Server thread/INFO]: Found a missing id from the world flatcoloredblocks:flatcoloredblock_glowing0_38
[10:24:09] [Server thread/INFO]: Found a missing id from the world flatcoloredblocks:flatcoloredblock_glowing0_35
[10:24:09] [Server thread/INFO]: Found a missing id from the world flatcoloredblocks:flatcoloredblock_glowing0_36
[10:24:09] [Server thread/INFO]: Found a missing id from the world flatcoloredblocks:flatcoloredblock_glowing0_30
[10:24:09] [Server thread/INFO]: Found a missing id from the world tp:ReinforcedGlass
[10:24:09] [Server thread/INFO]: Found a missing id from the world flatcoloredblocks:flatcoloredblock_glowing0_11
[10:24:09] [Server thread/INFO]: Found a missing id from the world flatcoloredblocks:flatcoloredblock_glowing0_12
[10:24:09] [Server thread/INFO]: Found a missing id from the world flatcoloredblocks:flatcoloredblock_glowing0_10
[10:24:09] [Server thread/INFO]: Found a missing id from the world flatcoloredblocks:flatcoloredblock_glowing0_15
[10:24:09] [Server thread/INFO]: Found a missing id from the world flatcoloredblocks:flatcoloredblock_glowing0_16
[10:24:09] [Server thread/INFO]: Found a missing id from the world flatcoloredblocks:flatcoloredblock_glowing0_13
[10:24:09] [Server thread/INFO]: Found a missing id from the world flatcoloredblocks:flatcoloredblock_glowing0_14
[10:24:09] [Server thread/INFO]: Found a missing id from the world autopackager:packagerBlock
[10:24:09] [Server thread/INFO]: Found a missing id from the world flatcoloredblocks:flatcoloredblock17
[10:24:09] [Server thread/INFO]: Found a missing id from the world flatcoloredblocks:flatcoloredblock16
[10:24:09] [Server thread/INFO]: Found a missing id from the world flatcoloredblocks:flatcoloredblock15
[10:24:09] [Server thread/INFO]: Found a missing id from the world flatcoloredblocks:flatcoloredblock14
[10:24:09] [Server thread/INFO]: Found a missing id from the world tanaddons:ac
[10:24:09] [Server thread/INFO]: Found a missing id from the world flatcoloredblocks:flatcoloredblock19
[10:24:09] [Server thread/INFO]: Found a missing id from the world flatcoloredblocks:flatcoloredblock18
[10:24:09] [Server thread/INFO]: Found a missing id from the world flatcoloredblocks:flatcoloredblock13
[10:24:09] [Server thread/INFO]: Found a missing id from the world flatcoloredblocks:flatcoloredblock12
[10:24:09] [Server thread/INFO]: Found a missing id from the world flatcoloredblocks:flatcoloredblock11
[10:24:09] [Server thread/INFO]: Found a missing id from the world flatcoloredblocks:flatcoloredblock10
[10:24:09] [Server thread/INFO]: Found a missing id from the world exnihiloomnia:ardite
[10:24:09] [Server thread/INFO]: Found a missing id from the world flatcoloredblocks:flatcoloredblock28
[10:24:09] [Server thread/INFO]: Found a missing id from the world flatcoloredblocks:flatcoloredblock27
[10:24:09] [Server thread/INFO]: Found a missing id from the world flatcoloredblocks:flatcoloredblock26
[10:24:09] [Server thread/INFO]: Found a missing id from the world flatcoloredblocks:flatcoloredblock25
[10:24:09] [Server thread/INFO]: Found a missing id from the world flatcoloredblocks:flatcoloredblock29
[10:24:09] [Server thread/INFO]: Found a missing id from the world flatcoloredblocks:flatcoloredblock20
[10:24:09] [Server thread/INFO]: Found a missing id from the world flatcoloredblocks:flatcoloredblock24
[10:24:09] [Server thread/INFO]: Found a missing id from the world flatcoloredblocks:flatcoloredblock23
[10:24:09] [Server thread/INFO]: Found a missing id from the world flatcoloredblocks:flatcoloredblock22
[10:24:09] [Server thread/INFO]: Found a missing id from the world flatcoloredblocks:flatcoloredblock21
[10:24:09] [Server thread/INFO]: Found a missing id from the world flatcoloredblocks:flatcoloredblock39
[10:24:09] [Server thread/INFO]: Found a missing id from the world flatcoloredblocks:flatcoloredblock38
[10:24:09] [Server thread/INFO]: Found a missing id from the world flatcoloredblocks:flatcoloredblock37
[10:24:09] [Server thread/INFO]: Found a missing id from the world flatcoloredblocks:flatcoloredblock36
[10:24:09] [Server thread/INFO]: Found a missing id from the world flatcoloredblocks:flatcoloredblock31
[10:24:09] [Server thread/INFO]: Found a missing id from the world flatcoloredblocks:flatcoloredblock30
[10:24:09] [Server thread/INFO]: Found a missing id from the world flatcoloredblocks:flatcoloredblock35
[10:24:09] [Server thread/INFO]: Found a missing id from the world flatcoloredblocks:flatcoloredblock34
[10:24:09] [Server thread/INFO]: Found a missing id from the world flatcoloredblocks:flatcoloredblock33
[10:24:09] [Server thread/INFO]: Found a missing id from the world flatcoloredblocks:flatcoloredblock32
[10:24:09] [Server thread/INFO]: Found a missing id from the world flatcoloredblocks:flatcoloredblock49
[10:24:09] [Server thread/INFO]: Found a missing id from the world flatcoloredblocks:flatcoloredblock48
[10:24:09] [Server thread/INFO]: Found a missing id from the world flatcoloredblocks:flatcoloredblock47
[10:24:09] [Server thread/INFO]: Found a missing id from the world flatcoloredblocks:flatcoloredblock42
[10:24:09] [Server thread/INFO]: Found a missing id from the world flatcoloredblocks:flatcoloredblock41
[10:24:09] [Server thread/INFO]: Found a missing id from the world monsteranddungeons:BlockExit
[10:24:09] [Server thread/INFO]: Found a missing id from the world flatcoloredblocks:flatcoloredblock40
[10:24:09] [Server thread/INFO]: Found a missing id from the world flatcoloredblocks:flatcoloredblock46
[10:24:09] [Server thread/INFO]: Found a missing id from the world flatcoloredblocks:flatcoloredblock45
[10:24:09] [Server thread/INFO]: Found a missing id from the world flatcoloredblocks:flatcoloredblock44
[10:24:09] [Server thread/INFO]: Found a missing id from the world flatcoloredblocks:flatcoloredblock43
[10:24:09] [Server thread/INFO]: Found a missing id from the world flatcoloredblocks:flatcoloredblock59
[10:24:09] [Server thread/INFO]: Found a missing id from the world flatcoloredblocks:flatcoloredblock58
[10:24:09] [Server thread/INFO]: Found a missing id from the world flatcoloredblocks:flatcoloredblock53
[10:24:09] [Server thread/INFO]: Found a missing id from the world flatcoloredblocks:flatcoloredblock52
[10:24:09] [Server thread/INFO]: Found a missing id from the world flatcoloredblocks:flatcoloredblock51
[10:24:09] [Server thread/INFO]: Found a missing id from the world flatcoloredblocks:flatcoloredblock50
[10:24:09] [Server thread/INFO]: Found a missing id from the world flatcoloredblocks:flatcoloredblock57
[10:24:09] [Server thread/INFO]: Found a missing id from the world flatcoloredblocks:flatcoloredblock56
[10:24:09] [Server thread/INFO]: Found a missing id from the world flatcoloredblocks:flatcoloredblock55
[10:24:09] [Server thread/INFO]: Found a missing id from the world flatcoloredblocks:flatcoloredblock54
[10:24:09] [Server thread/INFO]: Found a missing id from the world flatcoloredblocks:flatcoloredblock69
[10:24:09] [Server thread/INFO]: Found a missing id from the world flatcoloredblocks:flatcoloredblock64
[10:24:09] [Server thread/INFO]: Found a missing id from the world flatcoloredblocks:flatcoloredblock63
[10:24:09] [Server thread/INFO]: Found a missing id from the world flatcoloredblocks:flatcoloredblock62
[10:24:09] [Server thread/INFO]: Found a missing id from the world flatcoloredblocks:flatcoloredblock61
[10:24:09] [Server thread/INFO]: Found a missing id from the world flatcoloredblocks:flatcoloredblock68
[10:24:09] [Server thread/INFO]: Found a missing id from the world flatcoloredblocks:flatcoloredblock67
[10:24:09] [Server thread/INFO]: Found a missing id from the world flatcoloredblocks:flatcoloredblock66
[10:24:09] [Server thread/INFO]: Found a missing id from the world flatcoloredblocks:flatcoloredblock65
[10:24:09] [Server thread/INFO]: Found a missing id from the world cyberware:componentBox
[10:24:09] [Server thread/INFO]: Found a missing id from the world flatcoloredblocks:flatcoloredblock60
[10:24:09] [Server thread/INFO]: Found a missing id from the world flatcoloredblocks:flatcoloredblock75
[10:24:09] [Server thread/INFO]: Found a missing id from the world flatcoloredblocks:flatcoloredblock74
[10:24:09] [Server thread/INFO]: Found a missing id from the world flatcoloredblocks:flatcoloredblock73
[10:24:09] [Server thread/INFO]: Found a missing id from the world flatcoloredblocks:flatcoloredblock72
[10:24:09] [Server thread/INFO]: Found a missing id from the world flatcoloredblocks:flatcoloredblock79
[10:24:09] [Server thread/INFO]: Found a missing id from the world flatcoloredblocks:flatcoloredblock78
[10:24:09] [Server thread/INFO]: Found a missing id from the world flatcoloredblocks:flatcoloredblock77
[10:24:09] [Server thread/INFO]: Found a missing id from the world flatcoloredblocks:flatcoloredblock76
[10:24:09] [Server thread/INFO]: Found a missing id from the world flatcoloredblocks:flatcoloredblock71
[10:24:09] [Server thread/INFO]: Found a missing id from the world flatcoloredblocks:flatcoloredblock70
[10:24:09] [Server thread/INFO]: Found a missing id from the world exnihiloomnia:cobalt
[10:24:09] [Server thread/INFO]: Found a missing id from the world tconstruct:molten_soulforged_steel
[10:24:09] [Server thread/INFO]: Found a missing id from the world flatcoloredblocks:flatcoloredblock80
[10:24:09] [Server thread/INFO]: Found a missing id from the world machpcraft2:bronze_machine_block
[10:24:09] [Server thread/INFO]: Found a missing id from the world tp:DioriteBrick
[10:24:09] [Server thread/INFO]: Found a missing id from the world machpcraft2:copper_ore
[10:24:09] [Server thread/INFO]: Found a missing id from the world supercraftingframe:super_breeding_frame
[10:24:09] [Server thread/INFO]: Found a missing id from the world machpcraft2:machinery.laser
[10:24:09] [Server thread/INFO]: Found a missing id from the world tp:BoneBlock
[10:24:09] [Server thread/INFO]: Found a missing id from the world cyberware:surgeryChamber
[10:24:09] [Server thread/INFO]: Found a missing id from the world tconstruct:molten_hellfire
[10:24:09] [Server thread/INFO]: Found a missing id from the world exnihiloomnia:bee_trap
[10:24:09] [Server thread/INFO]: Found a missing id from the world machpcraft2:machinery.solar_panel
[10:24:09] [Server thread/INFO]: Found a missing id from the world machpcraft2:machinery.computer
[10:24:09] [Server thread/INFO]: Found a missing id from the world exnihiloomnia:aluminum
[10:24:09] [Server thread/INFO]: Found a missing id from the world extrautils2:synergy
[10:24:09] [Server thread/INFO]: Found a missing id from the world machpcraft2:machinery.teleporter
[10:24:09] [Server thread/INFO]: Found a missing id from the world exnihiloomnia:yellorite
[10:24:09] [Server thread/INFO]: Found a missing id from the world cyberware:radioPost
[10:24:09] [Server thread/INFO]: Found a missing id from the world machpcraft2:zinc_ore
[10:24:09] [Server thread/INFO]: Found a missing id from the world flatcoloredblocks:flatcoloredblock1
[10:24:09] [Server thread/INFO]: Found a missing id from the world flatcoloredblocks:flatcoloredblock2
[10:24:09] [Server thread/INFO]: Found a missing id from the world flatcoloredblocks:flatcoloredblock0
[10:24:09] [Server thread/INFO]: Found a missing id from the world flatcoloredblocks:flatcoloredblock9
[10:24:09] [Server thread/INFO]: Found a missing id from the world flatcoloredblocks:flatcoloredblock7
[10:24:09] [Server thread/INFO]: Found a missing id from the world flatcoloredblocks:flatcoloredblock8
[10:24:09] [Server thread/INFO]: Found a missing id from the world flatcoloredblocks:flatcoloredblock5
[10:24:09] [Server thread/INFO]: Found a missing id from the world flatcoloredblocks:flatcoloredblock6
[10:24:09] [Server thread/INFO]: Found a missing id from the world flatcoloredblocks:flatcoloredblock3
[10:24:09] [Server thread/INFO]: Found a missing id from the world flatcoloredblocks:flatcoloredblock4
[10:24:09] [Server thread/INFO]: Found a missing id from the world tp:AndesiteBrick
[10:24:09] [Server thread/INFO]: Found a missing id from the world advancedrocketry:motor
[10:24:09] [Server thread/INFO]: Found a missing id from the world machpcraft2:lead_ore
[10:24:09] [Server thread/INFO]: Found a missing id from the world machpcraft2:machinery.fuel_generator
[10:24:10] [Server thread/INFO]: Applying holder lookups
[10:24:10] [Server thread/INFO]: Holder lookups applied
[10:24:10] [Server thread/INFO]: Loading dimension 0 (New World) (net.minecraft.server.integrated.IntegratedServer@50edd3d4)
[10:24:10] [Server thread/INFO]: Loading dimension -11325 (New World) (net.minecraft.server.integrated.IntegratedServer@50edd3d4)
[10:24:10] [Server thread/INFO]: Loaded 130 quests
[10:24:10] [Server thread/INFO]: Loaded 8 quest lines
[10:24:10] [Server thread/INFO]: Loaded 0 parties
[10:24:10] [Server thread/INFO]: Loaded 2 names
[10:24:10] [Server thread/INFO]: Successfully received WorldData for world -11325!
[10:24:10] [Server thread/INFO]: [atomicstryker.battletowers.common.WorldGenHandler:loadPosFile:357]: Battletower Positions reloaded. Lines 17, entries 4
[10:24:10] [Server thread/INFO]: [atomicstryker.battletowers.common.WorldGenHandler:loadPosFile:357]: Battletower Positions reloaded. Lines 17, entries 4
[10:24:11] [Server thread/INFO]: Loading dimension -343800852 (New World) (net.minecraft.server.integrated.IntegratedServer@50edd3d4)
[10:24:11] [Server thread/INFO]: Successfully received WorldData for world -343800852!
[10:24:11] [Server thread/INFO]: [atomicstryker.battletowers.common.WorldGenHandler:loadPosFile:357]: Battletower Positions reloaded. Lines 17, entries 4
[10:24:11] [Server thread/INFO]: [atomicstryker.battletowers.common.WorldGenHandler:loadPosFile:357]: Battletower Positions reloaded. Lines 17, entries 4
[10:24:11] [Server thread/INFO]: Loading dimension -9999 (New World) (net.minecraft.server.integrated.IntegratedServer@50edd3d4)
[10:24:11] [Server thread/INFO]: Successfully received WorldData for world -9999!
[10:24:11] [Server thread/INFO]: [atomicstryker.battletowers.common.WorldGenHandler:loadPosFile:357]: Battletower Positions reloaded. Lines 17, entries 4
[10:24:11] [Server thread/INFO]: [atomicstryker.battletowers.common.WorldGenHandler:loadPosFile:357]: Battletower Positions reloaded. Lines 17, entries 4
[10:24:11] [Server thread/INFO]: Loading dimension 144 (New World) (net.minecraft.server.integrated.IntegratedServer@50edd3d4)
[10:24:11] [Server thread/INFO]: Loading saved data for machine world
[10:24:11] [Server thread/INFO]:  > 0 spawn points
[10:24:11] [Server thread/INFO]:  > Next machine id: 0
[10:24:11] [Server thread/INFO]: Successfully received WorldData for world 144!
[10:24:11] [Server thread/INFO]: [atomicstryker.battletowers.common.WorldGenHandler:loadPosFile:357]: Battletower Positions reloaded. Lines 17, entries 4
[10:24:11] [Server thread/INFO]: [atomicstryker.battletowers.common.WorldGenHandler:loadPosFile:357]: Battletower Positions reloaded. Lines 17, entries 4
[10:24:11] [Server thread/INFO]: Loading dimension 1 (New World) (net.minecraft.server.integrated.IntegratedServer@50edd3d4)
[10:24:11] [Server thread/INFO]: No WorldData found for world 1, creating...
[10:24:11] [Server thread/INFO]: [atomicstryker.battletowers.common.WorldGenHandler:loadPosFile:357]: Battletower Positions reloaded. Lines 1, entries 4
[10:24:11] [Server thread/INFO]: [atomicstryker.battletowers.common.WorldGenHandler:loadPosFile:357]: Battletower Positions reloaded. Lines 1, entries 4
[10:24:11] [Server thread/INFO]: Loading dimension -1 (New World) (net.minecraft.server.integrated.IntegratedServer@50edd3d4)
[10:24:11] [Server thread/INFO]: No WorldData found for world -1, creating...
[10:24:11] [Server thread/INFO]: [atomicstryker.battletowers.common.WorldGenHandler:loadPosFile:357]: Battletower Positions reloaded. Lines 1, entries 4
[10:24:11] [Server thread/INFO]: [atomicstryker.battletowers.common.WorldGenHandler:loadPosFile:357]: Battletower Positions reloaded. Lines 1, entries 4
[10:24:11] [Server thread/INFO]: Loading dimension -2 (New World) (net.minecraft.server.integrated.IntegratedServer@50edd3d4)
[10:24:11] [Server thread/INFO]: Successfully received WorldData for world -2!
[10:24:11] [Server thread/INFO]: [atomicstryker.battletowers.common.WorldGenHandler:loadPosFile:357]: Battletower Positions reloaded. Lines 17, entries 4
[10:24:11] [Server thread/INFO]: [atomicstryker.battletowers.common.WorldGenHandler:loadPosFile:357]: Battletower Positions reloaded. Lines 17, entries 4
[10:24:11] [Server thread/INFO]: Successfully received WorldData for world 0!
[10:24:11] [Server thread/INFO]: [atomicstryker.battletowers.common.WorldGenHandler:loadPosFile:357]: Battletower Positions reloaded. Lines 17, entries 4
[10:24:11] [Server thread/INFO]: [atomicstryker.battletowers.common.WorldGenHandler:loadPosFile:357]: Battletower Positions reloaded. Lines 17, entries 4
[10:24:11] [Server thread/INFO]: Preparing start region for level 0
[10:24:11] [Server thread/INFO]: [pl.asie.foamfix.coremod.FoamFixTransformer:spliceClasses:133]: Spliced in METHOD: net.minecraft.world.chunk.BlockStateContainer.func_186018_a
[10:24:12] [Server thread/INFO]: Checking for asteroid config at D:\Legacy Launcher\Forever Stranded\.\config\advRocketry\asteroidConfig.xml
[10:24:12] [Server thread/INFO]: Checking for ore config at D:\Legacy Launcher\Forever Stranded\.\config\advRocketry\oreConfig.xml
[10:24:12] [Server thread/INFO]: Checking for config at D:\Legacy Launcher\Forever Stranded\saves\New World\advRocketry\planetDefs.xml
[10:24:12] [Server thread/INFO]: Advanced Planet Config file Found!  Loading from file.
[10:24:12] [Server thread/INFO]: [minetweaker.runtime.MTTweaker:load:111]: Loading scripts
[10:24:12] [Server thread/INFO]: [minetweaker.runtime.MTTweaker:load:158]: MineTweaker: Loading Added.zs
[10:24:12] [Server thread/INFO]: [minetweaker.runtime.MTTweaker:load:158]: MineTweaker: Loading BetterWithMods.zs
[10:24:12] [Server thread/INFO]: [minetweaker.runtime.MTTweaker:load:158]: MineTweaker: Loading Removed.zs
[10:24:12] [Server thread/INFO]: [minetweaker.runtime.MTTweaker:load:158]: MineTweaker: Loading oredict.zs
[10:24:12] [Server thread/INFO]: [minetweaker.runtime.MTTweaker:load:158]: MineTweaker: Loading intermod
[10:24:13] [Server thread/ERROR]: Tried to generate Heavy Sieve rewards from a null reward entry: minecraft:sand
[10:24:13] [Server thread/ERROR]: Tried to generate Heavy Sieve rewards from a null reward entry: minecraft:sand
[10:24:13] [Server thread/ERROR]: Tried to generate Heavy Sieve rewards from a null reward entry: minecraft:sand
[10:24:13] [Server thread/ERROR]: Tried to generate Heavy Sieve rewards from a null reward entry: minecraft:sand
[10:24:13] [Server thread/ERROR]: Tried to generate Heavy Sieve rewards from a null reward entry: exnihiloadscensio:blockEndstoneCrushed
[10:24:13] [Server thread/ERROR]: Tried to generate Heavy Sieve rewards from a null reward entry: exnihiloadscensio:blockEndstoneCrushed
[10:24:13] [Server thread/ERROR]: Tried to generate Heavy Sieve rewards from a null reward entry: exnihiloadscensio:blockEndstoneCrushed
[10:24:13] [Server thread/ERROR]: Tried to generate Heavy Sieve rewards from a null reward entry: minecraft:sand
[10:24:13] [Server thread/ERROR]: Tried to generate Heavy Sieve rewards from a null reward entry: minecraft:sand
[10:24:13] [Server thread/ERROR]: Tried to generate Heavy Sieve rewards from a null reward entry: minecraft:sand
[10:24:13] [Server thread/ERROR]: Tried to generate Heavy Sieve rewards from a null reward entry: minecraft:sand
[10:24:13] [Server thread/INFO]: Building item filter...
[10:24:14] [Server thread/INFO]: Built	item filter in 964 ms
[10:24:14] [Server thread/INFO]: Arc Recycling: Removed 0 old recipes
[10:24:14] [Thread-29/INFO]: Starting recipe profiler for Arc Recycling, using 8 Threads
[10:24:14] [Server thread/INFO]: global (FirstLoaded) Setting config file to version "5.5.2": journeymap.server.global.config
[10:24:14] [Server thread/INFO]: global (Valid) Creating config file: D:\Legacy Launcher\Forever Stranded\journeymap\server\5.5\journeymap.server.global.config
[10:24:14] [Server thread/INFO]: dim-11325 (Initialized) Setting config file to version "5.5.2": journeymap.server.dim-11325.config
[10:24:14] [Server thread/INFO]: dim-11325 (Valid) Creating config file: D:\Legacy Launcher\Forever Stranded\journeymap\server\5.5\journeymap.server.dim-11325.config
[10:24:14] [Server thread/INFO]: dim-343800852 (Initialized) Setting config file to version "5.5.2": journeymap.server.dim-343800852.config
[10:24:14] [Server thread/INFO]: dim-343800852 (Valid) Creating config file: D:\Legacy Launcher\Forever Stranded\journeymap\server\5.5\journeymap.server.dim-343800852.config
[10:24:14] [Server thread/INFO]: dim-9999 (Initialized) Setting config file to version "5.5.2": journeymap.server.dim-9999.config
[10:24:14] [Server thread/INFO]: dim-9999 (Valid) Creating config file: D:\Legacy Launcher\Forever Stranded\journeymap\server\5.5\journeymap.server.dim-9999.config
[10:24:14] [Server thread/INFO]: dim-1 (Initialized) Setting config file to version "5.5.2": journeymap.server.dim-1.config
[10:24:14] [Server thread/INFO]: dim-1 (Valid) Creating config file: D:\Legacy Launcher\Forever Stranded\journeymap\server\5.5\journeymap.server.dim-1.config
[10:24:14] [Server thread/INFO]: dim1 (Initialized) Setting config file to version "5.5.2": journeymap.server.dim1.config
[10:24:14] [Server thread/INFO]: dim1 (Valid) Creating config file: D:\Legacy Launcher\Forever Stranded\journeymap\server\5.5\journeymap.server.dim1.config
[10:24:14] [Server thread/INFO]: dim144 (Initialized) Setting config file to version "5.5.2": journeymap.server.dim144.config
[10:24:14] [Server thread/INFO]: dim144 (Valid) Creating config file: D:\Legacy Launcher\Forever Stranded\journeymap\server\5.5\journeymap.server.dim144.config
[10:24:14] [Server thread/INFO]: dim-2 (Initialized) Setting config file to version "5.5.2": journeymap.server.dim-2.config
[10:24:14] [Server thread/INFO]: dim-2 (Valid) Creating config file: D:\Legacy Launcher\Forever Stranded\journeymap\server\5.5\journeymap.server.dim-2.config
[10:24:14] [Server thread/INFO]: dim0 (Initialized) Setting config file to version "5.5.2": journeymap.server.dim0.config
[10:24:14] [Server thread/INFO]: dim0 (Valid) Creating config file: D:\Legacy Launcher\Forever Stranded\journeymap\server\5.5\journeymap.server.dim0.config
[10:24:14] [Server thread/INFO]: Starting ServerStart for modtweaker
[10:24:14] [Server thread/INFO]: LootTableManager: Load loot statistics from D:\Legacy Launcher\Forever Stranded\woot\loot.json
[10:24:14] [Aromabackup-Backup/OFF]: Message to players; Message: Starting Backup. The world may lag for a bit!
[10:24:14] [Server thread/INFO]: WorldData loading
[10:24:14] [Aromabackup-Backup/INFO]: [§1AromaBackup§r] Starting Backup. The world may lag for a bit!
[10:24:14] [Server thread/INFO]: WorldData retrieved
[10:24:14] [Server thread/INFO]: Loading D:\Legacy Launcher\Forever Stranded\saves\New World\PerfectSpawn.json
[10:24:15] [Server thread/INFO]: [CoroUtil.forge.CoroUtil:initTry:128]: CoroUtil being reinitialized
[10:24:15] [Server thread/INFO]: Retroactively adding ore to {dim: 0, chunkPos: [6, -84], chunksToGo: 68}
[10:24:15] [Server thread/INFO]: Changing view distance to 12, from 10
[10:24:16] [Server thread/INFO]: Retroactively adding ore to {dim: 0, chunkPos: [10, -64], chunksToGo: 48}
[10:24:16] [Netty Local Client IO #0/INFO]: Server protocol version 2
[10:24:16] [Netty Server IO #1/INFO]: Client protocol version 2
[10:24:16] [Netty Local Client IO #0/INFO]: [Netty Local Client IO #0] Client side modded connection established
[10:24:16] [Server thread/INFO]: [Server thread] Server side modded connection established
[10:24:16] [Netty Local Client IO #0/INFO]: [atomicstryker.battletowers.common.AS_BattleTowersCore:onClientConnected:100]: CLIENT registered ClientConnectedToServerEvent, sending packet to server
[10:24:16] [Server thread/INFO]: Jidz[local:E:60edf8c5] logged in with entity id 150 at (225.82500998807907, 70.06249, -1217.4942510190467)
[10:24:16] [Server thread/INFO]: Jidz joined the game
[10:24:16] [Aromabackup-Backup/INFO]: Suspending server Thread.
[10:24:17] [Server thread/INFO]: Sending server configs to client for com.enderio.core.common.config.ConfigHandler
[10:24:17] [Server thread/INFO]: Sending Player Data to player Jidz with UUID cf9f42fa-7da2-37b8-89a3-303f09f60f37.
[10:24:17] [Server thread/INFO]: Player EntityPlayerMP['Jidz'/150, l='New World', x=225.83, y=70.06, z=-1217.49] connected. Sending ping
[10:24:17] [Server thread/INFO]: Server Thread suspended.
[10:24:18] [Aromabackup-Backup/INFO]: ThreadedAnvilChunkStorage (New World): All chunks are saved
[10:24:18] [Aromabackup-Backup/INFO]: Creating new WorldData file for world -1!
[10:24:18] [Aromabackup-Backup/INFO]: ThreadedAnvilChunkStorage (DIM-1): All chunks are saved
[10:24:18] [Aromabackup-Backup/INFO]: Creating new WorldData file for world 1!
[10:24:18] [Aromabackup-Backup/INFO]: ThreadedAnvilChunkStorage (DIM1): All chunks are saved
[10:24:18] [Aromabackup-Backup/INFO]: ThreadedAnvilChunkStorage (DIM-11325): All chunks are saved
[10:24:18] [Aromabackup-Backup/INFO]: ThreadedAnvilChunkStorage (DIM-343800852): All chunks are saved
[10:24:18] [Aromabackup-Backup/INFO]: ThreadedAnvilChunkStorage (DIM-9999): All chunks are saved
[10:24:18] [Aromabackup-Backup/INFO]: ThreadedAnvilChunkStorage (DIM144): All chunks are saved
[10:24:18] [Aromabackup-Backup/INFO]: ThreadedAnvilChunkStorage (DIM-2): All chunks are saved
[10:24:18] [Aromabackup-Backup/INFO]: Releasing server Thread.
[10:24:18] [Server thread/INFO]: Server Thread released.
[10:24:18] [Thread-42/ERROR]: Failed to fetch update: http://maxhenkel.de/update/gravestone_1.10.2.txt
[10:24:18] [Server thread/INFO]: Saving and pausing game...
[10:24:18] [Server thread/INFO]: Saving chunks for level 'New World'/Overworld
[10:24:18] [Netty Local Client IO #0/INFO]: TAN configuration synchronized with the server
[10:24:18] [Netty Local Client IO #0/INFO]: TAN configuration synchronized with the server
[10:24:18] [Netty Local Client IO #0/INFO]: TAN configuration synchronized with the server
[10:24:18] [Netty Local Client IO #0/INFO]: TAN configuration synchronized with the server
[10:24:18] [Netty Local Client IO #0/INFO]: Received server authentication msg. Remote sync will be activated
[10:24:18] [Netty Local Client IO #0/INFO]: Received Perfect Spawn Settings from Server
[10:24:19] [Server thread/INFO]: Saving chunks for level 'New World'/Nether
[10:24:19] [Thread-29/INFO]: Finished recipe profiler for Arc Recycling, took 4777 milliseconds
[10:24:19] [Server thread/INFO]: Saving chunks for level 'New World'/The End
[10:24:19] [Server thread/INFO]: Saving chunks for level 'New World'/Deep Dark
[10:24:19] [Server thread/INFO]: Saving chunks for level 'New World'/Overworld
[10:24:19] [Server thread/INFO]: Saving chunks for level 'New World'/ExtraUtils2_Quarry_Dim
[10:24:19] [Server thread/INFO]: Saving chunks for level 'New World'/CompactMachines
[10:24:19] [Server thread/INFO]: Saving chunks for level 'New World'/planet
[10:24:19] [Server thread/WARN]: Can't keep up! Did the system time change, or is the server overloaded? Running 2786ms behind, skipping 55 tick(s)
[10:24:19] [Client thread/INFO]: [CoroUtil.forge.CoroUtil:dbg:152]: CoroUtil: resetting rotating particle renderer
[10:24:20] [Client thread/INFO]: Received server configuration
[10:24:20] [Client thread/INFO]: Receiving (new or changed) Player Data for player with UUID cf9f42fa-7da2-37b8-89a3-303f09f60f37.
[10:24:20] [Client thread/INFO]: [CHAT] [Cyclops Core] Update available: 0.10.9 [Download]
[10:24:20] [Client thread/INFO]: [CHAT] [Cyclops Core]§f Fix tile entity drops losing data
[10:24:20] [Client thread/INFO]: [CHAT] [CommonCapabilities] Update available: 1.3.4 [Download]
[10:24:20] [Client thread/INFO]: [CHAT] [CommonCapabilities]§f Fix Forestry crash
[10:24:20] [Server thread/INFO]: Retroactively adding ore to {dim: 0, chunkPos: [18, -69], chunksToGo: 28}
[10:24:21] [Client thread/INFO]: [CHAT] InvTweaks: Configuration loaded.
[10:24:21] [Server thread/INFO]: Retroactively adding ore to {dim: 0, chunkPos: [24, -78], chunksToGo: 8}
[10:24:21] [Client thread/INFO]: [CHAT] Version 2.2.0.59 of ChickenChunks is available
[10:24:21] [Client thread/INFO]: [CHAT] Version 2.4.1.103 of CodeChickenCore is available
[10:24:22] [Aromabackup-Backup/INFO]: Suspending server Thread.
[10:24:22] [Server thread/INFO]: Server Thread suspended.
[10:24:22] [Aromabackup-Backup/INFO]: Releasing server Thread.
[10:24:22] [Server thread/INFO]: Server Thread released.
[10:24:22] [Aromabackup-Backup/OFF]: Message to players; Message: World Backup done!
[10:24:22] [Aromabackup-Backup/INFO]: [§1AromaBackup§r] World Backup done!
[10:24:22] [Aromabackup-Backup/INFO]: Releasing server Thread.
[10:24:24] [Client thread/INFO]: [CHAT] [§1AromaBackup§r] World Backup done!
[10:24:24] [Client thread/WARN]: core (Initialized) Bad configField entry during updateFrom(): optionsManagerViewed=null
[10:24:24] [Client thread/WARN]: core (Initialized) Bad configField entry during updateFrom(): splashViewed=null
[10:24:24] [Client thread/INFO]: Loading journeymap.topo.config
[10:24:24] [Client thread/INFO]: Loaded 0 waypoints from D:\Legacy Launcher\Forever Stranded\journeymap\data\sp\New World\waypoints
[10:24:24] [Client thread/INFO]: Mapping started in D:\Legacy Launcher\Forever Stranded\journeymap\data\sp\New World\DIM0. Memory: 2048MB total, 281MB free 
[10:24:24] [Client thread/INFO]: [CHAT] §eJourneyMap:§f Press [§bJ§f]
[10:24:24] [Client thread/INFO]: JourneyMap: Press [J]
[10:24:25] [Server thread/INFO]: Saving and pausing game...
[10:24:25] [Server thread/INFO]: Saving chunks for level 'New World'/Overworld
[10:24:25] [Server thread/INFO]: Saving chunks for level 'New World'/Nether
[10:24:25] [Server thread/INFO]: Saving chunks for level 'New World'/The End
[10:24:25] [Server thread/INFO]: Saving chunks for level 'New World'/Deep Dark
[10:24:25] [Server thread/INFO]: Saving chunks for level 'New World'/Overworld
[10:24:25] [Server thread/INFO]: Saving chunks for level 'New World'/ExtraUtils2_Quarry_Dim
[10:24:25] [Server thread/INFO]: Saving chunks for level 'New World'/CompactMachines
[10:24:25] [Server thread/INFO]: Saving chunks for level 'New World'/planet
[10:24:27] [Client thread/INFO]: Using default channel type
[10:24:28] [Client thread/INFO]: Started on 57297
[10:24:28] [Client thread/INFO]: [CHAT] Local game hosted on port 57297
[10:24:40] [Server thread/INFO]: [Jidz: Game rule keepInventory has been updated to true]
[10:24:41] [Client thread/INFO]: [CHAT] Game rule keepInventory has been updated to true
[10:24:41] [Server thread/INFO]: Jidz has just earned the achievement [Taking Inventory]
[10:24:41] [Client thread/INFO]: [CHAT] Jidz has just earned the achievement [Taking Inventory]
[10:24:45] [Client thread/INFO]: [CHAT] The Update Check for Actually Additions failed! Check Logs for more Info!
[10:24:57] [Netty Local Client IO #0/INFO]: Reset configs to client values for com.enderio.core.common.config.ConfigHandler
[10:24:57] [Netty Local Client IO #0/INFO]: Loading configuration files
[10:24:57] [Client thread/INFO]: TAN configuration restored to local values
[10:24:57] [Server thread/INFO]: Jidz lost connection: TextComponent{text='Disconnected', siblings=[], style=Style{hasParent=false, color=null, bold=null, italic=null, underlined=null, obfuscated=null, clickEvent=null, hoverEvent=null, insertion=null}}
[10:24:57] [Server thread/INFO]: Jidz left the game
[10:24:57] [Client thread/INFO]: Mapping halted in D:\Legacy Launcher\Forever Stranded\journeymap\data\sp\New World\DIM0
[10:24:57] [Server thread/INFO]: Stopping singleplayer server as player logged out
[10:24:57] [Server thread/INFO]: Delaying server stop to finish Backup.
[10:24:57] [Server thread/INFO]: LootTableManager: Save loot statistics to D:\Legacy Launcher\Forever Stranded\woot\loot.json
[10:24:57] [Server thread/INFO]: Stopping server
[10:24:57] [Server thread/INFO]: Saving players
[10:24:57] [Server thread/INFO]: Saving worlds
[10:24:57] [Server thread/INFO]: Saving chunks for level 'New World'/Overworld
[10:24:57] [Server thread/INFO]: Saving chunks for level 'New World'/Nether
[10:24:57] [Server thread/INFO]: Saving chunks for level 'New World'/The End
[10:24:57] [Server thread/INFO]: Saving chunks for level 'New World'/Deep Dark
[10:24:57] [Server thread/INFO]: Saving chunks for level 'New World'/Overworld
[10:24:57] [Server thread/INFO]: Saving chunks for level 'New World'/ExtraUtils2_Quarry_Dim
[10:24:57] [Server thread/INFO]: Saving chunks for level 'New World'/CompactMachines
[10:24:57] [Server thread/INFO]: Saving chunks for level 'New World'/planet
[10:24:57] [Server thread/INFO]: Unloading WorldData for world 0!
[10:24:57] [Server thread/INFO]: Unloading WorldData for world -1!
[10:24:57] [Server thread/INFO]: Unloading WorldData for world 1!
[10:24:57] [Server thread/INFO]: Unloading WorldData for world -11325!
[10:24:57] [Server thread/INFO]: Unloading WorldData for world -343800852!
[10:24:57] [Server thread/INFO]: Unloading WorldData for world -9999!
[10:24:57] [Server thread/INFO]: Unloading WorldData for world 144!
[10:24:57] [Server thread/INFO]: Unloading WorldData for world -2!
[10:24:57] [Server thread/INFO]: Unloading dimension 0
[10:24:57] [Server thread/INFO]: Unloading dimension -1
[10:24:57] [Server thread/INFO]: Unloading dimension 1
[10:24:57] [Server thread/INFO]: Unloading dimension -11325
[10:24:57] [Server thread/INFO]: Unloading dimension -343800852
[10:24:57] [Server thread/INFO]: Unloading dimension -9999
[10:24:57] [Server thread/INFO]: Unloading dimension 144
[10:24:57] [Server thread/INFO]: Unloading dimension -2
[10:24:58] [Server thread/INFO]: Applying holder lookups
[10:24:58] [Server thread/INFO]: Holder lookups applied
